--------------------------------------------------------
--  파일이 생성됨 - 월요일-12월-23-2019   
--------------------------------------------------------
--------------------------------------------------------
--  DDL for Table TBL_CBT
--------------------------------------------------------

  CREATE TABLE "TBL_CBT" 
   (	"CB_NUM" NUMBER, 
	"CB_PCODE" VARCHAR2(5 BYTE), 
	"CB_PROB" NVARCHAR2(1000), 
	"CB_FIR" NVARCHAR2(1000), 
	"CB_SEC" NVARCHAR2(1000), 
	"CB_THI" NVARCHAR2(1000), 
	"CB_FOU" NVARCHAR2(1000), 
	"CB_ANS" NVARCHAR2(1000)
   ) ;
--------------------------------------------------------
--  DDL for Table TBL_DEPT
--------------------------------------------------------

  CREATE TABLE "TBL_DEPT" 
   (	"D_CODE" VARCHAR2(5 BYTE), 
	"D_NAME" NVARCHAR2(50), 
	"D_CEO" NVARCHAR2(50), 
	"D_TEL" VARCHAR2(20 BYTE), 
	"D_ADDR" NVARCHAR2(125)
   ) ;
--------------------------------------------------------
--  DDL for Table TBL_DETAIL
--------------------------------------------------------

  CREATE TABLE "TBL_DETAIL" 
   (	"D_SEQ" NUMBER, 
	"D_M_SEQ" NUMBER, 
	"D_SUBJECT" NVARCHAR2(1000), 
	"D_OK" VARCHAR2(1 BYTE) DEFAULT 'N'
   ) ;
--------------------------------------------------------
--  DDL for Table TBL_IOLIST
--------------------------------------------------------

  CREATE TABLE "TBL_IOLIST" 
   (	"IO_SEQ" NUMBER, 
	"IO_DATE" VARCHAR2(10 BYTE), 
	"IO_INOUT" NVARCHAR2(2), 
	"IO_QTY" NUMBER, 
	"IO_PRICE" NUMBER, 
	"IO_TOTAL" NUMBER, 
	"IO_PCODE" VARCHAR2(5 BYTE), 
	"IO_DCODE" VARCHAR2(5 BYTE)
   ) ;
--------------------------------------------------------
--  DDL for Table TBL_MASTER
--------------------------------------------------------

  CREATE TABLE "TBL_MASTER" 
   (	"M_SEQ" NUMBER, 
	"M_SUBJECT" NVARCHAR2(1000)
   ) ;
--------------------------------------------------------
--  DDL for Table TBL_PRODUCT
--------------------------------------------------------

  CREATE TABLE "TBL_PRODUCT" 
   (	"P_CODE" VARCHAR2(5 BYTE), 
	"P_NAME" NVARCHAR2(50), 
	"P_IPRICE" NUMBER, 
	"P_OPRICE" NUMBER, 
	"P_VAT" VARCHAR2(1 BYTE)
   ) ;
--------------------------------------------------------
--  DDL for Table TBL_SCORE
--------------------------------------------------------

  CREATE TABLE "TBL_SCORE" 
   (	"SC_SEQ" NUMBER, 
	"SC_NAME" NVARCHAR2(50), 
	"SC_SCORE" NUMBER(*,0), 
	"SC_SBCODE" VARCHAR2(5 BYTE), 
	"SC_STCODE" VARCHAR2(5 BYTE)
   ) ;
--------------------------------------------------------
--  DDL for Table TBL_STUDENT
--------------------------------------------------------

  CREATE TABLE "TBL_STUDENT" 
   (	"ST_CODE" VARCHAR2(5 BYTE), 
	"ST_NAME" NVARCHAR2(50), 
	"ST_TEL" NVARCHAR2(20), 
	"ST_ADDR" NVARCHAR2(125), 
	"ST_GRADE" NUMBER, 
	"ST_DCODE" VARCHAR2(5 BYTE)
   ) ;
--------------------------------------------------------
--  DDL for Table TBL_SUBJECT
--------------------------------------------------------

  CREATE TABLE "TBL_SUBJECT" 
   (	"SB_CODE" VARCHAR2(5 BYTE), 
	"SB_NAME" NVARCHAR2(50), 
	"SB_PRO" NVARCHAR2(50)
   ) ;
REM INSERTING into TBL_CBT
SET DEFINE OFF;
Insert into TBL_CBT (CB_NUM,CB_PCODE,CB_PROB,CB_FIR,CB_SEC,CB_THI,CB_FOU,CB_ANS) values (1,'P0001','다음 중 정보의 단위로 가장 작은 것은','Word','Bit','Byte','Record','Bit');
Insert into TBL_CBT (CB_NUM,CB_PCODE,CB_PROB,CB_FIR,CB_SEC,CB_THI,CB_FOU,CB_ANS) values (2,'P0002','SQL에서 VIEW를 삭제할 때 사용하는 명령은?','ERASE','KILL','DROP','DELETE','DROP');
Insert into TBL_CBT (CB_NUM,CB_PCODE,CB_PROB,CB_FIR,CB_SEC,CB_THI,CB_FOU,CB_ANS) values (3,'P0003','모든 응용프로그램이나 사용자들이 필요로 하는 데이터를 통합한 조직 전체의 데이터베이스 구조를 논리적으로 정의하는 스키마는?','개념스키마','외부스키마','내부스키마','처리스키마','개념스키마');
Insert into TBL_CBT (CB_NUM,CB_PCODE,CB_PROB,CB_FIR,CB_SEC,CB_THI,CB_FOU,CB_ANS) values (4,'P0004','병행제어의 목적으로 옳지 않은 것은?','시스템 활용도 최대화','사용자에 대한 응답시간 최소화','데이터베이스 공유 최소화','데이터베이스 일관성 유지','데이터베이스 공유 최소화');
Insert into TBL_CBT (CB_NUM,CB_PCODE,CB_PROB,CB_FIR,CB_SEC,CB_THI,CB_FOU,CB_ANS) values (5,'P0005','한 릴레이션의 기본 키를 구성하는 어떠한 속성 값도 널(Null) 값이나 중복 값을 가질 수 없음을 의미하는 것은?','개체 무결성 제약 조건','참조 무결성 제약 조건','도메인 무결정 제약 조건','키 무결성 제약 조건','개체 무결성 제약 조건');
Insert into TBL_CBT (CB_NUM,CB_PCODE,CB_PROB,CB_FIR,CB_SEC,CB_THI,CB_FOU,CB_ANS) values (6,'P0006','학적 테이블에서 전화번호가 Null값이 아닌 학생명을 모두 검색할 때, SQL 구분으로 옳은 것은?','SELECT 학생명 FROM 학적 WHERE 전화번호 DON''T NULL;','SELECT 학생명 FROM 학적 WHERE 전화번호 != NULL;','SELECT 학생명 FROM 학적 WHERE 전화번호 IS NOT NULL;','SELECT 학생명 FROM 학적 WHERE 전화번호 IS 0;','SELECT 학생명 FROM 학적 WHERE 전화번호 IS NOT NULL;');
Insert into TBL_CBT (CB_NUM,CB_PCODE,CB_PROB,CB_FIR,CB_SEC,CB_THI,CB_FOU,CB_ANS) values (7,'P0007','제2정규형에서 제3정규형이 되기 위한 조건은?','이행적 함수 종속 제거','부분적 함수 종속 제거','다치 종속 제거','결정자이면서 후보 키가 아닌 것 제거','이행적 함수 종속 제거');
Insert into TBL_CBT (CB_NUM,CB_PCODE,CB_PROB,CB_FIR,CB_SEC,CB_THI,CB_FOU,CB_ANS) values (8,'P0008','뷰에 대한 설명으로 옳지 않은 것은?','뷰는 삽입, 삭제, 갱신 연상에 제약사항이 따른다.','뷰는 데이터 접근 제어로 보안을 제공한다.','뷰는 물리적으로 구현되는 테이블이다.','뷰는 데이터의 논리적 독립성을 제공한다.','뷰는 물리적으로 구현되는 테이블이다.');
Insert into TBL_CBT (CB_NUM,CB_PCODE,CB_PROB,CB_FIR,CB_SEC,CB_THI,CB_FOU,CB_ANS) values (9,'P0009','데이터베이스 설계 단계 중 응답시간, 저장공간의 효율화, 트랜잭션 처리도와 가장 밀접한 관계가 있는 것은?','물리적 설계','논리적 설계','개념적 설계','요구조건 분석','물리적 설계');
Insert into TBL_CBT (CB_NUM,CB_PCODE,CB_PROB,CB_FIR,CB_SEC,CB_THI,CB_FOU,CB_ANS) values (10,'P0010','스택에서 A, B, C, D로 순서가 정해진 입력 자료를 Push→Push→Pop→Push→Pop→Push→Pop→Pop으로 연산 했을 때 출력은?','C, B, D, A','B, C, D, A','B, C, A, D','C, B, A, D','B, C, D, A');
Insert into TBL_CBT (CB_NUM,CB_PCODE,CB_PROB,CB_FIR,CB_SEC,CB_THI,CB_FOU,CB_ANS) values (11,'P0011','해싱함수 중 주어진 키를 여러 부분으로 나누고, 각 부분의 값을 더하거나 배타적 논리합(XOR : Exclusive OR) 연산을 통하여 나온 결과로 주소를 취하는 방법은?','중간 제곱 방법(Mid-square method)','제산 방법(Division method)','폴딩 방법(Folding method)','기수 변환법(Radix conversion method)','폴딩 방법(Folding method)');
Insert into TBL_CBT (CB_NUM,CB_PCODE,CB_PROB,CB_FIR,CB_SEC,CB_THI,CB_FOU,CB_ANS) values (12,'P0012','관계 데이터베이스에 있어서 관계 대수 연산이 아닌 것은?','디지전(division)','프로젝트(project)','조인(join)','포크(fork)','포크(fork)');
Insert into TBL_CBT (CB_NUM,CB_PCODE,CB_PROB,CB_FIR,CB_SEC,CB_THI,CB_FOU,CB_ANS) values (13,'P0013','비선형 자료 구조에 해당하는 것은?','큐(Queue)','그래프(Graph)','데크(Deque)','스택(Stack)','그래프(Graph)');
Insert into TBL_CBT (CB_NUM,CB_PCODE,CB_PROB,CB_FIR,CB_SEC,CB_THI,CB_FOU,CB_ANS) values (14,'P0014','해싱에서 동일한 홈 주소로 인하여 충돌이 일어난 레코드들의 집합을 의미하는 것은?','Overflow','Bucket','Synonym','Collision','Synonym');
Insert into TBL_CBT (CB_NUM,CB_PCODE,CB_PROB,CB_FIR,CB_SEC,CB_THI,CB_FOU,CB_ANS) values (15,'P0015','일련의 연산 집합으로 데이터베이스의 상태를 변환시키기 위하여 논리적 기능을 수행하는 하나의 작업 단위는?','도메인','트랜잭션','모듈','프로시저','트랜잭션');
Insert into TBL_CBT (CB_NUM,CB_PCODE,CB_PROB,CB_FIR,CB_SEC,CB_THI,CB_FOU,CB_ANS) values (16,'P0016','PE(processing element)라는 연산기를 사용하여 동기적 병렬 처리를 수행하는 것은?','Pipeline processor','Vector processor','Multi processor','VLSI processor','Vector processor');
Insert into TBL_CBT (CB_NUM,CB_PCODE,CB_PROB,CB_FIR,CB_SEC,CB_THI,CB_FOU,CB_ANS) values (17,'P0017','명령어가 오퍼레이션 코드(OP code) 6비트, 어드레스 필드 16비트로 되어 있다. 이 명령어를 쓰는 컴퓨터의 최대 메모리 용량은?','16K word','32K word','64K word','1M word','64K word');
Insert into TBL_CBT (CB_NUM,CB_PCODE,CB_PROB,CB_FIR,CB_SEC,CB_THI,CB_FOU,CB_ANS) values (18,'P0018','디코더(decoder)의 출력이 4개일 때 입력개수는?','1','2','8','16','2');
Insert into TBL_CBT (CB_NUM,CB_PCODE,CB_PROB,CB_FIR,CB_SEC,CB_THI,CB_FOU,CB_ANS) values (19,'P0019','기억장치에 기억된 정보를 액세스하기 위하여 주소를 사용하는 것이 아니라 기억된 정보의 일부분을 이용하여 원하는 정보를 찾는 것은?','Random Access Memory','Associative','Read Only Memory','Virtual Memory','Associative');
Insert into TBL_CBT (CB_NUM,CB_PCODE,CB_PROB,CB_FIR,CB_SEC,CB_THI,CB_FOU,CB_ANS) values (20,'P0020','Flynn의 컴퓨터 시스템 분류 제안 중에서 하나의 데이터 흐름이 다수의 프로세서들로 전달되며, 각 프로세서는 서로 다른 명령어를 실행하는 구조는?','단일 명령어, 단일 데이터 흐름','단일 명령어, 다중 데이터 흐름','다중 명령어, 단일 데이터 흐름','다중 명령어, 다중 데이터 흐름','다중 명령어, 단일 데이터 흐름');
Insert into TBL_CBT (CB_NUM,CB_PCODE,CB_PROB,CB_FIR,CB_SEC,CB_THI,CB_FOU,CB_ANS) values (43,'P0022','당신의 보물 1호는?','목도리','돈','집','프로그래밍','2');
REM INSERTING into TBL_DEPT
SET DEFINE OFF;
Insert into TBL_DEPT (D_CODE,D_NAME,D_CEO,D_TEL,D_ADDR) values ('D0001','신창냉동설비산업','황규정','010-9954-3345',null);
Insert into TBL_DEPT (D_CODE,D_NAME,D_CEO,D_TEL,D_ADDR) values ('D0002','한성냉열인슈로(주)','김광영','010-1573-3919',null);
Insert into TBL_DEPT (D_CODE,D_NAME,D_CEO,D_TEL,D_ADDR) values ('D0003','신세계종합주방','오동준','010-8767-4131',null);
Insert into TBL_DEPT (D_CODE,D_NAME,D_CEO,D_TEL,D_ADDR) values ('D0004','가나다냉동','김봉길','010-5744-6883',null);
Insert into TBL_DEPT (D_CODE,D_NAME,D_CEO,D_TEL,D_ADDR) values ('D0005','두리F&E','이준수','010-4918-3566',null);
Insert into TBL_DEPT (D_CODE,D_NAME,D_CEO,D_TEL,D_ADDR) values ('D0006','소리종합주방','홍성예','010-1297-1053',null);
Insert into TBL_DEPT (D_CODE,D_NAME,D_CEO,D_TEL,D_ADDR) values ('D0007','(구)워터365','정경모','010-9427-2791',null);
Insert into TBL_DEPT (D_CODE,D_NAME,D_CEO,D_TEL,D_ADDR) values ('D0008','원명보일러총판(의정부)','서승권','010-8786-8394',null);
Insert into TBL_DEPT (D_CODE,D_NAME,D_CEO,D_TEL,D_ADDR) values ('D0009','롯데가스보일러(수성롯데)','호세진','010-3312-1657',null);
Insert into TBL_DEPT (D_CODE,D_NAME,D_CEO,D_TEL,D_ADDR) values ('D0010','안산냉기','배연산','010-5485-5210',null);
Insert into TBL_DEPT (D_CODE,D_NAME,D_CEO,D_TEL,D_ADDR) values ('D0011','롯데가스보일러(아산롯데)','차응철','010-1516-2395',null);
Insert into TBL_DEPT (D_CODE,D_NAME,D_CEO,D_TEL,D_ADDR) values ('D0012','롯데엔지니어링(신광주남부)','허영만','010-6737-5259',null);
Insert into TBL_DEPT (D_CODE,D_NAME,D_CEO,D_TEL,D_ADDR) values ('D0013','롯데가스보일러(대전서구롯데)','김준태','010-6080-4907',null);
Insert into TBL_DEPT (D_CODE,D_NAME,D_CEO,D_TEL,D_ADDR) values ('D0014','경인유통','임희재','010-7425-7097',null);
Insert into TBL_DEPT (D_CODE,D_NAME,D_CEO,D_TEL,D_ADDR) values ('D0015','두영산업','김웅겸','010-6683-5509',null);
Insert into TBL_DEPT (D_CODE,D_NAME,D_CEO,D_TEL,D_ADDR) values ('D0016','세림상사(중랑롯데)','장선구','010-7659-8831',null);
Insert into TBL_DEPT (D_CODE,D_NAME,D_CEO,D_TEL,D_ADDR) values ('D0017','롯데대성가스보일러(신제천롯데)','김현철','010-5399-9846',null);
Insert into TBL_DEPT (D_CODE,D_NAME,D_CEO,D_TEL,D_ADDR) values ('D0018','진흥자판기','김복자','010-5166-4348',null);
Insert into TBL_DEPT (D_CODE,D_NAME,D_CEO,D_TEL,D_ADDR) values ('D0019','일화종합설비(서익산롯데)','이정범','010-7429-7560',null);
Insert into TBL_DEPT (D_CODE,D_NAME,D_CEO,D_TEL,D_ADDR) values ('D0020','영진에너지(광주동구롯데)','김선석','010-4665-2150',null);
Insert into TBL_DEPT (D_CODE,D_NAME,D_CEO,D_TEL,D_ADDR) values ('D0021','L&R테크','조남훈','010-3910-9423',null);
Insert into TBL_DEPT (D_CODE,D_NAME,D_CEO,D_TEL,D_ADDR) values ('D0022','롯데SK가스보일러공주지점','송재은','010-1061-1632',null);
Insert into TBL_DEPT (D_CODE,D_NAME,D_CEO,D_TEL,D_ADDR) values ('D0023','(주)미래씨앤에이치','김영현','010-6061-8193',null);
Insert into TBL_DEPT (D_CODE,D_NAME,D_CEO,D_TEL,D_ADDR) values ('D0024','롯데강북서비스','박성철','010-8709-9616',null);
Insert into TBL_DEPT (D_CODE,D_NAME,D_CEO,D_TEL,D_ADDR) values ('D0025','LG상사(정읍냉기)','차재호','010-2932-7113',null);
Insert into TBL_DEPT (D_CODE,D_NAME,D_CEO,D_TEL,D_ADDR) values ('D0026','골드자판기','이철균','010-5106-1639',null);
Insert into TBL_DEPT (D_CODE,D_NAME,D_CEO,D_TEL,D_ADDR) values ('D0027','(주)티브이푸드','후지타 토시하루','010-4382-5403',null);
Insert into TBL_DEPT (D_CODE,D_NAME,D_CEO,D_TEL,D_ADDR) values ('D0028','롯데냉동','문현철','010-3533-8258',null);
Insert into TBL_DEPT (D_CODE,D_NAME,D_CEO,D_TEL,D_ADDR) values ('D0029','강서롯데','강명원','010-4154-6020',null);
Insert into TBL_DEPT (D_CODE,D_NAME,D_CEO,D_TEL,D_ADDR) values ('D0030','롯데엔지니어링(양천)','백성갑','010-5863-1953',null);
Insert into TBL_DEPT (D_CODE,D_NAME,D_CEO,D_TEL,D_ADDR) values ('D0031','목포자판기','박병섭','010-9097-2000',null);
Insert into TBL_DEPT (D_CODE,D_NAME,D_CEO,D_TEL,D_ADDR) values ('D0032','금성경기서비스','안영철','010-6286-1952',null);
Insert into TBL_DEPT (D_CODE,D_NAME,D_CEO,D_TEL,D_ADDR) values ('D0033','진우ENG','이진우','010-6496-2878',null);
Insert into TBL_DEPT (D_CODE,D_NAME,D_CEO,D_TEL,D_ADDR) values ('D0034','온달가스텍(경남롯데)','최규철','010-7537-2699',null);
Insert into TBL_DEPT (D_CODE,D_NAME,D_CEO,D_TEL,D_ADDR) values ('D0035','(주)삼원자판기','박철현','010-3612-1813',null);
Insert into TBL_DEPT (D_CODE,D_NAME,D_CEO,D_TEL,D_ADDR) values ('D0036','천안북부롯데','배정호','010-6984-2083',null);
Insert into TBL_DEPT (D_CODE,D_NAME,D_CEO,D_TEL,D_ADDR) values ('D0037','광진냉동','이학수','010-3416-2373',null);
Insert into TBL_DEPT (D_CODE,D_NAME,D_CEO,D_TEL,D_ADDR) values ('D0038','엘씨밴딩','최선영','010-2993-8659',null);
Insert into TBL_DEPT (D_CODE,D_NAME,D_CEO,D_TEL,D_ADDR) values ('D0039','대하롯데가스보일러(광주북구롯데)','황정자','010-5504-2102',null);
Insert into TBL_DEPT (D_CODE,D_NAME,D_CEO,D_TEL,D_ADDR) values ('D0040','제일상사(북익산롯데)','최세연','010-2496-5823',null);
Insert into TBL_DEPT (D_CODE,D_NAME,D_CEO,D_TEL,D_ADDR) values ('D0041','벤도피아','김태우','010-1647-3481',null);
Insert into TBL_DEPT (D_CODE,D_NAME,D_CEO,D_TEL,D_ADDR) values ('D0042','조성엔지니어링(대전중구롯데)','정회순','010-5538-7279',null);
Insert into TBL_DEPT (D_CODE,D_NAME,D_CEO,D_TEL,D_ADDR) values ('D0043','화명롯데가스보일러(화명롯데)','김영화','010-9460-2936',null);
Insert into TBL_DEPT (D_CODE,D_NAME,D_CEO,D_TEL,D_ADDR) values ('D0044','LG자판기','김용묵','010-3046-6479',null);
Insert into TBL_DEPT (D_CODE,D_NAME,D_CEO,D_TEL,D_ADDR) values ('D0045','신진엔지니어링(용인롯데)','유행수','010-4769-1799',null);
Insert into TBL_DEPT (D_CODE,D_NAME,D_CEO,D_TEL,D_ADDR) values ('D0046','제일설비(예산롯데)','김인환','010-2817-8826',null);
Insert into TBL_DEPT (D_CODE,D_NAME,D_CEO,D_TEL,D_ADDR) values ('D0047','제주판매(주)','이상형','010-3442-1460',null);
Insert into TBL_DEPT (D_CODE,D_NAME,D_CEO,D_TEL,D_ADDR) values ('D0048','정민냉열','오세철','010-9763-3545',null);
Insert into TBL_DEPT (D_CODE,D_NAME,D_CEO,D_TEL,D_ADDR) values ('D0049','제일보일러(울산울주롯데)','곽문진','010-1290-4598',null);
Insert into TBL_DEPT (D_CODE,D_NAME,D_CEO,D_TEL,D_ADDR) values ('D0050','안동서비스','장형구','010-2751-9911',null);
Insert into TBL_DEPT (D_CODE,D_NAME,D_CEO,D_TEL,D_ADDR) values ('D0051','엘지냉동','김송실','010-7354-1362',null);
Insert into TBL_DEPT (D_CODE,D_NAME,D_CEO,D_TEL,D_ADDR) values ('D0052','복산기기(울산중구롯데)','박차환','010-4388-8930',null);
Insert into TBL_DEPT (D_CODE,D_NAME,D_CEO,D_TEL,D_ADDR) values ('D0053','더싼유통','전윤길','010-6315-4964',null);
Insert into TBL_DEPT (D_CODE,D_NAME,D_CEO,D_TEL,D_ADDR) values ('D0054','청인(동구롯데)','한규식','010-3432-8959',null);
Insert into TBL_DEPT (D_CODE,D_NAME,D_CEO,D_TEL,D_ADDR) values ('D0055','거명ENG롯데보일러','서동근','010-1554-7717',null);
Insert into TBL_DEPT (D_CODE,D_NAME,D_CEO,D_TEL,D_ADDR) values ('D0056','롯데냉동설비(동래)','김상옥','010-2559-4355',null);
Insert into TBL_DEPT (D_CODE,D_NAME,D_CEO,D_TEL,D_ADDR) values ('D0057','동부자판기','윤복길','010-5067-9407',null);
Insert into TBL_DEPT (D_CODE,D_NAME,D_CEO,D_TEL,D_ADDR) values ('D0058','진우전자','이광재','010-3081-6587',null);
Insert into TBL_DEPT (D_CODE,D_NAME,D_CEO,D_TEL,D_ADDR) values ('D0059','남구 롯데보일러','장윤정','010-8587-1518',null);
Insert into TBL_DEPT (D_CODE,D_NAME,D_CEO,D_TEL,D_ADDR) values ('D0060','대신보일러(서구롯데)','하익진','010-2756-3330',null);
Insert into TBL_DEPT (D_CODE,D_NAME,D_CEO,D_TEL,D_ADDR) values ('D0061','롯데가스보일러동부대리점(동부롯데)','공미희','010-5210-6491',null);
Insert into TBL_DEPT (D_CODE,D_NAME,D_CEO,D_TEL,D_ADDR) values ('D0062','해태자판기전남지점','김진용','010-7321-7445',null);
Insert into TBL_DEPT (D_CODE,D_NAME,D_CEO,D_TEL,D_ADDR) values ('D0063','씨.엠.브이시스템','박달희','010-1432-3009',null);
Insert into TBL_DEPT (D_CODE,D_NAME,D_CEO,D_TEL,D_ADDR) values ('D0064','태양전기판넬','성경희','010-9164-1371',null);
Insert into TBL_DEPT (D_CODE,D_NAME,D_CEO,D_TEL,D_ADDR) values ('D0065','에이스주방냉동백화점','정순태','010-9199-9397',null);
Insert into TBL_DEPT (D_CODE,D_NAME,D_CEO,D_TEL,D_ADDR) values ('D0066','남포항롯데','김원종','010-7305-5737',null);
Insert into TBL_DEPT (D_CODE,D_NAME,D_CEO,D_TEL,D_ADDR) values ('D0067','롯데가스보일러경산대리점','강용진','010-5993-7425',null);
Insert into TBL_DEPT (D_CODE,D_NAME,D_CEO,D_TEL,D_ADDR) values ('D0068','미래자판기랜드','김종원','010-4065-8880',null);
Insert into TBL_DEPT (D_CODE,D_NAME,D_CEO,D_TEL,D_ADDR) values ('D0069','조은에너지(광진롯데)','정석순','010-3666-6434',null);
Insert into TBL_DEPT (D_CODE,D_NAME,D_CEO,D_TEL,D_ADDR) values ('D0070','서대문롯데','임병수','010-3381-6664',null);
Insert into TBL_DEPT (D_CODE,D_NAME,D_CEO,D_TEL,D_ADDR) values ('D0071','경보플랜트설비','김익중','010-4259-7363',null);
Insert into TBL_DEPT (D_CODE,D_NAME,D_CEO,D_TEL,D_ADDR) values ('D0072','롯데보일러(성남수정)','김옥희','010-5101-3340',null);
Insert into TBL_DEPT (D_CODE,D_NAME,D_CEO,D_TEL,D_ADDR) values ('D0073','롯데사상대리점(사상롯데)','박봉희','010-2839-8730',null);
Insert into TBL_DEPT (D_CODE,D_NAME,D_CEO,D_TEL,D_ADDR) values ('D0074','월드냉동','신경식','010-1062-7152',null);
Insert into TBL_DEPT (D_CODE,D_NAME,D_CEO,D_TEL,D_ADDR) values ('D0075','롯데가스보일러(달서롯데)','권영대','010-3932-1596',null);
Insert into TBL_DEPT (D_CODE,D_NAME,D_CEO,D_TEL,D_ADDR) values ('D0076','북인천롯데','김미순','010-3682-3935',null);
Insert into TBL_DEPT (D_CODE,D_NAME,D_CEO,D_TEL,D_ADDR) values ('D0077','(주)한일엔지니어링','박종필','010-2707-7944',null);
Insert into TBL_DEPT (D_CODE,D_NAME,D_CEO,D_TEL,D_ADDR) values ('D0078','(주)미래산업','조석현','010-7078-7162',null);
Insert into TBL_DEPT (D_CODE,D_NAME,D_CEO,D_TEL,D_ADDR) values ('D0079','롯데가스보일러마산내서롯데(서마산롯데)','이종길','010-8933-9074',null);
Insert into TBL_DEPT (D_CODE,D_NAME,D_CEO,D_TEL,D_ADDR) values ('D0080','삼성자판기서비스지정점(군산자판)','탁목곤','010-4947-9458',null);
Insert into TBL_DEPT (D_CODE,D_NAME,D_CEO,D_TEL,D_ADDR) values ('D0081','경원자판기','백구현','010-7375-9218',null);
Insert into TBL_DEPT (D_CODE,D_NAME,D_CEO,D_TEL,D_ADDR) values ('D0082','북부롯데가스보일러(광주서북구롯데)','박기영','010-2808-8577',null);
Insert into TBL_DEPT (D_CODE,D_NAME,D_CEO,D_TEL,D_ADDR) values ('D0083','롯데벤슨(춘천)','박재현','010-2347-1715',null);
Insert into TBL_DEPT (D_CODE,D_NAME,D_CEO,D_TEL,D_ADDR) values ('D0084','롯데냉열기기(서부산냉기)','사공경훈','010-5121-1012',null);
Insert into TBL_DEPT (D_CODE,D_NAME,D_CEO,D_TEL,D_ADDR) values ('D0085','문진냉기','나문진','010-2355-3734',null);
Insert into TBL_DEPT (D_CODE,D_NAME,D_CEO,D_TEL,D_ADDR) values ('D0086','롯데가스보일러서비스센타J(김제롯데)','박형준','010-8564-9499',null);
Insert into TBL_DEPT (D_CODE,D_NAME,D_CEO,D_TEL,D_ADDR) values ('D0087','부성벤더','신기식','010-6372-4461',null);
Insert into TBL_DEPT (D_CODE,D_NAME,D_CEO,D_TEL,D_ADDR) values ('D0088','롯데가스텍(김해롯데)','김용권','010-4673-5951',null);
Insert into TBL_DEPT (D_CODE,D_NAME,D_CEO,D_TEL,D_ADDR) values ('D0089','롯데가스보일러(천안남부롯데)','이강섭','010-8839-3589',null);
Insert into TBL_DEPT (D_CODE,D_NAME,D_CEO,D_TEL,D_ADDR) values ('D0090','(주)성호','전용식','010-5584-8322',null);
Insert into TBL_DEPT (D_CODE,D_NAME,D_CEO,D_TEL,D_ADDR) values ('D0091','서원상사','김종석','010-5246-6054',null);
Insert into TBL_DEPT (D_CODE,D_NAME,D_CEO,D_TEL,D_ADDR) values ('D0092','일호서비스','김일호','010-9599-9419',null);
Insert into TBL_DEPT (D_CODE,D_NAME,D_CEO,D_TEL,D_ADDR) values ('D0093','제일종합상사','이경수','010-8185-8617',null);
Insert into TBL_DEPT (D_CODE,D_NAME,D_CEO,D_TEL,D_ADDR) values ('D0094','롯데냉동공조(포항)','이정식','010-2889-6964',null);
Insert into TBL_DEPT (D_CODE,D_NAME,D_CEO,D_TEL,D_ADDR) values ('D0095','명성에이치앤피','신성숙','010-6923-5014',null);
Insert into TBL_DEPT (D_CODE,D_NAME,D_CEO,D_TEL,D_ADDR) values ('D0096','롯데가스기기(구로)','이기영','010-8597-9642',null);
Insert into TBL_DEPT (D_CODE,D_NAME,D_CEO,D_TEL,D_ADDR) values ('D0097','울산남구롯데','이복남','010-8934-7864',null);
Insert into TBL_DEPT (D_CODE,D_NAME,D_CEO,D_TEL,D_ADDR) values ('D0098','서비스뱅크','유택근','010-3142-9554',null);
Insert into TBL_DEPT (D_CODE,D_NAME,D_CEO,D_TEL,D_ADDR) values ('D0099','싱싱냉동','박강희','010-9724-1953',null);
Insert into TBL_DEPT (D_CODE,D_NAME,D_CEO,D_TEL,D_ADDR) values ('D0100','태양자판기서비스','허성원','010-9064-3990',null);
Insert into TBL_DEPT (D_CODE,D_NAME,D_CEO,D_TEL,D_ADDR) values ('D0101','롯데보일러원주지점(원주남부)','원동빈','010-2630-8750',null);
Insert into TBL_DEPT (D_CODE,D_NAME,D_CEO,D_TEL,D_ADDR) values ('D0102','구미롯데','조준형','010-7830-2684',null);
Insert into TBL_DEPT (D_CODE,D_NAME,D_CEO,D_TEL,D_ADDR) values ('D0103','정우유통','이정우','010-3752-7288',null);
Insert into TBL_DEPT (D_CODE,D_NAME,D_CEO,D_TEL,D_ADDR) values ('D0104','신부산롯데(서사하롯데)','정재곤','010-3515-4510',null);
Insert into TBL_DEPT (D_CODE,D_NAME,D_CEO,D_TEL,D_ADDR) values ('D0105','대성자판기','이기열','010-8990-1499',null);
Insert into TBL_DEPT (D_CODE,D_NAME,D_CEO,D_TEL,D_ADDR) values ('D0106','텐플러스 시스템','임순희','010-8632-2737',null);
Insert into TBL_DEPT (D_CODE,D_NAME,D_CEO,D_TEL,D_ADDR) values ('D0107','성보공업사','윤정모','010-8547-9269',null);
Insert into TBL_DEPT (D_CODE,D_NAME,D_CEO,D_TEL,D_ADDR) values ('D0108','광역롯데','전미화','010-7439-5074',null);
Insert into TBL_DEPT (D_CODE,D_NAME,D_CEO,D_TEL,D_ADDR) values ('D0109','속초롯데','박용광','010-7745-8260',null);
Insert into TBL_DEPT (D_CODE,D_NAME,D_CEO,D_TEL,D_ADDR) values ('D0110','삼인ENG(북전주롯데)','김성주','010-9679-7433',null);
Insert into TBL_DEPT (D_CODE,D_NAME,D_CEO,D_TEL,D_ADDR) values ('D0111','관악롯데냉열기기(관악)','한승환','010-4226-3357',null);
Insert into TBL_DEPT (D_CODE,D_NAME,D_CEO,D_TEL,D_ADDR) values ('D0112','우리냉동','유익','010-5551-5210',null);
Insert into TBL_DEPT (D_CODE,D_NAME,D_CEO,D_TEL,D_ADDR) values ('D0113','보일러상사(정읍롯데)','여현식','010-9343-4303',null);
Insert into TBL_DEPT (D_CODE,D_NAME,D_CEO,D_TEL,D_ADDR) values ('D0114','경북유통','주해룡','010-5178-3315',null);
Insert into TBL_DEPT (D_CODE,D_NAME,D_CEO,D_TEL,D_ADDR) values ('D0115','삼성자판','박희대','010-9228-2494',null);
Insert into TBL_DEPT (D_CODE,D_NAME,D_CEO,D_TEL,D_ADDR) values ('D0116','동양주방인테리어','김정곤','010-1700-7776',null);
Insert into TBL_DEPT (D_CODE,D_NAME,D_CEO,D_TEL,D_ADDR) values ('D0117','한솔종합상사','이홍수','010-3181-1954',null);
Insert into TBL_DEPT (D_CODE,D_NAME,D_CEO,D_TEL,D_ADDR) values ('D0118','대복엔지니어링(서안양롯데)','배한근','010-1359-8808',null);
Insert into TBL_DEPT (D_CODE,D_NAME,D_CEO,D_TEL,D_ADDR) values ('D0119','미래냉동','오세영','010-6227-5660',null);
Insert into TBL_DEPT (D_CODE,D_NAME,D_CEO,D_TEL,D_ADDR) values ('D0120','(주)동양엔지니어링(광주남구롯데)','김기국','010-4074-8392',null);
Insert into TBL_DEPT (D_CODE,D_NAME,D_CEO,D_TEL,D_ADDR) values ('D0121','(주)성안이엔지(남구롯데)','강성국','010-2344-5795',null);
Insert into TBL_DEPT (D_CODE,D_NAME,D_CEO,D_TEL,D_ADDR) values ('D0122','유성수도상사(동래롯데)','김효진','010-6022-7752',null);
Insert into TBL_DEPT (D_CODE,D_NAME,D_CEO,D_TEL,D_ADDR) values ('D0123','창원롯데','박준수','010-3249-1372',null);
Insert into TBL_DEPT (D_CODE,D_NAME,D_CEO,D_TEL,D_ADDR) values ('D0124','대한에너지(거창롯데)','윤석','010-7850-8562',null);
Insert into TBL_DEPT (D_CODE,D_NAME,D_CEO,D_TEL,D_ADDR) values ('D0125','씽씽냉동','김성표','010-8347-1339',null);
Insert into TBL_DEPT (D_CODE,D_NAME,D_CEO,D_TEL,D_ADDR) values ('D0126','충주대리점','박정용','010-1565-2815',null);
Insert into TBL_DEPT (D_CODE,D_NAME,D_CEO,D_TEL,D_ADDR) values ('D0127','계현사','김민수','010-1576-7087',null);
Insert into TBL_DEPT (D_CODE,D_NAME,D_CEO,D_TEL,D_ADDR) values ('D0128','덕인유통','서동국','010-1882-4804',null);
Insert into TBL_DEPT (D_CODE,D_NAME,D_CEO,D_TEL,D_ADDR) values ('D0129','삼성자판서비스','이강춘','010-9748-2743',null);
Insert into TBL_DEPT (D_CODE,D_NAME,D_CEO,D_TEL,D_ADDR) values ('D0130','롯데자판기제일상사','김병진','010-7678-9444',null);
Insert into TBL_DEPT (D_CODE,D_NAME,D_CEO,D_TEL,D_ADDR) values ('D0131','명일엔지니어링(서초강남)','서동일','010-1747-4002',null);
Insert into TBL_DEPT (D_CODE,D_NAME,D_CEO,D_TEL,D_ADDR) values ('D0132','롯데가스보일러서부대리점(서부롯데)','김명숙','010-4625-6743',null);
Insert into TBL_DEPT (D_CODE,D_NAME,D_CEO,D_TEL,D_ADDR) values ('D0133','계양롯데','강동환','010-8121-8884',null);
Insert into TBL_DEPT (D_CODE,D_NAME,D_CEO,D_TEL,D_ADDR) values ('D0134','롯데가스보일러(김천롯데)','문성식','010-9091-9288',null);
Insert into TBL_DEPT (D_CODE,D_NAME,D_CEO,D_TEL,D_ADDR) values ('D0135','전북기공','정원조','010-2495-6329',null);
Insert into TBL_DEPT (D_CODE,D_NAME,D_CEO,D_TEL,D_ADDR) values ('D0136','태양열기(김포롯데)','김미숙','010-7921-7581',null);
Insert into TBL_DEPT (D_CODE,D_NAME,D_CEO,D_TEL,D_ADDR) values ('D0137','삼영냉동산업','이혜숙','010-8065-1376',null);
Insert into TBL_DEPT (D_CODE,D_NAME,D_CEO,D_TEL,D_ADDR) values ('D0138','모악ENG(남전주롯데)','서인호','010-9396-5356',null);
Insert into TBL_DEPT (D_CODE,D_NAME,D_CEO,D_TEL,D_ADDR) values ('D0139','삼학ENG(목포롯데)','서병연','010-9652-6234',null);
Insert into TBL_DEPT (D_CODE,D_NAME,D_CEO,D_TEL,D_ADDR) values ('D0140','전북롯데냉기(전북냉기)','공태식','010-1671-9249',null);
Insert into TBL_DEPT (D_CODE,D_NAME,D_CEO,D_TEL,D_ADDR) values ('D0141','원에이티엠(주)','서현규','010-6436-3829',null);
Insert into TBL_DEPT (D_CODE,D_NAME,D_CEO,D_TEL,D_ADDR) values ('D0142','로얄냉동','권영숙','010-4688-1817',null);
Insert into TBL_DEPT (D_CODE,D_NAME,D_CEO,D_TEL,D_ADDR) values ('D0143','협신상사','백경목','010-7349-3950',null);
Insert into TBL_DEPT (D_CODE,D_NAME,D_CEO,D_TEL,D_ADDR) values ('D0144','강릉롯데(롯데가스보일러강릉)','이용선','010-8100-6013',null);
Insert into TBL_DEPT (D_CODE,D_NAME,D_CEO,D_TEL,D_ADDR) values ('D0145','플러스상사(광주북부)','명종학','010-5624-9982',null);
Insert into TBL_DEPT (D_CODE,D_NAME,D_CEO,D_TEL,D_ADDR) values ('D0146','롯데자판기','김옥연','010-3284-2797',null);
Insert into TBL_DEPT (D_CODE,D_NAME,D_CEO,D_TEL,D_ADDR) values ('D0147','세원냉동설비수리','정명호','010-2876-7819',null);
Insert into TBL_DEPT (D_CODE,D_NAME,D_CEO,D_TEL,D_ADDR) values ('D0148','강북서비스','탁성철','010-2587-9665',null);
Insert into TBL_DEPT (D_CODE,D_NAME,D_CEO,D_TEL,D_ADDR) values ('D0149','광성에너지(부천롯데)','위용환','010-8670-1073',null);
Insert into TBL_DEPT (D_CODE,D_NAME,D_CEO,D_TEL,D_ADDR) values ('D0150','모우종합설비(완도롯데)','윤성남','010-6937-3898',null);
Insert into TBL_DEPT (D_CODE,D_NAME,D_CEO,D_TEL,D_ADDR) values ('D0151','일도벤딩','안영덕','010-9696-4270',null);
Insert into TBL_DEPT (D_CODE,D_NAME,D_CEO,D_TEL,D_ADDR) values ('D0152','성북보일러(성북롯데)','심공보','010-3113-8506',null);
Insert into TBL_DEPT (D_CODE,D_NAME,D_CEO,D_TEL,D_ADDR) values ('D0153','대성종합설비(당진롯데)','박희선','010-2588-6686',null);
Insert into TBL_DEPT (D_CODE,D_NAME,D_CEO,D_TEL,D_ADDR) values ('D0154','신일산냉기(신영자동판매기)','황선태','010-7705-8285',null);
Insert into TBL_DEPT (D_CODE,D_NAME,D_CEO,D_TEL,D_ADDR) values ('D0155','구리롯데','박창현','010-6154-8553',null);
Insert into TBL_DEPT (D_CODE,D_NAME,D_CEO,D_TEL,D_ADDR) values ('D0156','롯데가스보일러(안성롯데)','김일태','010-6515-7956',null);
Insert into TBL_DEPT (D_CODE,D_NAME,D_CEO,D_TEL,D_ADDR) values ('D0157','태성에너지','이태근','010-7580-8095',null);
Insert into TBL_DEPT (D_CODE,D_NAME,D_CEO,D_TEL,D_ADDR) values ('D0158','롯데가스기기동구지정점(대전동구롯데)','박옥규','010-6807-6352',null);
Insert into TBL_DEPT (D_CODE,D_NAME,D_CEO,D_TEL,D_ADDR) values ('D0159','롯데유통','천용성','010-5726-1521',null);
Insert into TBL_DEPT (D_CODE,D_NAME,D_CEO,D_TEL,D_ADDR) values ('D0160','남원냉동주방','방명호','010-2803-3272',null);
Insert into TBL_DEPT (D_CODE,D_NAME,D_CEO,D_TEL,D_ADDR) values ('D0161','리사이클플러스','홍성만','010-5941-1981',null);
Insert into TBL_DEPT (D_CODE,D_NAME,D_CEO,D_TEL,D_ADDR) values ('D0162','(주)한에너지시스템','장사윤','010-6136-3854',null);
Insert into TBL_DEPT (D_CODE,D_NAME,D_CEO,D_TEL,D_ADDR) values ('D0163','구미종합아이스크림','조옥래','010-7774-5868',null);
Insert into TBL_DEPT (D_CODE,D_NAME,D_CEO,D_TEL,D_ADDR) values ('D0164','(주)두원아이스뱅크','장해은','010-8283-7750',null);
Insert into TBL_DEPT (D_CODE,D_NAME,D_CEO,D_TEL,D_ADDR) values ('D0165','원엔지니어링(일산롯데)','이명진','010-2899-1189',null);
Insert into TBL_DEPT (D_CODE,D_NAME,D_CEO,D_TEL,D_ADDR) values ('D0166','성운이엔지','양회석','010-9725-7019',null);
Insert into TBL_DEPT (D_CODE,D_NAME,D_CEO,D_TEL,D_ADDR) values ('D0167','둔산롯데','박광석','010-3569-2055',null);
Insert into TBL_DEPT (D_CODE,D_NAME,D_CEO,D_TEL,D_ADDR) values ('D0168','그린에너텍','박용서','010-4113-8655',null);
Insert into TBL_DEPT (D_CODE,D_NAME,D_CEO,D_TEL,D_ADDR) values ('D0169','도연에너지(광주광산롯데)','박진우','010-4473-2371',null);
Insert into TBL_DEPT (D_CODE,D_NAME,D_CEO,D_TEL,D_ADDR) values ('D0170','광양롯데가스보일러(광양롯데)','오균석','010-8915-2295',null);
Insert into TBL_DEPT (D_CODE,D_NAME,D_CEO,D_TEL,D_ADDR) values ('D0171','롯데가스보일러첨단점(광주첨단롯데)','진영호','010-1440-6612',null);
Insert into TBL_DEPT (D_CODE,D_NAME,D_CEO,D_TEL,D_ADDR) values ('D0172','(주)두손템스','손응호','010-7759-9356',null);
Insert into TBL_DEPT (D_CODE,D_NAME,D_CEO,D_TEL,D_ADDR) values ('D0173','가인상사','정수임','010-7244-3100',null);
Insert into TBL_DEPT (D_CODE,D_NAME,D_CEO,D_TEL,D_ADDR) values ('D0174','신영사','이주경','010-2392-9831',null);
Insert into TBL_DEPT (D_CODE,D_NAME,D_CEO,D_TEL,D_ADDR) values ('D0175','코리아냉.난방(군산남부롯데)','이종현','010-8614-3189',null);
Insert into TBL_DEPT (D_CODE,D_NAME,D_CEO,D_TEL,D_ADDR) values ('D0176','청주롯데보일러','주장섭','010-1932-2705',null);
Insert into TBL_DEPT (D_CODE,D_NAME,D_CEO,D_TEL,D_ADDR) values ('D0177','롯데가스보일러 신북구점','김성열','010-6331-5689',null);
Insert into TBL_DEPT (D_CODE,D_NAME,D_CEO,D_TEL,D_ADDR) values ('D0178','신순천롯데(롯데가스보일러)','김미희','010-9211-1825',null);
Insert into TBL_DEPT (D_CODE,D_NAME,D_CEO,D_TEL,D_ADDR) values ('D0179','대한종합건재','안향자','010-4404-7022',null);
Insert into TBL_DEPT (D_CODE,D_NAME,D_CEO,D_TEL,D_ADDR) values ('D0180','하린냉동','김종율','010-6389-3285',null);
Insert into TBL_DEPT (D_CODE,D_NAME,D_CEO,D_TEL,D_ADDR) values ('D0181','소리냉기','강성훈','010-5495-8116',null);
Insert into TBL_DEPT (D_CODE,D_NAME,D_CEO,D_TEL,D_ADDR) values ('D0182','모든ENG(서전주롯데)','김현준','010-4412-6468',null);
Insert into TBL_DEPT (D_CODE,D_NAME,D_CEO,D_TEL,D_ADDR) values ('D0183','롯데가스보일러마산(동마산)','박재문','010-2727-3635',null);
Insert into TBL_DEPT (D_CODE,D_NAME,D_CEO,D_TEL,D_ADDR) values ('D0184','하나벤딩(주)','박진구','010-7067-3668',null);
Insert into TBL_DEPT (D_CODE,D_NAME,D_CEO,D_TEL,D_ADDR) values ('D0185','중부서비스','민원기','010-9513-7794',null);
Insert into TBL_DEPT (D_CODE,D_NAME,D_CEO,D_TEL,D_ADDR) values ('D0186','기현쇼케이스','이재창','010-4445-1241',null);
Insert into TBL_DEPT (D_CODE,D_NAME,D_CEO,D_TEL,D_ADDR) values ('D0187','현대상사','이채욱','010-1901-9621',null);
Insert into TBL_DEPT (D_CODE,D_NAME,D_CEO,D_TEL,D_ADDR) values ('D0188','동구미롯데','김한수','010-9835-9001',null);
Insert into TBL_DEPT (D_CODE,D_NAME,D_CEO,D_TEL,D_ADDR) values ('D0189','경북냉열','박준영','010-7068-8428',null);
Insert into TBL_DEPT (D_CODE,D_NAME,D_CEO,D_TEL,D_ADDR) values ('D0190','(주)거창ENG','최운학','010-1950-1544',null);
Insert into TBL_DEPT (D_CODE,D_NAME,D_CEO,D_TEL,D_ADDR) values ('D0191','원주삼성벤딩','최병규','010-5367-7912',null);
Insert into TBL_DEPT (D_CODE,D_NAME,D_CEO,D_TEL,D_ADDR) values ('D0192','광진엔지니어링','신찬철','010-9710-5553',null);
Insert into TBL_DEPT (D_CODE,D_NAME,D_CEO,D_TEL,D_ADDR) values ('D0193','COOL 냉난방시스템','권상배','010-1984-8001',null);
Insert into TBL_DEPT (D_CODE,D_NAME,D_CEO,D_TEL,D_ADDR) values ('D0194','우리냉동','김선옥','010-8613-9658',null);
Insert into TBL_DEPT (D_CODE,D_NAME,D_CEO,D_TEL,D_ADDR) values ('D0195','정일상사(남양주롯데)','김상균','010-9306-9339',null);
Insert into TBL_DEPT (D_CODE,D_NAME,D_CEO,D_TEL,D_ADDR) values ('D0196','여수중앙자판','송춘식','010-6594-7960',null);
Insert into TBL_DEPT (D_CODE,D_NAME,D_CEO,D_TEL,D_ADDR) values ('D0197','영인냉열상사(춘천)','정인영','010-3027-4333',null);
Insert into TBL_DEPT (D_CODE,D_NAME,D_CEO,D_TEL,D_ADDR) values ('D0198','자판기월드','황성욱','010-2981-4357',null);
Insert into TBL_DEPT (D_CODE,D_NAME,D_CEO,D_TEL,D_ADDR) values ('D0199','명성냉열기상사','김정호','010-3604-3628',null);
Insert into TBL_DEPT (D_CODE,D_NAME,D_CEO,D_TEL,D_ADDR) values ('D0200','동일가스상사(제주롯데)','문유진','010-9238-6926',null);
Insert into TBL_DEPT (D_CODE,D_NAME,D_CEO,D_TEL,D_ADDR) values ('D0201','새부산롯데(금정롯데)','박민갑','010-9194-5418',null);
Insert into TBL_DEPT (D_CODE,D_NAME,D_CEO,D_TEL,D_ADDR) values ('D0202','롯데가스보일러(문막)','최상수','010-8084-1533',null);
Insert into TBL_DEPT (D_CODE,D_NAME,D_CEO,D_TEL,D_ADDR) values ('D0203','롯데엔지니어링(금천)','정옥균','010-2619-9604',null);
Insert into TBL_DEPT (D_CODE,D_NAME,D_CEO,D_TEL,D_ADDR) values ('D0204','아이에스','김인수','010-3273-3683',null);
Insert into TBL_DEPT (D_CODE,D_NAME,D_CEO,D_TEL,D_ADDR) values ('D0205','거제냉동','홍정배','010-6548-8245',null);
Insert into TBL_DEPT (D_CODE,D_NAME,D_CEO,D_TEL,D_ADDR) values ('D0206','센텀냉동','이광수','010-6846-4162',null);
Insert into TBL_DEPT (D_CODE,D_NAME,D_CEO,D_TEL,D_ADDR) values ('D0207','롯데가스보일러(서산롯데)','이경순','010-5695-9464',null);
Insert into TBL_DEPT (D_CODE,D_NAME,D_CEO,D_TEL,D_ADDR) values ('D0208','우리상사','민성필','010-2135-2795',null);
Insert into TBL_DEPT (D_CODE,D_NAME,D_CEO,D_TEL,D_ADDR) values ('D0209','일조유통','이진현','010-7949-6539',null);
Insert into TBL_DEPT (D_CODE,D_NAME,D_CEO,D_TEL,D_ADDR) values ('D0210','대진상사','정진원','010-2209-3158',null);
Insert into TBL_DEPT (D_CODE,D_NAME,D_CEO,D_TEL,D_ADDR) values ('D0211','협승냉열','김미용','010-3517-6713',null);
Insert into TBL_DEPT (D_CODE,D_NAME,D_CEO,D_TEL,D_ADDR) values ('D0212','롯데보일러(거제롯데(신규)','김동언','010-9898-3541',null);
Insert into TBL_DEPT (D_CODE,D_NAME,D_CEO,D_TEL,D_ADDR) values ('D0213','(주)대정이앤씨','이수정','010-6800-5710',null);
Insert into TBL_DEPT (D_CODE,D_NAME,D_CEO,D_TEL,D_ADDR) values ('D0214','제이엘엔지니어링','이종배','010-6141-3183',null);
Insert into TBL_DEPT (D_CODE,D_NAME,D_CEO,D_TEL,D_ADDR) values ('D0215','신갈롯데','권영기','010-5434-1999',null);
Insert into TBL_DEPT (D_CODE,D_NAME,D_CEO,D_TEL,D_ADDR) values ('D0216','명대상사(보령롯데)','이창수','010-5376-9670',null);
Insert into TBL_DEPT (D_CODE,D_NAME,D_CEO,D_TEL,D_ADDR) values ('D0217','서경냉열','김성근','010-2919-9529',null);
Insert into TBL_DEPT (D_CODE,D_NAME,D_CEO,D_TEL,D_ADDR) values ('D0218','진주롯데기공냉동서비스','방성원','010-4040-4589',null);
Insert into TBL_DEPT (D_CODE,D_NAME,D_CEO,D_TEL,D_ADDR) values ('D0219','썬웨이일등보일러(신남원롯데)','정경호','010-9748-8708',null);
Insert into TBL_DEPT (D_CODE,D_NAME,D_CEO,D_TEL,D_ADDR) values ('D0220','벤딩테크(동광주자판)','이이형','010-2313-6957',null);
Insert into TBL_DEPT (D_CODE,D_NAME,D_CEO,D_TEL,D_ADDR) values ('D0221','롯데가스보일러설비(서수원롯데)','모인환','010-3293-2679',null);
Insert into TBL_DEPT (D_CODE,D_NAME,D_CEO,D_TEL,D_ADDR) values ('D0222','우진냉동','심재용','010-3278-2047',null);
Insert into TBL_DEPT (D_CODE,D_NAME,D_CEO,D_TEL,D_ADDR) values ('D0223','자판기서비스','권오석','010-8971-7167',null);
Insert into TBL_DEPT (D_CODE,D_NAME,D_CEO,D_TEL,D_ADDR) values ('D0224','가스보일러A/S센타(안산롯데)','지기훈','010-2468-4346',null);
Insert into TBL_DEPT (D_CODE,D_NAME,D_CEO,D_TEL,D_ADDR) values ('D0225','제일기업(연제롯데)','정광휘','010-7095-1903',null);
Insert into TBL_DEPT (D_CODE,D_NAME,D_CEO,D_TEL,D_ADDR) values ('D0226','명도상사','유기현','010-6519-5901',null);
Insert into TBL_DEPT (D_CODE,D_NAME,D_CEO,D_TEL,D_ADDR) values ('D0227','자판판매(주)','이정숙','010-6799-6018',null);
Insert into TBL_DEPT (D_CODE,D_NAME,D_CEO,D_TEL,D_ADDR) values ('D0228','건영기업(신노원롯데)','서동권','010-2720-3621',null);
Insert into TBL_DEPT (D_CODE,D_NAME,D_CEO,D_TEL,D_ADDR) values ('D0229','우진정밀(광명롯데)','이호문','010-8748-9063',null);
Insert into TBL_DEPT (D_CODE,D_NAME,D_CEO,D_TEL,D_ADDR) values ('D0230','유성ENG(북전주롯데)','홍성경','010-3872-3039',null);
Insert into TBL_DEPT (D_CODE,D_NAME,D_CEO,D_TEL,D_ADDR) values ('D0231','부경롯데(남구롯데)','정진호','010-1399-3388',null);
Insert into TBL_DEPT (D_CODE,D_NAME,D_CEO,D_TEL,D_ADDR) values ('D0232','부산특판','박종규','010-8272-1935',null);
Insert into TBL_DEPT (D_CODE,D_NAME,D_CEO,D_TEL,D_ADDR) values ('D0233','서비스메카','김연기','010-8441-3406',null);
Insert into TBL_DEPT (D_CODE,D_NAME,D_CEO,D_TEL,D_ADDR) values ('D0234','광주북서구롯데(광주북서구롯데)','서진석','010-4438-6535',null);
Insert into TBL_DEPT (D_CODE,D_NAME,D_CEO,D_TEL,D_ADDR) values ('D0235','제주냉동','강정일','010-6367-8946',null);
Insert into TBL_DEPT (D_CODE,D_NAME,D_CEO,D_TEL,D_ADDR) values ('D0236','느아아아아','으아아아','010-1234-5654',null);
Insert into TBL_DEPT (D_CODE,D_NAME,D_CEO,D_TEL,D_ADDR) values ('D0237','히이이이이','이이이이','123',null);
Insert into TBL_DEPT (D_CODE,D_NAME,D_CEO,D_TEL,D_ADDR) values ('D0238','윤성씨네','선윤성','111',null);
Insert into TBL_DEPT (D_CODE,D_NAME,D_CEO,D_TEL,D_ADDR) values ('D0239','으어어어어어어어어','살려주세요','119',null);
Insert into TBL_DEPT (D_CODE,D_NAME,D_CEO,D_TEL,D_ADDR) values ('D0240','윤성씨네','선윤성','111',null);
Insert into TBL_DEPT (D_CODE,D_NAME,D_CEO,D_TEL,D_ADDR) values ('D0241','ㅇasdfasdf','선윤성','555',null);
Insert into TBL_DEPT (D_CODE,D_NAME,D_CEO,D_TEL,D_ADDR) values ('D0242','우리집','강아지는','복슬강아지','학교갔다');
Insert into TBL_DEPT (D_CODE,D_NAME,D_CEO,D_TEL,D_ADDR) values ('D0243','돌아오면','멍멍멍',null,null);
Insert into TBL_DEPT (D_CODE,D_NAME,D_CEO,D_TEL,D_ADDR) values ('D0244','ssssss','ddddd','aaa',null);
REM INSERTING into TBL_DETAIL
SET DEFINE OFF;
Insert into TBL_DETAIL (D_SEQ,D_M_SEQ,D_SUBJECT,D_OK) values (1,1,'전송계층','N');
Insert into TBL_DETAIL (D_SEQ,D_M_SEQ,D_SUBJECT,D_OK) values (2,1,'세션계층','N');
Insert into TBL_DETAIL (D_SEQ,D_M_SEQ,D_SUBJECT,D_OK) values (3,1,'물리계층','Y');
Insert into TBL_DETAIL (D_SEQ,D_M_SEQ,D_SUBJECT,D_OK) values (4,1,'네트워크계층','N');
Insert into TBL_DETAIL (D_SEQ,D_M_SEQ,D_SUBJECT,D_OK) values (5,1,'전송계층','N');
Insert into TBL_DETAIL (D_SEQ,D_M_SEQ,D_SUBJECT,D_OK) values (6,1,'세션계층','N');
Insert into TBL_DETAIL (D_SEQ,D_M_SEQ,D_SUBJECT,D_OK) values (7,1,'물리계층','Y');
Insert into TBL_DETAIL (D_SEQ,D_M_SEQ,D_SUBJECT,D_OK) values (8,1,'네트워크계층','N');
Insert into TBL_DETAIL (D_SEQ,D_M_SEQ,D_SUBJECT,D_OK) values (9,2,'전송계층','N');
Insert into TBL_DETAIL (D_SEQ,D_M_SEQ,D_SUBJECT,D_OK) values (10,2,'세션계층','N');
Insert into TBL_DETAIL (D_SEQ,D_M_SEQ,D_SUBJECT,D_OK) values (11,2,'물리계층','Y');
Insert into TBL_DETAIL (D_SEQ,D_M_SEQ,D_SUBJECT,D_OK) values (12,2,'네트워크계층','N');
Insert into TBL_DETAIL (D_SEQ,D_M_SEQ,D_SUBJECT,D_OK) values (13,3,'전송계층','N');
Insert into TBL_DETAIL (D_SEQ,D_M_SEQ,D_SUBJECT,D_OK) values (14,3,'세션계층','N');
Insert into TBL_DETAIL (D_SEQ,D_M_SEQ,D_SUBJECT,D_OK) values (15,3,'물리계층','Y');
Insert into TBL_DETAIL (D_SEQ,D_M_SEQ,D_SUBJECT,D_OK) values (16,3,'네트워크계층','N');
Insert into TBL_DETAIL (D_SEQ,D_M_SEQ,D_SUBJECT,D_OK) values (17,4,'ROM','N');
Insert into TBL_DETAIL (D_SEQ,D_M_SEQ,D_SUBJECT,D_OK) values (18,4,'RAM','Y');
Insert into TBL_DETAIL (D_SEQ,D_M_SEQ,D_SUBJECT,D_OK) values (19,4,'Cache','N');
Insert into TBL_DETAIL (D_SEQ,D_M_SEQ,D_SUBJECT,D_OK) values (20,4,'Resister','N');
REM INSERTING into TBL_IOLIST
SET DEFINE OFF;
Insert into TBL_IOLIST (IO_SEQ,IO_DATE,IO_INOUT,IO_QTY,IO_PRICE,IO_TOTAL,IO_PCODE,IO_DCODE) values (449,'2018-07-26','매출',83,6000,498000,'P0236','D0210');
Insert into TBL_IOLIST (IO_SEQ,IO_DATE,IO_INOUT,IO_QTY,IO_PRICE,IO_TOTAL,IO_PCODE,IO_DCODE) values (450,'2018-07-26','매출',72,700,50400,'P0090','D0096');
Insert into TBL_IOLIST (IO_SEQ,IO_DATE,IO_INOUT,IO_QTY,IO_PRICE,IO_TOTAL,IO_PCODE,IO_DCODE) values (451,'2018-07-28','매출',79,1000,79000,'P0001','D0186');
Insert into TBL_IOLIST (IO_SEQ,IO_DATE,IO_INOUT,IO_QTY,IO_PRICE,IO_TOTAL,IO_PCODE,IO_DCODE) values (452,'2018-07-28','매출',91,2500,227500,'P0199','D0187');
Insert into TBL_IOLIST (IO_SEQ,IO_DATE,IO_INOUT,IO_QTY,IO_PRICE,IO_TOTAL,IO_PCODE,IO_DCODE) values (453,'2018-08-08','매출',70,3000,210000,'P0237','D0001');
Insert into TBL_IOLIST (IO_SEQ,IO_DATE,IO_INOUT,IO_QTY,IO_PRICE,IO_TOTAL,IO_PCODE,IO_DCODE) values (454,'2018-08-08','매출',70,3000,210000,'P0091','D0164');
Insert into TBL_IOLIST (IO_SEQ,IO_DATE,IO_INOUT,IO_QTY,IO_PRICE,IO_TOTAL,IO_PCODE,IO_DCODE) values (455,'2018-08-10','매출',82,3000,246000,'P0238','D0211');
Insert into TBL_IOLIST (IO_SEQ,IO_DATE,IO_INOUT,IO_QTY,IO_PRICE,IO_TOTAL,IO_PCODE,IO_DCODE) values (456,'2018-08-11','매출',92,3000,276000,'P0002','D0165');
Insert into TBL_IOLIST (IO_SEQ,IO_DATE,IO_INOUT,IO_QTY,IO_PRICE,IO_TOTAL,IO_PCODE,IO_DCODE) values (457,'2018-08-11','매출',85,600,51000,'P0151','D0212');
Insert into TBL_IOLIST (IO_SEQ,IO_DATE,IO_INOUT,IO_QTY,IO_PRICE,IO_TOTAL,IO_PCODE,IO_DCODE) values (458,'2018-08-12','매출',51,600,30600,'P0045','D0126');
Insert into TBL_IOLIST (IO_SEQ,IO_DATE,IO_INOUT,IO_QTY,IO_PRICE,IO_TOTAL,IO_PCODE,IO_DCODE) values (459,'2018-08-12','매출',83,1000,83000,'P0152','D0039');
Insert into TBL_IOLIST (IO_SEQ,IO_DATE,IO_INOUT,IO_QTY,IO_PRICE,IO_TOTAL,IO_PCODE,IO_DCODE) values (460,'2018-08-12','매출',90,2000,180000,'P0092','D0002');
Insert into TBL_IOLIST (IO_SEQ,IO_DATE,IO_INOUT,IO_QTY,IO_PRICE,IO_TOTAL,IO_PCODE,IO_DCODE) values (461,'2018-08-13','매출',83,1800,149400,'P0347','D0127');
Insert into TBL_IOLIST (IO_SEQ,IO_DATE,IO_INOUT,IO_QTY,IO_PRICE,IO_TOTAL,IO_PCODE,IO_DCODE) values (462,'2018-08-13','매출',70,1800,126000,'P0153','D0213');
Insert into TBL_IOLIST (IO_SEQ,IO_DATE,IO_INOUT,IO_QTY,IO_PRICE,IO_TOTAL,IO_PCODE,IO_DCODE) values (463,'2018-08-15','매출',59,600,35400,'P0200','D0063');
Insert into TBL_IOLIST (IO_SEQ,IO_DATE,IO_INOUT,IO_QTY,IO_PRICE,IO_TOTAL,IO_PCODE,IO_DCODE) values (464,'2018-08-15','매출',57,1000,57000,'P0046','D0003');
Insert into TBL_IOLIST (IO_SEQ,IO_DATE,IO_INOUT,IO_QTY,IO_PRICE,IO_TOTAL,IO_PCODE,IO_DCODE) values (465,'2018-08-15','매출',82,500,41000,'P0239','D0214');
Insert into TBL_IOLIST (IO_SEQ,IO_DATE,IO_INOUT,IO_QTY,IO_PRICE,IO_TOTAL,IO_PCODE,IO_DCODE) values (466,'2018-08-15','매출',90,2000,180000,'P0291','D0188');
Insert into TBL_IOLIST (IO_SEQ,IO_DATE,IO_INOUT,IO_QTY,IO_PRICE,IO_TOTAL,IO_PCODE,IO_DCODE) values (467,'2018-08-15','매출',86,3000,258000,'P0240','D0189');
Insert into TBL_IOLIST (IO_SEQ,IO_DATE,IO_INOUT,IO_QTY,IO_PRICE,IO_TOTAL,IO_PCODE,IO_DCODE) values (468,'2018-08-16','매출',80,300,24000,'P0154','D0097');
Insert into TBL_IOLIST (IO_SEQ,IO_DATE,IO_INOUT,IO_QTY,IO_PRICE,IO_TOTAL,IO_PCODE,IO_DCODE) values (469,'2018-08-17','매출',75,20000,1500000,'P0093','D0004');
Insert into TBL_IOLIST (IO_SEQ,IO_DATE,IO_INOUT,IO_QTY,IO_PRICE,IO_TOTAL,IO_PCODE,IO_DCODE) values (470,'2018-08-17','매출',90,12000,1080000,'P0348','D0190');
Insert into TBL_IOLIST (IO_SEQ,IO_DATE,IO_INOUT,IO_QTY,IO_PRICE,IO_TOTAL,IO_PCODE,IO_DCODE) values (471,'2018-08-17','매출',93,1000,93000,'P0003','D0040');
Insert into TBL_IOLIST (IO_SEQ,IO_DATE,IO_INOUT,IO_QTY,IO_PRICE,IO_TOTAL,IO_PCODE,IO_DCODE) values (472,'2018-08-18','매출',53,5000,265000,'P0292','D0128');
Insert into TBL_IOLIST (IO_SEQ,IO_DATE,IO_INOUT,IO_QTY,IO_PRICE,IO_TOTAL,IO_PCODE,IO_DCODE) values (473,'2018-08-18','매출',93,2500,232500,'P0155','D0064');
Insert into TBL_IOLIST (IO_SEQ,IO_DATE,IO_INOUT,IO_QTY,IO_PRICE,IO_TOTAL,IO_PCODE,IO_DCODE) values (474,'2018-08-18','매출',94,700,65800,'P0293','D0129');
Insert into TBL_IOLIST (IO_SEQ,IO_DATE,IO_INOUT,IO_QTY,IO_PRICE,IO_TOTAL,IO_PCODE,IO_DCODE) values (475,'2018-08-20','매출',50,800,40000,'P0241','D0065');
Insert into TBL_IOLIST (IO_SEQ,IO_DATE,IO_INOUT,IO_QTY,IO_PRICE,IO_TOTAL,IO_PCODE,IO_DCODE) values (476,'2018-08-21','매출',95,1500,142500,'P0242','D0002');
Insert into TBL_IOLIST (IO_SEQ,IO_DATE,IO_INOUT,IO_QTY,IO_PRICE,IO_TOTAL,IO_PCODE,IO_DCODE) values (477,'2018-08-22','매출',52,1000,52000,'P0349','D0191');
Insert into TBL_IOLIST (IO_SEQ,IO_DATE,IO_INOUT,IO_QTY,IO_PRICE,IO_TOTAL,IO_PCODE,IO_DCODE) values (478,'2018-08-22','매출',53,4000,212000,'P0094','D0066');
Insert into TBL_IOLIST (IO_SEQ,IO_DATE,IO_INOUT,IO_QTY,IO_PRICE,IO_TOTAL,IO_PCODE,IO_DCODE) values (479,'2018-08-23','매출',83,2800,232400,'P0350','D0130');
Insert into TBL_IOLIST (IO_SEQ,IO_DATE,IO_INOUT,IO_QTY,IO_PRICE,IO_TOTAL,IO_PCODE,IO_DCODE) values (480,'2018-08-24','매출',97,1200,116400,'P0156','D0067');
Insert into TBL_IOLIST (IO_SEQ,IO_DATE,IO_INOUT,IO_QTY,IO_PRICE,IO_TOTAL,IO_PCODE,IO_DCODE) values (481,'2018-08-24','매출',59,2500,147500,'P0157','D0192');
Insert into TBL_IOLIST (IO_SEQ,IO_DATE,IO_INOUT,IO_QTY,IO_PRICE,IO_TOTAL,IO_PCODE,IO_DCODE) values (482,'2018-08-24','매출',61,1000,61000,'P0294','D0005');
Insert into TBL_IOLIST (IO_SEQ,IO_DATE,IO_INOUT,IO_QTY,IO_PRICE,IO_TOTAL,IO_PCODE,IO_DCODE) values (483,'2018-08-24','매출',84,1500,126000,'P0351','D0006');
Insert into TBL_IOLIST (IO_SEQ,IO_DATE,IO_INOUT,IO_QTY,IO_PRICE,IO_TOTAL,IO_PCODE,IO_DCODE) values (484,'2018-08-25','매출',97,1000,97000,'P0158','D0065');
Insert into TBL_IOLIST (IO_SEQ,IO_DATE,IO_INOUT,IO_QTY,IO_PRICE,IO_TOTAL,IO_PCODE,IO_DCODE) values (485,'2018-08-27','매출',95,1800,171000,'P0295','D0007');
Insert into TBL_IOLIST (IO_SEQ,IO_DATE,IO_INOUT,IO_QTY,IO_PRICE,IO_TOTAL,IO_PCODE,IO_DCODE) values (486,'2018-08-27','매출',64,2500,160000,'P0243','D0098');
Insert into TBL_IOLIST (IO_SEQ,IO_DATE,IO_INOUT,IO_QTY,IO_PRICE,IO_TOTAL,IO_PCODE,IO_DCODE) values (487,'2018-08-28','매출',54,500,27000,'P0047','D0008');
Insert into TBL_IOLIST (IO_SEQ,IO_DATE,IO_INOUT,IO_QTY,IO_PRICE,IO_TOTAL,IO_PCODE,IO_DCODE) values (488,'2018-08-28','매출',75,1500,112500,'P0296','D0190');
Insert into TBL_IOLIST (IO_SEQ,IO_DATE,IO_INOUT,IO_QTY,IO_PRICE,IO_TOTAL,IO_PCODE,IO_DCODE) values (489,'2018-08-28','매출',59,1500,88500,'P0048','D0001');
Insert into TBL_IOLIST (IO_SEQ,IO_DATE,IO_INOUT,IO_QTY,IO_PRICE,IO_TOTAL,IO_PCODE,IO_DCODE) values (490,'2018-09-01','매출',66,600,39600,'P0352','D0166');
Insert into TBL_IOLIST (IO_SEQ,IO_DATE,IO_INOUT,IO_QTY,IO_PRICE,IO_TOTAL,IO_PCODE,IO_DCODE) values (491,'2018-09-22','매출',55,1800,99000,'P0095','D0167');
Insert into TBL_IOLIST (IO_SEQ,IO_DATE,IO_INOUT,IO_QTY,IO_PRICE,IO_TOTAL,IO_PCODE,IO_DCODE) values (492,'2018-09-23','매출',85,4000,340000,'P0244','D0009');
Insert into TBL_IOLIST (IO_SEQ,IO_DATE,IO_INOUT,IO_QTY,IO_PRICE,IO_TOTAL,IO_PCODE,IO_DCODE) values (493,'2018-09-23','매출',85,1000,85000,'P0004','D0131');
Insert into TBL_IOLIST (IO_SEQ,IO_DATE,IO_INOUT,IO_QTY,IO_PRICE,IO_TOTAL,IO_PCODE,IO_DCODE) values (494,'2018-09-23','매출',85,700,59500,'P0245','D0099');
Insert into TBL_IOLIST (IO_SEQ,IO_DATE,IO_INOUT,IO_QTY,IO_PRICE,IO_TOTAL,IO_PCODE,IO_DCODE) values (495,'2018-09-23','매출',50,800,40000,'P0297','D0193');
Insert into TBL_IOLIST (IO_SEQ,IO_DATE,IO_INOUT,IO_QTY,IO_PRICE,IO_TOTAL,IO_PCODE,IO_DCODE) values (496,'2018-09-23','매출',83,1000,83000,'P0005','D0132');
Insert into TBL_IOLIST (IO_SEQ,IO_DATE,IO_INOUT,IO_QTY,IO_PRICE,IO_TOTAL,IO_PCODE,IO_DCODE) values (497,'2018-09-24','매출',89,1500,133500,'P0006','D0041');
Insert into TBL_IOLIST (IO_SEQ,IO_DATE,IO_INOUT,IO_QTY,IO_PRICE,IO_TOTAL,IO_PCODE,IO_DCODE) values (498,'2018-09-25','매출',72,600,43200,'P0352','D0010');
Insert into TBL_IOLIST (IO_SEQ,IO_DATE,IO_INOUT,IO_QTY,IO_PRICE,IO_TOTAL,IO_PCODE,IO_DCODE) values (499,'2018-09-25','매출',60,500,30000,'P0239','D0041');
Insert into TBL_IOLIST (IO_SEQ,IO_DATE,IO_INOUT,IO_QTY,IO_PRICE,IO_TOTAL,IO_PCODE,IO_DCODE) values (500,'2018-09-25','매출',97,1500,145500,'P0096','D0011');
Insert into TBL_IOLIST (IO_SEQ,IO_DATE,IO_INOUT,IO_QTY,IO_PRICE,IO_TOTAL,IO_PCODE,IO_DCODE) values (501,'2018-09-25','매출',72,1000,72000,'P0004','D0194');
Insert into TBL_IOLIST (IO_SEQ,IO_DATE,IO_INOUT,IO_QTY,IO_PRICE,IO_TOTAL,IO_PCODE,IO_DCODE) values (502,'2018-09-26','매출',95,1200,114000,'P0246','D0168');
Insert into TBL_IOLIST (IO_SEQ,IO_DATE,IO_INOUT,IO_QTY,IO_PRICE,IO_TOTAL,IO_PCODE,IO_DCODE) values (503,'2018-09-27','매출',96,2500,240000,'P0007','D0100');
Insert into TBL_IOLIST (IO_SEQ,IO_DATE,IO_INOUT,IO_QTY,IO_PRICE,IO_TOTAL,IO_PCODE,IO_DCODE) values (504,'2018-09-27','매출',90,800,72000,'P0247','D0005');
Insert into TBL_IOLIST (IO_SEQ,IO_DATE,IO_INOUT,IO_QTY,IO_PRICE,IO_TOTAL,IO_PCODE,IO_DCODE) values (505,'2018-09-28','매출',93,500,46500,'P0201','D0169');
Insert into TBL_IOLIST (IO_SEQ,IO_DATE,IO_INOUT,IO_QTY,IO_PRICE,IO_TOTAL,IO_PCODE,IO_DCODE) values (506,'2018-09-28','매출',53,2500,132500,'P0097','D0170');
Insert into TBL_IOLIST (IO_SEQ,IO_DATE,IO_INOUT,IO_QTY,IO_PRICE,IO_TOTAL,IO_PCODE,IO_DCODE) values (507,'2018-09-28','매출',86,1500,129000,'P0248','D0133');
Insert into TBL_IOLIST (IO_SEQ,IO_DATE,IO_INOUT,IO_QTY,IO_PRICE,IO_TOTAL,IO_PCODE,IO_DCODE) values (508,'2018-09-28','매출',57,18000,1026000,'P0049','D0068');
Insert into TBL_IOLIST (IO_SEQ,IO_DATE,IO_INOUT,IO_QTY,IO_PRICE,IO_TOTAL,IO_PCODE,IO_DCODE) values (509,'2018-09-28','매출',94,800,75200,'P0249','D0042');
Insert into TBL_IOLIST (IO_SEQ,IO_DATE,IO_INOUT,IO_QTY,IO_PRICE,IO_TOTAL,IO_PCODE,IO_DCODE) values (510,'2018-10-01','매출',99,500,49500,'P0353','D0101');
Insert into TBL_IOLIST (IO_SEQ,IO_DATE,IO_INOUT,IO_QTY,IO_PRICE,IO_TOTAL,IO_PCODE,IO_DCODE) values (511,'2018-10-01','매출',96,1200,115200,'P0354','D0069');
Insert into TBL_IOLIST (IO_SEQ,IO_DATE,IO_INOUT,IO_QTY,IO_PRICE,IO_TOTAL,IO_PCODE,IO_DCODE) values (512,'2018-10-02','매출',97,3000,291000,'P0008','D0102');
Insert into TBL_IOLIST (IO_SEQ,IO_DATE,IO_INOUT,IO_QTY,IO_PRICE,IO_TOTAL,IO_PCODE,IO_DCODE) values (513,'2018-10-03','매출',57,5000,285000,'P0202','D0012');
Insert into TBL_IOLIST (IO_SEQ,IO_DATE,IO_INOUT,IO_QTY,IO_PRICE,IO_TOTAL,IO_PCODE,IO_DCODE) values (514,'2018-10-03','매출',66,700,46200,'P0050','D0103');
Insert into TBL_IOLIST (IO_SEQ,IO_DATE,IO_INOUT,IO_QTY,IO_PRICE,IO_TOTAL,IO_PCODE,IO_DCODE) values (515,'2018-10-03','매출',79,1300,102700,'P0098','D0167');
Insert into TBL_IOLIST (IO_SEQ,IO_DATE,IO_INOUT,IO_QTY,IO_PRICE,IO_TOTAL,IO_PCODE,IO_DCODE) values (516,'2018-10-04','매출',95,3000,285000,'P0009','D0190');
Insert into TBL_IOLIST (IO_SEQ,IO_DATE,IO_INOUT,IO_QTY,IO_PRICE,IO_TOTAL,IO_PCODE,IO_DCODE) values (517,'2018-10-04','매출',51,7000,357000,'P0159','D0008');
Insert into TBL_IOLIST (IO_SEQ,IO_DATE,IO_INOUT,IO_QTY,IO_PRICE,IO_TOTAL,IO_PCODE,IO_DCODE) values (518,'2018-10-05','매출',82,1500,123000,'P0250','D0043');
Insert into TBL_IOLIST (IO_SEQ,IO_DATE,IO_INOUT,IO_QTY,IO_PRICE,IO_TOTAL,IO_PCODE,IO_DCODE) values (519,'2018-10-05','매출',62,2500,155000,'P0298','D0171');
Insert into TBL_IOLIST (IO_SEQ,IO_DATE,IO_INOUT,IO_QTY,IO_PRICE,IO_TOTAL,IO_PCODE,IO_DCODE) values (520,'2018-10-06','매출',63,700,44100,'P0051','D0172');
Insert into TBL_IOLIST (IO_SEQ,IO_DATE,IO_INOUT,IO_QTY,IO_PRICE,IO_TOTAL,IO_PCODE,IO_DCODE) values (521,'2018-10-06','매출',55,1000,55000,'P0203','D0008');
Insert into TBL_IOLIST (IO_SEQ,IO_DATE,IO_INOUT,IO_QTY,IO_PRICE,IO_TOTAL,IO_PCODE,IO_DCODE) values (522,'2018-11-08','매출',50,1000,50000,'P0204','D0215');
Insert into TBL_IOLIST (IO_SEQ,IO_DATE,IO_INOUT,IO_QTY,IO_PRICE,IO_TOTAL,IO_PCODE,IO_DCODE) values (523,'2018-11-08','매출',70,1500,105000,'P0099','D0039');
Insert into TBL_IOLIST (IO_SEQ,IO_DATE,IO_INOUT,IO_QTY,IO_PRICE,IO_TOTAL,IO_PCODE,IO_DCODE) values (524,'2018-11-09','매출',59,3000,177000,'P0002','D0216');
Insert into TBL_IOLIST (IO_SEQ,IO_DATE,IO_INOUT,IO_QTY,IO_PRICE,IO_TOTAL,IO_PCODE,IO_DCODE) values (525,'2018-11-10','매출',50,1000,50000,'P0251','D0187');
Insert into TBL_IOLIST (IO_SEQ,IO_DATE,IO_INOUT,IO_QTY,IO_PRICE,IO_TOTAL,IO_PCODE,IO_DCODE) values (526,'2018-11-11','매출',90,800,72000,'P0010','D0173');
Insert into TBL_IOLIST (IO_SEQ,IO_DATE,IO_INOUT,IO_QTY,IO_PRICE,IO_TOTAL,IO_PCODE,IO_DCODE) values (527,'2018-11-13','매출',75,5000,375000,'P0252','D0070');
Insert into TBL_IOLIST (IO_SEQ,IO_DATE,IO_INOUT,IO_QTY,IO_PRICE,IO_TOTAL,IO_PCODE,IO_DCODE) values (528,'2018-11-13','매출',77,1000,77000,'P0011','D0104');
Insert into TBL_IOLIST (IO_SEQ,IO_DATE,IO_INOUT,IO_QTY,IO_PRICE,IO_TOTAL,IO_PCODE,IO_DCODE) values (529,'2018-11-14','매출',81,1500,121500,'P0299','D0134');
Insert into TBL_IOLIST (IO_SEQ,IO_DATE,IO_INOUT,IO_QTY,IO_PRICE,IO_TOTAL,IO_PCODE,IO_DCODE) values (530,'2018-11-15','매출',80,1500,120000,'P0160','D0013');
Insert into TBL_IOLIST (IO_SEQ,IO_DATE,IO_INOUT,IO_QTY,IO_PRICE,IO_TOTAL,IO_PCODE,IO_DCODE) values (531,'2018-11-17','매출',97,1000,97000,'P0253','D0192');
Insert into TBL_IOLIST (IO_SEQ,IO_DATE,IO_INOUT,IO_QTY,IO_PRICE,IO_TOTAL,IO_PCODE,IO_DCODE) values (532,'2018-11-17','매출',100,1500,150000,'P0052','D0071');
Insert into TBL_IOLIST (IO_SEQ,IO_DATE,IO_INOUT,IO_QTY,IO_PRICE,IO_TOTAL,IO_PCODE,IO_DCODE) values (533,'2018-11-17','매출',55,1200,66000,'P0100','D0135');
Insert into TBL_IOLIST (IO_SEQ,IO_DATE,IO_INOUT,IO_QTY,IO_PRICE,IO_TOTAL,IO_PCODE,IO_DCODE) values (534,'2018-11-20','매출',82,2500,205000,'P0300','D0168');
Insert into TBL_IOLIST (IO_SEQ,IO_DATE,IO_INOUT,IO_QTY,IO_PRICE,IO_TOTAL,IO_PCODE,IO_DCODE) values (535,'2018-11-20','매출',62,1300,80600,'P0101','D0007');
Insert into TBL_IOLIST (IO_SEQ,IO_DATE,IO_INOUT,IO_QTY,IO_PRICE,IO_TOTAL,IO_PCODE,IO_DCODE) values (536,'2018-11-20','매출',100,600,60000,'P0301','D0136');
Insert into TBL_IOLIST (IO_SEQ,IO_DATE,IO_INOUT,IO_QTY,IO_PRICE,IO_TOTAL,IO_PCODE,IO_DCODE) values (537,'2018-11-20','매출',62,1500,93000,'P0302','D0014');
Insert into TBL_IOLIST (IO_SEQ,IO_DATE,IO_INOUT,IO_QTY,IO_PRICE,IO_TOTAL,IO_PCODE,IO_DCODE) values (538,'2018-11-21','매출',67,500,33500,'P0161','D0070');
Insert into TBL_IOLIST (IO_SEQ,IO_DATE,IO_INOUT,IO_QTY,IO_PRICE,IO_TOTAL,IO_PCODE,IO_DCODE) values (539,'2018-11-23','매출',73,1500,109500,'P0162','D0164');
Insert into TBL_IOLIST (IO_SEQ,IO_DATE,IO_INOUT,IO_QTY,IO_PRICE,IO_TOTAL,IO_PCODE,IO_DCODE) values (540,'2018-11-23','매출',57,1500,85500,'P0303','D0174');
Insert into TBL_IOLIST (IO_SEQ,IO_DATE,IO_INOUT,IO_QTY,IO_PRICE,IO_TOTAL,IO_PCODE,IO_DCODE) values (541,'2018-11-23','매출',93,2800,260400,'P0254','D0137');
Insert into TBL_IOLIST (IO_SEQ,IO_DATE,IO_INOUT,IO_QTY,IO_PRICE,IO_TOTAL,IO_PCODE,IO_DCODE) values (542,'2018-11-23','매출',93,1500,139500,'P0160','D0138');
Insert into TBL_IOLIST (IO_SEQ,IO_DATE,IO_INOUT,IO_QTY,IO_PRICE,IO_TOTAL,IO_PCODE,IO_DCODE) values (543,'2018-11-25','매출',95,1000,95000,'P0355','D0013');
Insert into TBL_IOLIST (IO_SEQ,IO_DATE,IO_INOUT,IO_QTY,IO_PRICE,IO_TOTAL,IO_PCODE,IO_DCODE) values (544,'2018-11-28','매출',59,1800,106200,'P0295','D0217');
Insert into TBL_IOLIST (IO_SEQ,IO_DATE,IO_INOUT,IO_QTY,IO_PRICE,IO_TOTAL,IO_PCODE,IO_DCODE) values (545,'2018-11-28','매출',78,1000,78000,'P0163','D0139');
Insert into TBL_IOLIST (IO_SEQ,IO_DATE,IO_INOUT,IO_QTY,IO_PRICE,IO_TOTAL,IO_PCODE,IO_DCODE) values (1,'2018-01-02','매입',66,497,32802,'P0053','D0140');
Insert into TBL_IOLIST (IO_SEQ,IO_DATE,IO_INOUT,IO_QTY,IO_PRICE,IO_TOTAL,IO_PCODE,IO_DCODE) values (2,'2018-01-02','매입',89,245,21805,'P0102','D0218');
Insert into TBL_IOLIST (IO_SEQ,IO_DATE,IO_INOUT,IO_QTY,IO_PRICE,IO_TOTAL,IO_PCODE,IO_DCODE) values (3,'2018-01-02','매입',94,295,27730,'P0255','D0063');
Insert into TBL_IOLIST (IO_SEQ,IO_DATE,IO_INOUT,IO_QTY,IO_PRICE,IO_TOTAL,IO_PCODE,IO_DCODE) values (4,'2018-01-03','매입',87,2745,238815,'P0356','D0133');
Insert into TBL_IOLIST (IO_SEQ,IO_DATE,IO_INOUT,IO_QTY,IO_PRICE,IO_TOTAL,IO_PCODE,IO_DCODE) values (5,'2018-01-04','매입',94,555,52170,'P0054','D0044');
Insert into TBL_IOLIST (IO_SEQ,IO_DATE,IO_INOUT,IO_QTY,IO_PRICE,IO_TOTAL,IO_PCODE,IO_DCODE) values (6,'2018-01-06','매입',66,622,41052,'P0164','D0105');
Insert into TBL_IOLIST (IO_SEQ,IO_DATE,IO_INOUT,IO_QTY,IO_PRICE,IO_TOTAL,IO_PCODE,IO_DCODE) values (7,'2018-01-07','매입',100,1885,188500,'P0304','D0216');
Insert into TBL_IOLIST (IO_SEQ,IO_DATE,IO_INOUT,IO_QTY,IO_PRICE,IO_TOTAL,IO_PCODE,IO_DCODE) values (8,'2018-01-07','매입',84,491,41244,'P0103','D0137');
Insert into TBL_IOLIST (IO_SEQ,IO_DATE,IO_INOUT,IO_QTY,IO_PRICE,IO_TOTAL,IO_PCODE,IO_DCODE) values (9,'2018-01-07','매입',78,591,46098,'P0011','D0141');
Insert into TBL_IOLIST (IO_SEQ,IO_DATE,IO_INOUT,IO_QTY,IO_PRICE,IO_TOTAL,IO_PCODE,IO_DCODE) values (10,'2018-01-10','매입',93,1255,116715,'P0012','D0219');
Insert into TBL_IOLIST (IO_SEQ,IO_DATE,IO_INOUT,IO_QTY,IO_PRICE,IO_TOTAL,IO_PCODE,IO_DCODE) values (11,'2018-01-10','매입',73,8240,601520,'P0013','D0142');
Insert into TBL_IOLIST (IO_SEQ,IO_DATE,IO_INOUT,IO_QTY,IO_PRICE,IO_TOTAL,IO_PCODE,IO_DCODE) values (12,'2018-01-11','매입',89,1844,164116,'P0256','D0013');
Insert into TBL_IOLIST (IO_SEQ,IO_DATE,IO_INOUT,IO_QTY,IO_PRICE,IO_TOTAL,IO_PCODE,IO_DCODE) values (13,'2018-01-12','매입',73,409,29857,'P0305','D0131');
Insert into TBL_IOLIST (IO_SEQ,IO_DATE,IO_INOUT,IO_QTY,IO_PRICE,IO_TOTAL,IO_PCODE,IO_DCODE) values (14,'2018-01-12','매입',78,2196,171288,'P0306','D0045');
Insert into TBL_IOLIST (IO_SEQ,IO_DATE,IO_INOUT,IO_QTY,IO_PRICE,IO_TOTAL,IO_PCODE,IO_DCODE) values (15,'2018-01-12','매입',68,655,44540,'P0152','D0142');
Insert into TBL_IOLIST (IO_SEQ,IO_DATE,IO_INOUT,IO_QTY,IO_PRICE,IO_TOTAL,IO_PCODE,IO_DCODE) values (16,'2018-01-15','매입',79,311,24569,'P0307','D0143');
Insert into TBL_IOLIST (IO_SEQ,IO_DATE,IO_INOUT,IO_QTY,IO_PRICE,IO_TOTAL,IO_PCODE,IO_DCODE) values (17,'2018-01-15','매입',64,436,27904,'P0357','D0015');
Insert into TBL_IOLIST (IO_SEQ,IO_DATE,IO_INOUT,IO_QTY,IO_PRICE,IO_TOTAL,IO_PCODE,IO_DCODE) values (18,'2018-01-16','매입',60,647,38820,'P0104','D0046');
Insert into TBL_IOLIST (IO_SEQ,IO_DATE,IO_INOUT,IO_QTY,IO_PRICE,IO_TOTAL,IO_PCODE,IO_DCODE) values (19,'2018-01-17','매입',56,2065,115640,'P0358','D0072');
Insert into TBL_IOLIST (IO_SEQ,IO_DATE,IO_INOUT,IO_QTY,IO_PRICE,IO_TOTAL,IO_PCODE,IO_DCODE) values (20,'2018-01-17','매입',88,887,78056,'P0105','D0211');
Insert into TBL_IOLIST (IO_SEQ,IO_DATE,IO_INOUT,IO_QTY,IO_PRICE,IO_TOTAL,IO_PCODE,IO_DCODE) values (21,'2018-01-18','매입',50,245,12250,'P0165','D0101');
Insert into TBL_IOLIST (IO_SEQ,IO_DATE,IO_INOUT,IO_QTY,IO_PRICE,IO_TOTAL,IO_PCODE,IO_DCODE) values (22,'2018-01-19','매입',77,1844,141988,'P0205','D0106');
Insert into TBL_IOLIST (IO_SEQ,IO_DATE,IO_INOUT,IO_QTY,IO_PRICE,IO_TOTAL,IO_PCODE,IO_DCODE) values (23,'2018-01-19','매입',54,286,15444,'P0158','D0195');
Insert into TBL_IOLIST (IO_SEQ,IO_DATE,IO_INOUT,IO_QTY,IO_PRICE,IO_TOTAL,IO_PCODE,IO_DCODE) values (24,'2018-01-24','매입',58,327,18966,'P0257','D0196');
Insert into TBL_IOLIST (IO_SEQ,IO_DATE,IO_INOUT,IO_QTY,IO_PRICE,IO_TOTAL,IO_PCODE,IO_DCODE) values (25,'2018-01-24','매입',78,436,34008,'P0014','D0175');
Insert into TBL_IOLIST (IO_SEQ,IO_DATE,IO_INOUT,IO_QTY,IO_PRICE,IO_TOTAL,IO_PCODE,IO_DCODE) values (26,'2018-01-26','매입',72,2049,147528,'P0015','D0047');
Insert into TBL_IOLIST (IO_SEQ,IO_DATE,IO_INOUT,IO_QTY,IO_PRICE,IO_TOTAL,IO_PCODE,IO_DCODE) values (27,'2018-01-27','매입',97,614,59558,'P0258','D0197');
Insert into TBL_IOLIST (IO_SEQ,IO_DATE,IO_INOUT,IO_QTY,IO_PRICE,IO_TOTAL,IO_PCODE,IO_DCODE) values (28,'2018-01-27','매입',52,4500,234000,'P0359','D0048');
Insert into TBL_IOLIST (IO_SEQ,IO_DATE,IO_INOUT,IO_QTY,IO_PRICE,IO_TOTAL,IO_PCODE,IO_DCODE) values (29,'2018-02-03','매입',100,245,24500,'P0106','D0107');
Insert into TBL_IOLIST (IO_SEQ,IO_DATE,IO_INOUT,IO_QTY,IO_PRICE,IO_TOTAL,IO_PCODE,IO_DCODE) values (30,'2018-02-04','매입',87,655,56985,'P0206','D0176');
Insert into TBL_IOLIST (IO_SEQ,IO_DATE,IO_INOUT,IO_QTY,IO_PRICE,IO_TOTAL,IO_PCODE,IO_DCODE) values (31,'2018-02-04','매입',89,300,26700,'P0016','D0198');
Insert into TBL_IOLIST (IO_SEQ,IO_DATE,IO_INOUT,IO_QTY,IO_PRICE,IO_TOTAL,IO_PCODE,IO_DCODE) values (32,'2018-02-05','매입',73,409,29857,'P0207','D0220');
Insert into TBL_IOLIST (IO_SEQ,IO_DATE,IO_INOUT,IO_QTY,IO_PRICE,IO_TOTAL,IO_PCODE,IO_DCODE) values (33,'2018-02-05','매입',81,1311,106191,'P0092','D0176');
Insert into TBL_IOLIST (IO_SEQ,IO_DATE,IO_INOUT,IO_QTY,IO_PRICE,IO_TOTAL,IO_PCODE,IO_DCODE) values (34,'2018-02-07','매입',93,655,60915,'P0308','D0049');
Insert into TBL_IOLIST (IO_SEQ,IO_DATE,IO_INOUT,IO_QTY,IO_PRICE,IO_TOTAL,IO_PCODE,IO_DCODE) values (35,'2018-02-07','매입',78,384,29952,'P0166','D0073');
Insert into TBL_IOLIST (IO_SEQ,IO_DATE,IO_INOUT,IO_QTY,IO_PRICE,IO_TOTAL,IO_PCODE,IO_DCODE) values (36,'2018-02-08','매입',71,1647,116937,'P0360','D0008');
Insert into TBL_IOLIST (IO_SEQ,IO_DATE,IO_INOUT,IO_QTY,IO_PRICE,IO_TOTAL,IO_PCODE,IO_DCODE) values (37,'2018-02-09','매입',54,327,17658,'P0055','D0221');
Insert into TBL_IOLIST (IO_SEQ,IO_DATE,IO_INOUT,IO_QTY,IO_PRICE,IO_TOTAL,IO_PCODE,IO_DCODE) values (38,'2018-02-09','매입',100,655,65500,'P0056','D0177');
Insert into TBL_IOLIST (IO_SEQ,IO_DATE,IO_INOUT,IO_QTY,IO_PRICE,IO_TOTAL,IO_PCODE,IO_DCODE) values (39,'2018-02-19','매입',88,2745,241560,'P0259','D0016');
Insert into TBL_IOLIST (IO_SEQ,IO_DATE,IO_INOUT,IO_QTY,IO_PRICE,IO_TOTAL,IO_PCODE,IO_DCODE) values (40,'2018-02-19','매입',71,491,34861,'P0107','D0139');
Insert into TBL_IOLIST (IO_SEQ,IO_DATE,IO_INOUT,IO_QTY,IO_PRICE,IO_TOTAL,IO_PCODE,IO_DCODE) values (41,'2018-02-19','매입',69,311,21459,'P0057','D0017');
Insert into TBL_IOLIST (IO_SEQ,IO_DATE,IO_INOUT,IO_QTY,IO_PRICE,IO_TOTAL,IO_PCODE,IO_DCODE) values (42,'2018-02-20','매입',88,2049,180312,'P0208','D0050');
Insert into TBL_IOLIST (IO_SEQ,IO_DATE,IO_INOUT,IO_QTY,IO_PRICE,IO_TOTAL,IO_PCODE,IO_DCODE) values (43,'2018-02-21','매입',69,327,22563,'P0361','D0139');
Insert into TBL_IOLIST (IO_SEQ,IO_DATE,IO_INOUT,IO_QTY,IO_PRICE,IO_TOTAL,IO_PCODE,IO_DCODE) values (44,'2018-02-23','매입',55,655,36025,'P0108','D0018');
Insert into TBL_IOLIST (IO_SEQ,IO_DATE,IO_INOUT,IO_QTY,IO_PRICE,IO_TOTAL,IO_PCODE,IO_DCODE) values (45,'2018-02-24','매입',90,887,79830,'P0105','D0108');
Insert into TBL_IOLIST (IO_SEQ,IO_DATE,IO_INOUT,IO_QTY,IO_PRICE,IO_TOTAL,IO_PCODE,IO_DCODE) values (46,'2018-02-25','매입',82,650,53300,'P0309','D0199');
Insert into TBL_IOLIST (IO_SEQ,IO_DATE,IO_INOUT,IO_QTY,IO_PRICE,IO_TOTAL,IO_PCODE,IO_DCODE) values (47,'2018-02-26','매입',84,1844,154896,'P0362','D0186');
Insert into TBL_IOLIST (IO_SEQ,IO_DATE,IO_INOUT,IO_QTY,IO_PRICE,IO_TOTAL,IO_PCODE,IO_DCODE) values (48,'2018-03-01','매입',95,655,62225,'P0363','D0067');
Insert into TBL_IOLIST (IO_SEQ,IO_DATE,IO_INOUT,IO_QTY,IO_PRICE,IO_TOTAL,IO_PCODE,IO_DCODE) values (49,'2018-03-01','매입',89,573,50997,'P0167','D0108');
Insert into TBL_IOLIST (IO_SEQ,IO_DATE,IO_INOUT,IO_QTY,IO_PRICE,IO_TOTAL,IO_PCODE,IO_DCODE) values (50,'2018-03-01','매입',90,7377,663930,'P0364','D0074');
Insert into TBL_IOLIST (IO_SEQ,IO_DATE,IO_INOUT,IO_QTY,IO_PRICE,IO_TOTAL,IO_PCODE,IO_DCODE) values (51,'2018-03-01','매입',76,384,29184,'P0109','D0200');
Insert into TBL_IOLIST (IO_SEQ,IO_DATE,IO_INOUT,IO_QTY,IO_PRICE,IO_TOTAL,IO_PCODE,IO_DCODE) values (52,'2018-03-02','매입',100,204,20400,'P0110','D0222');
Insert into TBL_IOLIST (IO_SEQ,IO_DATE,IO_INOUT,IO_QTY,IO_PRICE,IO_TOTAL,IO_PCODE,IO_DCODE) values (53,'2018-03-03','매입',91,5778,525798,'P0017','D0019');
Insert into TBL_IOLIST (IO_SEQ,IO_DATE,IO_INOUT,IO_QTY,IO_PRICE,IO_TOTAL,IO_PCODE,IO_DCODE) values (54,'2018-03-03','매입',89,491,43699,'P0100','D0144');
Insert into TBL_IOLIST (IO_SEQ,IO_DATE,IO_INOUT,IO_QTY,IO_PRICE,IO_TOTAL,IO_PCODE,IO_DCODE) values (55,'2018-03-04','매입',54,1803,97362,'P0168','D0006');
Insert into TBL_IOLIST (IO_SEQ,IO_DATE,IO_INOUT,IO_QTY,IO_PRICE,IO_TOTAL,IO_PCODE,IO_DCODE) values (56,'2018-03-05','매입',73,901,65773,'P0111','D0109');
Insert into TBL_IOLIST (IO_SEQ,IO_DATE,IO_INOUT,IO_QTY,IO_PRICE,IO_TOTAL,IO_PCODE,IO_DCODE) values (57,'2018-03-05','매입',73,311,22703,'P0112','D0075');
Insert into TBL_IOLIST (IO_SEQ,IO_DATE,IO_INOUT,IO_QTY,IO_PRICE,IO_TOTAL,IO_PCODE,IO_DCODE) values (58,'2018-03-05','매입',50,819,40950,'P0058','D0007');
Insert into TBL_IOLIST (IO_SEQ,IO_DATE,IO_INOUT,IO_QTY,IO_PRICE,IO_TOTAL,IO_PCODE,IO_DCODE) values (59,'2018-03-07','매입',55,976,53680,'P0209','D0165');
Insert into TBL_IOLIST (IO_SEQ,IO_DATE,IO_INOUT,IO_QTY,IO_PRICE,IO_TOTAL,IO_PCODE,IO_DCODE) values (60,'2018-03-07','매입',81,286,23166,'P0158','D0076');
Insert into TBL_IOLIST (IO_SEQ,IO_DATE,IO_INOUT,IO_QTY,IO_PRICE,IO_TOTAL,IO_PCODE,IO_DCODE) values (61,'2018-03-10','매입',64,2622,167808,'P0018','D0004');
Insert into TBL_IOLIST (IO_SEQ,IO_DATE,IO_INOUT,IO_QTY,IO_PRICE,IO_TOTAL,IO_PCODE,IO_DCODE) values (62,'2018-03-11','매입',98,983,96334,'P0113','D0110');
Insert into TBL_IOLIST (IO_SEQ,IO_DATE,IO_INOUT,IO_QTY,IO_PRICE,IO_TOTAL,IO_PCODE,IO_DCODE) values (63,'2018-03-12','매입',62,2407,149234,'P0019','D0096');
Insert into TBL_IOLIST (IO_SEQ,IO_DATE,IO_INOUT,IO_QTY,IO_PRICE,IO_TOTAL,IO_PCODE,IO_DCODE) values (64,'2018-03-22','매입',59,409,24131,'P0365','D0201');
Insert into TBL_IOLIST (IO_SEQ,IO_DATE,IO_INOUT,IO_QTY,IO_PRICE,IO_TOTAL,IO_PCODE,IO_DCODE) values (65,'2018-03-22','매입',93,586,54498,'P0169','D0145');
Insert into TBL_IOLIST (IO_SEQ,IO_DATE,IO_INOUT,IO_QTY,IO_PRICE,IO_TOTAL,IO_PCODE,IO_DCODE) values (66,'2018-03-24','매입',72,655,47160,'P0210','D0077');
Insert into TBL_IOLIST (IO_SEQ,IO_DATE,IO_INOUT,IO_QTY,IO_PRICE,IO_TOTAL,IO_PCODE,IO_DCODE) values (67,'2018-03-24','매입',82,344,28208,'P0059','D0050');
Insert into TBL_IOLIST (IO_SEQ,IO_DATE,IO_INOUT,IO_QTY,IO_PRICE,IO_TOTAL,IO_PCODE,IO_DCODE) values (68,'2018-03-24','매입',69,1844,127236,'P0366','D0178');
Insert into TBL_IOLIST (IO_SEQ,IO_DATE,IO_INOUT,IO_QTY,IO_PRICE,IO_TOTAL,IO_PCODE,IO_DCODE) values (69,'2018-03-26','매입',83,286,23738,'P0260','D0020');
Insert into TBL_IOLIST (IO_SEQ,IO_DATE,IO_INOUT,IO_QTY,IO_PRICE,IO_TOTAL,IO_PCODE,IO_DCODE) values (70,'2018-03-26','매입',80,655,52400,'P0211','D0220');
Insert into TBL_IOLIST (IO_SEQ,IO_DATE,IO_INOUT,IO_QTY,IO_PRICE,IO_TOTAL,IO_PCODE,IO_DCODE) values (71,'2018-03-26','매입',85,245,20825,'P0060','D0007');
Insert into TBL_IOLIST (IO_SEQ,IO_DATE,IO_INOUT,IO_QTY,IO_PRICE,IO_TOTAL,IO_PCODE,IO_DCODE) values (72,'2018-03-27','매입',99,311,30789,'P0112','D0197');
Insert into TBL_IOLIST (IO_SEQ,IO_DATE,IO_INOUT,IO_QTY,IO_PRICE,IO_TOTAL,IO_PCODE,IO_DCODE) values (73,'2018-03-28','매입',97,983,95351,'P0170','D0176');
Insert into TBL_IOLIST (IO_SEQ,IO_DATE,IO_INOUT,IO_QTY,IO_PRICE,IO_TOTAL,IO_PCODE,IO_DCODE) values (74,'2018-04-01','매입',53,901,47753,'P0261','D0140');
Insert into TBL_IOLIST (IO_SEQ,IO_DATE,IO_INOUT,IO_QTY,IO_PRICE,IO_TOTAL,IO_PCODE,IO_DCODE) values (75,'2018-04-02','매입',100,896,89600,'P0171','D0051');
Insert into TBL_IOLIST (IO_SEQ,IO_DATE,IO_INOUT,IO_QTY,IO_PRICE,IO_TOTAL,IO_PCODE,IO_DCODE) values (76,'2018-04-02','매입',77,1775,136675,'P0172','D0078');
Insert into TBL_IOLIST (IO_SEQ,IO_DATE,IO_INOUT,IO_QTY,IO_PRICE,IO_TOTAL,IO_PCODE,IO_DCODE) values (77,'2018-04-03','매입',88,1311,115368,'P0092','D0177');
Insert into TBL_IOLIST (IO_SEQ,IO_DATE,IO_INOUT,IO_QTY,IO_PRICE,IO_TOTAL,IO_PCODE,IO_DCODE) values (78,'2018-04-04','매입',79,1475,116525,'P0300','D0145');
Insert into TBL_IOLIST (IO_SEQ,IO_DATE,IO_INOUT,IO_QTY,IO_PRICE,IO_TOTAL,IO_PCODE,IO_DCODE) values (79,'2018-04-05','매입',76,1121,85196,'P0262','D0021');
Insert into TBL_IOLIST (IO_SEQ,IO_DATE,IO_INOUT,IO_QTY,IO_PRICE,IO_TOTAL,IO_PCODE,IO_DCODE) values (80,'2018-04-05','매입',50,655,32750,'P0173','D0020');
Insert into TBL_IOLIST (IO_SEQ,IO_DATE,IO_INOUT,IO_QTY,IO_PRICE,IO_TOTAL,IO_PCODE,IO_DCODE) values (81,'2018-04-05','매입',61,2065,125965,'P0350','D0079');
Insert into TBL_IOLIST (IO_SEQ,IO_DATE,IO_INOUT,IO_QTY,IO_PRICE,IO_TOTAL,IO_PCODE,IO_DCODE) values (82,'2018-04-06','매입',84,2196,184464,'P0174','D0164');
Insert into TBL_IOLIST (IO_SEQ,IO_DATE,IO_INOUT,IO_QTY,IO_PRICE,IO_TOTAL,IO_PCODE,IO_DCODE) values (83,'2018-04-07','매입',72,573,41256,'P0263','D0223');
Insert into TBL_IOLIST (IO_SEQ,IO_DATE,IO_INOUT,IO_QTY,IO_PRICE,IO_TOTAL,IO_PCODE,IO_DCODE) values (84,'2018-04-08','매입',75,386,28950,'P0310','D0065');
Insert into TBL_IOLIST (IO_SEQ,IO_DATE,IO_INOUT,IO_QTY,IO_PRICE,IO_TOTAL,IO_PCODE,IO_DCODE) values (85,'2018-04-09','매입',93,4918,457374,'P0212','D0224');
Insert into TBL_IOLIST (IO_SEQ,IO_DATE,IO_INOUT,IO_QTY,IO_PRICE,IO_TOTAL,IO_PCODE,IO_DCODE) values (86,'2018-04-10','매입',98,491,48118,'P0367','D0104');
Insert into TBL_IOLIST (IO_SEQ,IO_DATE,IO_INOUT,IO_QTY,IO_PRICE,IO_TOTAL,IO_PCODE,IO_DCODE) values (87,'2018-04-11','매입',99,1844,182556,'P0311','D0022');
Insert into TBL_IOLIST (IO_SEQ,IO_DATE,IO_INOUT,IO_QTY,IO_PRICE,IO_TOTAL,IO_PCODE,IO_DCODE) values (88,'2018-05-03','매입',57,655,37335,'P0368','D0210');
Insert into TBL_IOLIST (IO_SEQ,IO_DATE,IO_INOUT,IO_QTY,IO_PRICE,IO_TOTAL,IO_PCODE,IO_DCODE) values (89,'2018-05-03','매입',81,1639,132759,'P0020','D0225');
Insert into TBL_IOLIST (IO_SEQ,IO_DATE,IO_INOUT,IO_QTY,IO_PRICE,IO_TOTAL,IO_PCODE,IO_DCODE) values (90,'2018-05-04','매입',62,655,40610,'P0114','D0177');
Insert into TBL_IOLIST (IO_SEQ,IO_DATE,IO_INOUT,IO_QTY,IO_PRICE,IO_TOTAL,IO_PCODE,IO_DCODE) values (91,'2018-05-05','매입',75,1704,127800,'P0061','D0146');
Insert into TBL_IOLIST (IO_SEQ,IO_DATE,IO_INOUT,IO_QTY,IO_PRICE,IO_TOTAL,IO_PCODE,IO_DCODE) values (92,'2018-05-05','매입',51,860,43860,'P0312','D0224');
Insert into TBL_IOLIST (IO_SEQ,IO_DATE,IO_INOUT,IO_QTY,IO_PRICE,IO_TOTAL,IO_PCODE,IO_DCODE) values (93,'2018-05-05','매입',89,409,36401,'P0001','D0226');
Insert into TBL_IOLIST (IO_SEQ,IO_DATE,IO_INOUT,IO_QTY,IO_PRICE,IO_TOTAL,IO_PCODE,IO_DCODE) values (94,'2018-05-05','매입',58,1844,106952,'P0313','D0023');
Insert into TBL_IOLIST (IO_SEQ,IO_DATE,IO_INOUT,IO_QTY,IO_PRICE,IO_TOTAL,IO_PCODE,IO_DCODE) values (95,'2018-05-06','매입',62,327,20274,'P0175','D0147');
Insert into TBL_IOLIST (IO_SEQ,IO_DATE,IO_INOUT,IO_QTY,IO_PRICE,IO_TOTAL,IO_PCODE,IO_DCODE) values (96,'2018-05-07','매입',82,368,30176,'P0021','D0070');
Insert into TBL_IOLIST (IO_SEQ,IO_DATE,IO_INOUT,IO_QTY,IO_PRICE,IO_TOTAL,IO_PCODE,IO_DCODE) values (97,'2018-05-08','매입',65,1844,119860,'P0062','D0220');
Insert into TBL_IOLIST (IO_SEQ,IO_DATE,IO_INOUT,IO_QTY,IO_PRICE,IO_TOTAL,IO_PCODE,IO_DCODE) values (98,'2018-05-09','매입',65,614,39910,'P0242','D0202');
Insert into TBL_IOLIST (IO_SEQ,IO_DATE,IO_INOUT,IO_QTY,IO_PRICE,IO_TOTAL,IO_PCODE,IO_DCODE) values (99,'2018-05-09','매입',97,286,27742,'P0158','D0102');
Insert into TBL_IOLIST (IO_SEQ,IO_DATE,IO_INOUT,IO_QTY,IO_PRICE,IO_TOTAL,IO_PCODE,IO_DCODE) values (100,'2018-05-10','매입',85,737,62645,'P0213','D0197');
Insert into TBL_IOLIST (IO_SEQ,IO_DATE,IO_INOUT,IO_QTY,IO_PRICE,IO_TOTAL,IO_PCODE,IO_DCODE) values (101,'2018-05-10','매입',76,295,22420,'P0214','D0005');
Insert into TBL_IOLIST (IO_SEQ,IO_DATE,IO_INOUT,IO_QTY,IO_PRICE,IO_TOTAL,IO_PCODE,IO_DCODE) values (102,'2018-05-11','매입',70,411,28770,'P0022','D0052');
Insert into TBL_IOLIST (IO_SEQ,IO_DATE,IO_INOUT,IO_QTY,IO_PRICE,IO_TOTAL,IO_PCODE,IO_DCODE) values (103,'2018-05-11','매입',58,1803,104574,'P0314','D0179');
Insert into TBL_IOLIST (IO_SEQ,IO_DATE,IO_INOUT,IO_QTY,IO_PRICE,IO_TOTAL,IO_PCODE,IO_DCODE) values (104,'2018-05-11','매입',74,1647,121878,'P0115','D0111');
Insert into TBL_IOLIST (IO_SEQ,IO_DATE,IO_INOUT,IO_QTY,IO_PRICE,IO_TOTAL,IO_PCODE,IO_DCODE) values (105,'2018-05-11','매입',85,901,76585,'P0063','D0169');
Insert into TBL_IOLIST (IO_SEQ,IO_DATE,IO_INOUT,IO_QTY,IO_PRICE,IO_TOTAL,IO_PCODE,IO_DCODE) values (106,'2018-05-12','매입',76,1172,89072,'P0264','D0148');
Insert into TBL_IOLIST (IO_SEQ,IO_DATE,IO_INOUT,IO_QTY,IO_PRICE,IO_TOTAL,IO_PCODE,IO_DCODE) values (107,'2018-05-12','매입',70,322,22540,'P0116','D0203');
Insert into TBL_IOLIST (IO_SEQ,IO_DATE,IO_INOUT,IO_QTY,IO_PRICE,IO_TOTAL,IO_PCODE,IO_DCODE) values (108,'2018-05-13','매입',66,737,48642,'P0215','D0053');
Insert into TBL_IOLIST (IO_SEQ,IO_DATE,IO_INOUT,IO_QTY,IO_PRICE,IO_TOTAL,IO_PCODE,IO_DCODE) values (109,'2018-05-16','매입',66,622,41052,'P0369','D0039');
Insert into TBL_IOLIST (IO_SEQ,IO_DATE,IO_INOUT,IO_QTY,IO_PRICE,IO_TOTAL,IO_PCODE,IO_DCODE) values (110,'2018-05-17','매입',67,491,32897,'P0351','D0054');
Insert into TBL_IOLIST (IO_SEQ,IO_DATE,IO_INOUT,IO_QTY,IO_PRICE,IO_TOTAL,IO_PCODE,IO_DCODE) values (111,'2018-05-17','매입',82,709,58138,'P0265','D0024');
Insert into TBL_IOLIST (IO_SEQ,IO_DATE,IO_INOUT,IO_QTY,IO_PRICE,IO_TOTAL,IO_PCODE,IO_DCODE) values (112,'2018-05-19','매입',86,622,53492,'P0176','D0204');
Insert into TBL_IOLIST (IO_SEQ,IO_DATE,IO_INOUT,IO_QTY,IO_PRICE,IO_TOTAL,IO_PCODE,IO_DCODE) values (113,'2018-05-20','매입',73,512,37376,'P0216','D0025');
Insert into TBL_IOLIST (IO_SEQ,IO_DATE,IO_INOUT,IO_QTY,IO_PRICE,IO_TOTAL,IO_PCODE,IO_DCODE) values (114,'2018-05-20','매입',98,245,24010,'P0102','D0071');
Insert into TBL_IOLIST (IO_SEQ,IO_DATE,IO_INOUT,IO_QTY,IO_PRICE,IO_TOTAL,IO_PCODE,IO_DCODE) values (115,'2018-05-21','매입',52,549,28548,'P0023','D0204');
Insert into TBL_IOLIST (IO_SEQ,IO_DATE,IO_INOUT,IO_QTY,IO_PRICE,IO_TOTAL,IO_PCODE,IO_DCODE) values (116,'2018-06-09','매입',60,901,54060,'P0111','D0149');
Insert into TBL_IOLIST (IO_SEQ,IO_DATE,IO_INOUT,IO_QTY,IO_PRICE,IO_TOTAL,IO_PCODE,IO_DCODE) values (117,'2018-06-10','매입',74,651,48174,'P0315','D0205');
Insert into TBL_IOLIST (IO_SEQ,IO_DATE,IO_INOUT,IO_QTY,IO_PRICE,IO_TOTAL,IO_PCODE,IO_DCODE) values (118,'2018-06-10','매입',96,655,62880,'P0173','D0173');
Insert into TBL_IOLIST (IO_SEQ,IO_DATE,IO_INOUT,IO_QTY,IO_PRICE,IO_TOTAL,IO_PCODE,IO_DCODE) values (119,'2018-06-11','매입',56,7377,413112,'P0266','D0147');
Insert into TBL_IOLIST (IO_SEQ,IO_DATE,IO_INOUT,IO_QTY,IO_PRICE,IO_TOTAL,IO_PCODE,IO_DCODE) values (120,'2018-06-12','매입',54,573,30942,'P0016','D0227');
Insert into TBL_IOLIST (IO_SEQ,IO_DATE,IO_INOUT,IO_QTY,IO_PRICE,IO_TOTAL,IO_PCODE,IO_DCODE) values (121,'2018-06-13','매입',71,368,26128,'P0267','D0026');
Insert into TBL_IOLIST (IO_SEQ,IO_DATE,IO_INOUT,IO_QTY,IO_PRICE,IO_TOTAL,IO_PCODE,IO_DCODE) values (122,'2018-06-13','매입',65,491,31915,'P0101','D0180');
Insert into TBL_IOLIST (IO_SEQ,IO_DATE,IO_INOUT,IO_QTY,IO_PRICE,IO_TOTAL,IO_PCODE,IO_DCODE) values (123,'2018-06-14','매입',78,409,31902,'P0064','D0150');
Insert into TBL_IOLIST (IO_SEQ,IO_DATE,IO_INOUT,IO_QTY,IO_PRICE,IO_TOTAL,IO_PCODE,IO_DCODE) values (124,'2018-06-28','매입',57,352,20064,'P0117','D0027');
Insert into TBL_IOLIST (IO_SEQ,IO_DATE,IO_INOUT,IO_QTY,IO_PRICE,IO_TOTAL,IO_PCODE,IO_DCODE) values (125,'2018-07-01','매입',68,386,26248,'P0217','D0028');
Insert into TBL_IOLIST (IO_SEQ,IO_DATE,IO_INOUT,IO_QTY,IO_PRICE,IO_TOTAL,IO_PCODE,IO_DCODE) values (126,'2018-07-02','매입',58,591,34278,'P0218','D0080');
Insert into TBL_IOLIST (IO_SEQ,IO_DATE,IO_INOUT,IO_QTY,IO_PRICE,IO_TOTAL,IO_PCODE,IO_DCODE) values (127,'2018-07-03','매입',89,622,55358,'P0177','D0187');
Insert into TBL_IOLIST (IO_SEQ,IO_DATE,IO_INOUT,IO_QTY,IO_PRICE,IO_TOTAL,IO_PCODE,IO_DCODE) values (128,'2018-07-03','매입',62,1844,114328,'P0256','D0081');
Insert into TBL_IOLIST (IO_SEQ,IO_DATE,IO_INOUT,IO_QTY,IO_PRICE,IO_TOTAL,IO_PCODE,IO_DCODE) values (129,'2018-07-05','매입',87,180,15660,'P0178','D0029');
Insert into TBL_IOLIST (IO_SEQ,IO_DATE,IO_INOUT,IO_QTY,IO_PRICE,IO_TOTAL,IO_PCODE,IO_DCODE) values (130,'2018-07-05','매입',75,413,30975,'P0179','D0221');
Insert into TBL_IOLIST (IO_SEQ,IO_DATE,IO_INOUT,IO_QTY,IO_PRICE,IO_TOTAL,IO_PCODE,IO_DCODE) values (131,'2018-07-28','매입',59,622,36698,'P0118','D0166');
Insert into TBL_IOLIST (IO_SEQ,IO_DATE,IO_INOUT,IO_QTY,IO_PRICE,IO_TOTAL,IO_PCODE,IO_DCODE) values (132,'2018-08-01','매입',54,1549,83646,'P0180','D0112');
Insert into TBL_IOLIST (IO_SEQ,IO_DATE,IO_INOUT,IO_QTY,IO_PRICE,IO_TOTAL,IO_PCODE,IO_DCODE) values (133,'2018-08-01','매입',67,2704,181168,'P0181','D0082');
Insert into TBL_IOLIST (IO_SEQ,IO_DATE,IO_INOUT,IO_QTY,IO_PRICE,IO_TOTAL,IO_PCODE,IO_DCODE) values (134,'2018-08-02','매입',61,614,37454,'P0370','D0211');
Insert into TBL_IOLIST (IO_SEQ,IO_DATE,IO_INOUT,IO_QTY,IO_PRICE,IO_TOTAL,IO_PCODE,IO_DCODE) values (135,'2018-08-02','매입',73,1885,137605,'P0219','D0195');
Insert into TBL_IOLIST (IO_SEQ,IO_DATE,IO_INOUT,IO_QTY,IO_PRICE,IO_TOTAL,IO_PCODE,IO_DCODE) values (136,'2018-08-02','매입',95,1758,167010,'P0182','D0191');
Insert into TBL_IOLIST (IO_SEQ,IO_DATE,IO_INOUT,IO_QTY,IO_PRICE,IO_TOTAL,IO_PCODE,IO_DCODE) values (137,'2018-08-03','매입',52,272,14144,'P0268','D0081');
Insert into TBL_IOLIST (IO_SEQ,IO_DATE,IO_INOUT,IO_QTY,IO_PRICE,IO_TOTAL,IO_PCODE,IO_DCODE) values (138,'2018-08-03','매입',95,413,39235,'P0065','D0002');
Insert into TBL_IOLIST (IO_SEQ,IO_DATE,IO_INOUT,IO_QTY,IO_PRICE,IO_TOTAL,IO_PCODE,IO_DCODE) values (139,'2018-08-03','매입',93,450,41850,'P0316','D0142');
Insert into TBL_IOLIST (IO_SEQ,IO_DATE,IO_INOUT,IO_QTY,IO_PRICE,IO_TOTAL,IO_PCODE,IO_DCODE) values (140,'2018-08-03','매입',79,341,26939,'P0269','D0181');
Insert into TBL_IOLIST (IO_SEQ,IO_DATE,IO_INOUT,IO_QTY,IO_PRICE,IO_TOTAL,IO_PCODE,IO_DCODE) values (141,'2018-08-03','매입',82,286,23452,'P0317','D0192');
Insert into TBL_IOLIST (IO_SEQ,IO_DATE,IO_INOUT,IO_QTY,IO_PRICE,IO_TOTAL,IO_PCODE,IO_DCODE) values (142,'2018-08-04','매입',79,450,35550,'P0371','D0055');
Insert into TBL_IOLIST (IO_SEQ,IO_DATE,IO_INOUT,IO_QTY,IO_PRICE,IO_TOTAL,IO_PCODE,IO_DCODE) values (143,'2018-08-04','매입',87,1180,102660,'P0024','D0113');
Insert into TBL_IOLIST (IO_SEQ,IO_DATE,IO_INOUT,IO_QTY,IO_PRICE,IO_TOTAL,IO_PCODE,IO_DCODE) values (144,'2018-08-04','매입',60,1475,88500,'P0318','D0056');
Insert into TBL_IOLIST (IO_SEQ,IO_DATE,IO_INOUT,IO_QTY,IO_PRICE,IO_TOTAL,IO_PCODE,IO_DCODE) values (145,'2018-08-04','매입',82,426,34932,'P0119','D0009');
Insert into TBL_IOLIST (IO_SEQ,IO_DATE,IO_INOUT,IO_QTY,IO_PRICE,IO_TOTAL,IO_PCODE,IO_DCODE) values (146,'2018-08-05','매입',58,614,35612,'P0025','D0114');
Insert into TBL_IOLIST (IO_SEQ,IO_DATE,IO_INOUT,IO_QTY,IO_PRICE,IO_TOTAL,IO_PCODE,IO_DCODE) values (147,'2018-08-05','매입',99,9016,892584,'P0120','D0206');
Insert into TBL_IOLIST (IO_SEQ,IO_DATE,IO_INOUT,IO_QTY,IO_PRICE,IO_TOTAL,IO_PCODE,IO_DCODE) values (148,'2018-08-08','매입',90,491,44190,'P0220','D0151');
Insert into TBL_IOLIST (IO_SEQ,IO_DATE,IO_INOUT,IO_QTY,IO_PRICE,IO_TOTAL,IO_PCODE,IO_DCODE) values (149,'2018-09-02','매입',86,622,53492,'P0221','D0175');
Insert into TBL_IOLIST (IO_SEQ,IO_DATE,IO_INOUT,IO_QTY,IO_PRICE,IO_TOTAL,IO_PCODE,IO_DCODE) values (150,'2018-09-02','매입',90,327,29430,'P0026','D0228');
Insert into TBL_IOLIST (IO_SEQ,IO_DATE,IO_INOUT,IO_QTY,IO_PRICE,IO_TOTAL,IO_PCODE,IO_DCODE) values (151,'2018-09-02','매입',99,532,52668,'P0121','D0179');
Insert into TBL_IOLIST (IO_SEQ,IO_DATE,IO_INOUT,IO_QTY,IO_PRICE,IO_TOTAL,IO_PCODE,IO_DCODE) values (152,'2018-09-03','매입',63,327,20601,'P0319','D0229');
Insert into TBL_IOLIST (IO_SEQ,IO_DATE,IO_INOUT,IO_QTY,IO_PRICE,IO_TOTAL,IO_PCODE,IO_DCODE) values (153,'2018-09-03','매입',80,976,78080,'P0372','D0152');
Insert into TBL_IOLIST (IO_SEQ,IO_DATE,IO_INOUT,IO_QTY,IO_PRICE,IO_TOTAL,IO_PCODE,IO_DCODE) values (154,'2018-09-04','매입',69,1696,117024,'P0027','D0182');
Insert into TBL_IOLIST (IO_SEQ,IO_DATE,IO_INOUT,IO_QTY,IO_PRICE,IO_TOTAL,IO_PCODE,IO_DCODE) values (155,'2018-09-05','매입',86,1844,158584,'P0270','D0046');
Insert into TBL_IOLIST (IO_SEQ,IO_DATE,IO_INOUT,IO_QTY,IO_PRICE,IO_TOTAL,IO_PCODE,IO_DCODE) values (156,'2018-09-06','매입',62,1967,121954,'P0373','D0230');
Insert into TBL_IOLIST (IO_SEQ,IO_DATE,IO_INOUT,IO_QTY,IO_PRICE,IO_TOTAL,IO_PCODE,IO_DCODE) values (157,'2018-09-06','매입',93,1844,171492,'P0122','D0078');
Insert into TBL_IOLIST (IO_SEQ,IO_DATE,IO_INOUT,IO_QTY,IO_PRICE,IO_TOTAL,IO_PCODE,IO_DCODE) values (158,'2018-09-06','매입',71,1844,130924,'P0313','D0028');
Insert into TBL_IOLIST (IO_SEQ,IO_DATE,IO_INOUT,IO_QTY,IO_PRICE,IO_TOTAL,IO_PCODE,IO_DCODE) values (159,'2018-09-06','매입',65,819,53235,'P0320','D0014');
Insert into TBL_IOLIST (IO_SEQ,IO_DATE,IO_INOUT,IO_QTY,IO_PRICE,IO_TOTAL,IO_PCODE,IO_DCODE) values (160,'2018-09-07','매입',72,221,15912,'P0321','D0030');
Insert into TBL_IOLIST (IO_SEQ,IO_DATE,IO_INOUT,IO_QTY,IO_PRICE,IO_TOTAL,IO_PCODE,IO_DCODE) values (161,'2018-09-07','매입',95,386,36670,'P0271','D0219');
Insert into TBL_IOLIST (IO_SEQ,IO_DATE,IO_INOUT,IO_QTY,IO_PRICE,IO_TOTAL,IO_PCODE,IO_DCODE) values (162,'2018-09-08','매입',67,586,39262,'P0066','D0231');
Insert into TBL_IOLIST (IO_SEQ,IO_DATE,IO_INOUT,IO_QTY,IO_PRICE,IO_TOTAL,IO_PCODE,IO_DCODE) values (163,'2018-09-08','매입',91,436,39676,'P0050','D0192');
Insert into TBL_IOLIST (IO_SEQ,IO_DATE,IO_INOUT,IO_QTY,IO_PRICE,IO_TOTAL,IO_PCODE,IO_DCODE) values (164,'2018-09-08','매입',89,341,30349,'P0222','D0015');
Insert into TBL_IOLIST (IO_SEQ,IO_DATE,IO_INOUT,IO_QTY,IO_PRICE,IO_TOTAL,IO_PCODE,IO_DCODE) values (165,'2018-09-09','매입',79,413,32627,'P0374','D0098');
Insert into TBL_IOLIST (IO_SEQ,IO_DATE,IO_INOUT,IO_QTY,IO_PRICE,IO_TOTAL,IO_PCODE,IO_DCODE) values (166,'2018-09-09','매입',60,655,39300,'P0272','D0025');
Insert into TBL_IOLIST (IO_SEQ,IO_DATE,IO_INOUT,IO_QTY,IO_PRICE,IO_TOTAL,IO_PCODE,IO_DCODE) values (167,'2018-09-09','매입',75,1844,138300,'P0028','D0083');
Insert into TBL_IOLIST (IO_SEQ,IO_DATE,IO_INOUT,IO_QTY,IO_PRICE,IO_TOTAL,IO_PCODE,IO_DCODE) values (168,'2018-09-12','매입',63,655,41265,'P0206','D0132');
Insert into TBL_IOLIST (IO_SEQ,IO_DATE,IO_INOUT,IO_QTY,IO_PRICE,IO_TOTAL,IO_PCODE,IO_DCODE) values (169,'2018-09-12','매입',98,386,37828,'P0123','D0205');
Insert into TBL_IOLIST (IO_SEQ,IO_DATE,IO_INOUT,IO_QTY,IO_PRICE,IO_TOTAL,IO_PCODE,IO_DCODE) values (170,'2018-09-12','매입',77,1147,88319,'P0322','D0194');
Insert into TBL_IOLIST (IO_SEQ,IO_DATE,IO_INOUT,IO_QTY,IO_PRICE,IO_TOTAL,IO_PCODE,IO_DCODE) values (171,'2018-09-13','매입',72,1844,132768,'P0375','D0073');
Insert into TBL_IOLIST (IO_SEQ,IO_DATE,IO_INOUT,IO_QTY,IO_PRICE,IO_TOTAL,IO_PCODE,IO_DCODE) values (172,'2018-09-14','매입',58,622,36076,'P0323','D0083');
Insert into TBL_IOLIST (IO_SEQ,IO_DATE,IO_INOUT,IO_QTY,IO_PRICE,IO_TOTAL,IO_PCODE,IO_DCODE) values (173,'2018-09-14','매입',86,1311,112746,'P0324','D0115');
Insert into TBL_IOLIST (IO_SEQ,IO_DATE,IO_INOUT,IO_QTY,IO_PRICE,IO_TOTAL,IO_PCODE,IO_DCODE) values (174,'2018-09-16','매입',58,614,35612,'P0029','D0134');
Insert into TBL_IOLIST (IO_SEQ,IO_DATE,IO_INOUT,IO_QTY,IO_PRICE,IO_TOTAL,IO_PCODE,IO_DCODE) values (175,'2018-09-17','매입',74,1803,133422,'P0124','D0017');
Insert into TBL_IOLIST (IO_SEQ,IO_DATE,IO_INOUT,IO_QTY,IO_PRICE,IO_TOTAL,IO_PCODE,IO_DCODE) values (176,'2018-09-18','매입',78,1183,92274,'P0067','D0232');
Insert into TBL_IOLIST (IO_SEQ,IO_DATE,IO_INOUT,IO_QTY,IO_PRICE,IO_TOTAL,IO_PCODE,IO_DCODE) values (177,'2018-09-19','매입',59,1758,103722,'P0182','D0098');
Insert into TBL_IOLIST (IO_SEQ,IO_DATE,IO_INOUT,IO_QTY,IO_PRICE,IO_TOTAL,IO_PCODE,IO_DCODE) values (178,'2018-09-19','매입',60,655,39300,'P0125','D0046');
Insert into TBL_IOLIST (IO_SEQ,IO_DATE,IO_INOUT,IO_QTY,IO_PRICE,IO_TOTAL,IO_PCODE,IO_DCODE) values (179,'2018-09-20','매입',58,6557,380306,'P0126','D0115');
Insert into TBL_IOLIST (IO_SEQ,IO_DATE,IO_INOUT,IO_QTY,IO_PRICE,IO_TOTAL,IO_PCODE,IO_DCODE) values (180,'2018-09-21','매입',86,13934,1198324,'P0273','D0029');
Insert into TBL_IOLIST (IO_SEQ,IO_DATE,IO_INOUT,IO_QTY,IO_PRICE,IO_TOTAL,IO_PCODE,IO_DCODE) values (181,'2018-09-22','매입',57,1647,93879,'P0360','D0116');
Insert into TBL_IOLIST (IO_SEQ,IO_DATE,IO_INOUT,IO_QTY,IO_PRICE,IO_TOTAL,IO_PCODE,IO_DCODE) values (182,'2018-10-07','매입',51,327,16677,'P0127','D0078');
Insert into TBL_IOLIST (IO_SEQ,IO_DATE,IO_INOUT,IO_QTY,IO_PRICE,IO_TOTAL,IO_PCODE,IO_DCODE) values (183,'2018-10-07','매입',77,651,50127,'P0128','D0165');
Insert into TBL_IOLIST (IO_SEQ,IO_DATE,IO_INOUT,IO_QTY,IO_PRICE,IO_TOTAL,IO_PCODE,IO_DCODE) values (184,'2018-10-08','매입',86,983,84538,'P0113','D0145');
Insert into TBL_IOLIST (IO_SEQ,IO_DATE,IO_INOUT,IO_QTY,IO_PRICE,IO_TOTAL,IO_PCODE,IO_DCODE) values (185,'2018-10-08','매입',68,1639,111452,'P0129','D0057');
Insert into TBL_IOLIST (IO_SEQ,IO_DATE,IO_INOUT,IO_QTY,IO_PRICE,IO_TOTAL,IO_PCODE,IO_DCODE) values (186,'2018-10-08','매입',94,1844,173336,'P0030','D0168');
Insert into TBL_IOLIST (IO_SEQ,IO_DATE,IO_INOUT,IO_QTY,IO_PRICE,IO_TOTAL,IO_PCODE,IO_DCODE) values (187,'2018-10-09','매입',71,409,29039,'P0274','D0099');
Insert into TBL_IOLIST (IO_SEQ,IO_DATE,IO_INOUT,IO_QTY,IO_PRICE,IO_TOTAL,IO_PCODE,IO_DCODE) values (188,'2018-10-10','매입',69,295,20355,'P0068','D0039');
Insert into TBL_IOLIST (IO_SEQ,IO_DATE,IO_INOUT,IO_QTY,IO_PRICE,IO_TOTAL,IO_PCODE,IO_DCODE) values (189,'2018-10-11','매입',79,587,46373,'P0031','D0074');
Insert into TBL_IOLIST (IO_SEQ,IO_DATE,IO_INOUT,IO_QTY,IO_PRICE,IO_TOTAL,IO_PCODE,IO_DCODE) values (190,'2018-10-14','매입',91,919,83629,'P0183','D0130');
Insert into TBL_IOLIST (IO_SEQ,IO_DATE,IO_INOUT,IO_QTY,IO_PRICE,IO_TOTAL,IO_PCODE,IO_DCODE) values (191,'2018-10-16','매입',99,491,48609,'P0130','D0214');
Insert into TBL_IOLIST (IO_SEQ,IO_DATE,IO_INOUT,IO_QTY,IO_PRICE,IO_TOTAL,IO_PCODE,IO_DCODE) values (192,'2018-10-18','매입',98,274,26852,'P0032','D0233');
Insert into TBL_IOLIST (IO_SEQ,IO_DATE,IO_INOUT,IO_QTY,IO_PRICE,IO_TOTAL,IO_PCODE,IO_DCODE) values (193,'2018-10-18','매입',83,524,43492,'P0275','D0153');
Insert into TBL_IOLIST (IO_SEQ,IO_DATE,IO_INOUT,IO_QTY,IO_PRICE,IO_TOTAL,IO_PCODE,IO_DCODE) values (194,'2018-10-18','매입',57,614,34998,'P0370','D0177');
Insert into TBL_IOLIST (IO_SEQ,IO_DATE,IO_INOUT,IO_QTY,IO_PRICE,IO_TOTAL,IO_PCODE,IO_DCODE) values (195,'2018-10-18','매입',99,341,33759,'P0376','D0150');
Insert into TBL_IOLIST (IO_SEQ,IO_DATE,IO_INOUT,IO_QTY,IO_PRICE,IO_TOTAL,IO_PCODE,IO_DCODE) values (196,'2018-10-19','매입',84,327,27468,'P0033','D0024');
Insert into TBL_IOLIST (IO_SEQ,IO_DATE,IO_INOUT,IO_QTY,IO_PRICE,IO_TOTAL,IO_PCODE,IO_DCODE) values (197,'2018-10-20','매입',80,368,29440,'P0021','D0198');
Insert into TBL_IOLIST (IO_SEQ,IO_DATE,IO_INOUT,IO_QTY,IO_PRICE,IO_TOTAL,IO_PCODE,IO_DCODE) values (198,'2018-10-20','매입',55,1465,80575,'P0325','D0042');
Insert into TBL_IOLIST (IO_SEQ,IO_DATE,IO_INOUT,IO_QTY,IO_PRICE,IO_TOTAL,IO_PCODE,IO_DCODE) values (199,'2018-10-22','매입',71,651,46221,'P0128','D0111');
Insert into TBL_IOLIST (IO_SEQ,IO_DATE,IO_INOUT,IO_QTY,IO_PRICE,IO_TOTAL,IO_PCODE,IO_DCODE) values (200,'2018-10-23','매입',69,1803,124407,'P0314','D0117');
Insert into TBL_IOLIST (IO_SEQ,IO_DATE,IO_INOUT,IO_QTY,IO_PRICE,IO_TOTAL,IO_PCODE,IO_DCODE) values (201,'2018-10-24','매입',67,2213,148271,'P0069','D0099');
Insert into TBL_IOLIST (IO_SEQ,IO_DATE,IO_INOUT,IO_QTY,IO_PRICE,IO_TOTAL,IO_PCODE,IO_DCODE) values (202,'2018-10-25','매입',82,573,46986,'P0070','D0098');
Insert into TBL_IOLIST (IO_SEQ,IO_DATE,IO_INOUT,IO_QTY,IO_PRICE,IO_TOTAL,IO_PCODE,IO_DCODE) values (203,'2018-10-25','매입',68,1696,115328,'P0184','D0141');
Insert into TBL_IOLIST (IO_SEQ,IO_DATE,IO_INOUT,IO_QTY,IO_PRICE,IO_TOTAL,IO_PCODE,IO_DCODE) values (204,'2018-10-26','매입',85,6557,557345,'P0071','D0058');
Insert into TBL_IOLIST (IO_SEQ,IO_DATE,IO_INOUT,IO_QTY,IO_PRICE,IO_TOTAL,IO_PCODE,IO_DCODE) values (205,'2018-10-27','매입',81,2459,199179,'P0276','D0084');
Insert into TBL_IOLIST (IO_SEQ,IO_DATE,IO_INOUT,IO_QTY,IO_PRICE,IO_TOTAL,IO_PCODE,IO_DCODE) values (206,'2018-10-28','매입',91,6557,596687,'P0126','D0085');
Insert into TBL_IOLIST (IO_SEQ,IO_DATE,IO_INOUT,IO_QTY,IO_PRICE,IO_TOTAL,IO_PCODE,IO_DCODE) values (207,'2018-10-28','매입',57,2065,117705,'P0350','D0023');
Insert into TBL_IOLIST (IO_SEQ,IO_DATE,IO_INOUT,IO_QTY,IO_PRICE,IO_TOTAL,IO_PCODE,IO_DCODE) values (208,'2018-10-29','매입',90,384,34560,'P0034','D0183');
Insert into TBL_IOLIST (IO_SEQ,IO_DATE,IO_INOUT,IO_QTY,IO_PRICE,IO_TOTAL,IO_PCODE,IO_DCODE) values (209,'2018-10-29','매입',60,368,22080,'P0377','D0086');
Insert into TBL_IOLIST (IO_SEQ,IO_DATE,IO_INOUT,IO_QTY,IO_PRICE,IO_TOTAL,IO_PCODE,IO_DCODE) values (210,'2018-11-01','매입',98,549,53802,'P0185','D0184');
Insert into TBL_IOLIST (IO_SEQ,IO_DATE,IO_INOUT,IO_QTY,IO_PRICE,IO_TOTAL,IO_PCODE,IO_DCODE) values (211,'2018-11-01','매입',86,591,50826,'P0326','D0143');
Insert into TBL_IOLIST (IO_SEQ,IO_DATE,IO_INOUT,IO_QTY,IO_PRICE,IO_TOTAL,IO_PCODE,IO_DCODE) values (212,'2018-11-02','매입',58,1844,106952,'P0097','D0087');
Insert into TBL_IOLIST (IO_SEQ,IO_DATE,IO_INOUT,IO_QTY,IO_PRICE,IO_TOTAL,IO_PCODE,IO_DCODE) values (213,'2018-11-02','매입',50,409,20450,'P0305','D0134');
Insert into TBL_IOLIST (IO_SEQ,IO_DATE,IO_INOUT,IO_QTY,IO_PRICE,IO_TOTAL,IO_PCODE,IO_DCODE) values (214,'2018-11-03','매입',99,555,54945,'P0131','D0046');
Insert into TBL_IOLIST (IO_SEQ,IO_DATE,IO_INOUT,IO_QTY,IO_PRICE,IO_TOTAL,IO_PCODE,IO_DCODE) values (215,'2018-11-03','매입',87,1844,160428,'P0030','D0195');
Insert into TBL_IOLIST (IO_SEQ,IO_DATE,IO_INOUT,IO_QTY,IO_PRICE,IO_TOTAL,IO_PCODE,IO_DCODE) values (216,'2018-11-03','매입',56,8240,461440,'P0013','D0069');
Insert into TBL_IOLIST (IO_SEQ,IO_DATE,IO_INOUT,IO_QTY,IO_PRICE,IO_TOTAL,IO_PCODE,IO_DCODE) values (217,'2018-11-05','매입',68,5327,362236,'P0378','D0104');
Insert into TBL_IOLIST (IO_SEQ,IO_DATE,IO_INOUT,IO_QTY,IO_PRICE,IO_TOTAL,IO_PCODE,IO_DCODE) values (218,'2018-12-16','매입',98,1549,151802,'P0180','D0201');
Insert into TBL_IOLIST (IO_SEQ,IO_DATE,IO_INOUT,IO_QTY,IO_PRICE,IO_TOTAL,IO_PCODE,IO_DCODE) values (219,'2018-12-16','매입',66,295,19470,'P0072','D0076');
Insert into TBL_IOLIST (IO_SEQ,IO_DATE,IO_INOUT,IO_QTY,IO_PRICE,IO_TOTAL,IO_PCODE,IO_DCODE) values (220,'2018-12-17','매입',69,327,22563,'P0132','D0154');
Insert into TBL_IOLIST (IO_SEQ,IO_DATE,IO_INOUT,IO_QTY,IO_PRICE,IO_TOTAL,IO_PCODE,IO_DCODE) values (221,'2018-12-20','매입',88,311,27368,'P0073','D0185');
Insert into TBL_IOLIST (IO_SEQ,IO_DATE,IO_INOUT,IO_QTY,IO_PRICE,IO_TOTAL,IO_PCODE,IO_DCODE) values (222,'2018-12-22','매입',72,450,32400,'P0379','D0020');
Insert into TBL_IOLIST (IO_SEQ,IO_DATE,IO_INOUT,IO_QTY,IO_PRICE,IO_TOTAL,IO_PCODE,IO_DCODE) values (223,'2018-12-22','매입',84,524,44016,'P0223','D0041');
Insert into TBL_IOLIST (IO_SEQ,IO_DATE,IO_INOUT,IO_QTY,IO_PRICE,IO_TOTAL,IO_PCODE,IO_DCODE) values (224,'2018-12-23','매입',69,311,21459,'P0035','D0174');
Insert into TBL_IOLIST (IO_SEQ,IO_DATE,IO_INOUT,IO_QTY,IO_PRICE,IO_TOTAL,IO_PCODE,IO_DCODE) values (225,'2018-12-23','매입',86,1721,148006,'P0133','D0185');
Insert into TBL_IOLIST (IO_SEQ,IO_DATE,IO_INOUT,IO_QTY,IO_PRICE,IO_TOTAL,IO_PCODE,IO_DCODE) values (226,'2018-12-24','매입',65,1434,93210,'P0186','D0008');
Insert into TBL_IOLIST (IO_SEQ,IO_DATE,IO_INOUT,IO_QTY,IO_PRICE,IO_TOTAL,IO_PCODE,IO_DCODE) values (227,'2018-12-25','매입',81,1885,152685,'P0074','D0152');
Insert into TBL_IOLIST (IO_SEQ,IO_DATE,IO_INOUT,IO_QTY,IO_PRICE,IO_TOTAL,IO_PCODE,IO_DCODE) values (228,'2018-12-27','매입',87,515,44805,'P0327','D0014');
Insert into TBL_IOLIST (IO_SEQ,IO_DATE,IO_INOUT,IO_QTY,IO_PRICE,IO_TOTAL,IO_PCODE,IO_DCODE) values (229,'2018-12-27','매입',93,591,54963,'P0187','D0225');
Insert into TBL_IOLIST (IO_SEQ,IO_DATE,IO_INOUT,IO_QTY,IO_PRICE,IO_TOTAL,IO_PCODE,IO_DCODE) values (230,'2018-12-27','매입',61,9016,549976,'P0328','D0026');
Insert into TBL_IOLIST (IO_SEQ,IO_DATE,IO_INOUT,IO_QTY,IO_PRICE,IO_TOTAL,IO_PCODE,IO_DCODE) values (231,'2018-12-28','매입',96,491,47136,'P0188','D0234');
Insert into TBL_IOLIST (IO_SEQ,IO_DATE,IO_INOUT,IO_QTY,IO_PRICE,IO_TOTAL,IO_PCODE,IO_DCODE) values (232,'2018-12-29','매입',69,1639,113091,'P0075','D0074');
Insert into TBL_IOLIST (IO_SEQ,IO_DATE,IO_INOUT,IO_QTY,IO_PRICE,IO_TOTAL,IO_PCODE,IO_DCODE) values (300,'2018-01-01','매출',51,500,25500,'P0036','D0196');
Insert into TBL_IOLIST (IO_SEQ,IO_DATE,IO_INOUT,IO_QTY,IO_PRICE,IO_TOTAL,IO_PCODE,IO_DCODE) values (301,'2018-01-09','매출',91,1000,91000,'P0224','D0022');
Insert into TBL_IOLIST (IO_SEQ,IO_DATE,IO_INOUT,IO_QTY,IO_PRICE,IO_TOTAL,IO_PCODE,IO_DCODE) values (302,'2018-01-09','매출',86,1500,129000,'P0225','D0179');
Insert into TBL_IOLIST (IO_SEQ,IO_DATE,IO_INOUT,IO_QTY,IO_PRICE,IO_TOTAL,IO_PCODE,IO_DCODE) values (303,'2018-01-23','매출',87,1500,130500,'P0221','D0041');
Insert into TBL_IOLIST (IO_SEQ,IO_DATE,IO_INOUT,IO_QTY,IO_PRICE,IO_TOTAL,IO_PCODE,IO_DCODE) values (304,'2018-01-23','매출',74,2000,148000,'P0329','D0110');
Insert into TBL_IOLIST (IO_SEQ,IO_DATE,IO_INOUT,IO_QTY,IO_PRICE,IO_TOTAL,IO_PCODE,IO_DCODE) values (305,'2018-01-24','매출',58,1500,87000,'P0380','D0084');
Insert into TBL_IOLIST (IO_SEQ,IO_DATE,IO_INOUT,IO_QTY,IO_PRICE,IO_TOTAL,IO_PCODE,IO_DCODE) values (306,'2018-01-24','매출',81,700,56700,'P0277','D0155');
Insert into TBL_IOLIST (IO_SEQ,IO_DATE,IO_INOUT,IO_QTY,IO_PRICE,IO_TOTAL,IO_PCODE,IO_DCODE) values (307,'2018-01-28','매출',97,700,67900,'P0076','D0088');
Insert into TBL_IOLIST (IO_SEQ,IO_DATE,IO_INOUT,IO_QTY,IO_PRICE,IO_TOTAL,IO_PCODE,IO_DCODE) values (308,'2018-01-29','매출',60,2500,150000,'P0155','D0031');
Insert into TBL_IOLIST (IO_SEQ,IO_DATE,IO_INOUT,IO_QTY,IO_PRICE,IO_TOTAL,IO_PCODE,IO_DCODE) values (309,'2018-02-02','매출',95,700,66500,'P0134','D0235');
Insert into TBL_IOLIST (IO_SEQ,IO_DATE,IO_INOUT,IO_QTY,IO_PRICE,IO_TOTAL,IO_PCODE,IO_DCODE) values (310,'2018-02-03','매출',66,1500,99000,'P0278','D0230');
Insert into TBL_IOLIST (IO_SEQ,IO_DATE,IO_INOUT,IO_QTY,IO_PRICE,IO_TOTAL,IO_PCODE,IO_DCODE) values (311,'2018-02-09','매출',68,2500,170000,'P0077','D0156');
Insert into TBL_IOLIST (IO_SEQ,IO_DATE,IO_INOUT,IO_QTY,IO_PRICE,IO_TOTAL,IO_PCODE,IO_DCODE) values (312,'2018-02-09','매출',98,500,49000,'P0330','D0219');
Insert into TBL_IOLIST (IO_SEQ,IO_DATE,IO_INOUT,IO_QTY,IO_PRICE,IO_TOTAL,IO_PCODE,IO_DCODE) values (313,'2018-02-10','매출',51,1500,76500,'P0189','D0118');
Insert into TBL_IOLIST (IO_SEQ,IO_DATE,IO_INOUT,IO_QTY,IO_PRICE,IO_TOTAL,IO_PCODE,IO_DCODE) values (314,'2018-02-11','매출',75,12000,900000,'P0135','D0032');
Insert into TBL_IOLIST (IO_SEQ,IO_DATE,IO_INOUT,IO_QTY,IO_PRICE,IO_TOTAL,IO_PCODE,IO_DCODE) values (315,'2018-02-11','매출',58,12000,696000,'P0037','D0089');
Insert into TBL_IOLIST (IO_SEQ,IO_DATE,IO_INOUT,IO_QTY,IO_PRICE,IO_TOTAL,IO_PCODE,IO_DCODE) values (316,'2018-02-11','매출',55,800,44000,'P0078','D0002');
Insert into TBL_IOLIST (IO_SEQ,IO_DATE,IO_INOUT,IO_QTY,IO_PRICE,IO_TOTAL,IO_PCODE,IO_DCODE) values (317,'2018-02-13','매출',50,1000,50000,'P0369','D0033');
Insert into TBL_IOLIST (IO_SEQ,IO_DATE,IO_INOUT,IO_QTY,IO_PRICE,IO_TOTAL,IO_PCODE,IO_DCODE) values (318,'2018-02-14','매출',92,2500,230000,'P0381','D0016');
Insert into TBL_IOLIST (IO_SEQ,IO_DATE,IO_INOUT,IO_QTY,IO_PRICE,IO_TOTAL,IO_PCODE,IO_DCODE) values (319,'2018-02-14','매출',84,1000,84000,'P0226','D0105');
Insert into TBL_IOLIST (IO_SEQ,IO_DATE,IO_INOUT,IO_QTY,IO_PRICE,IO_TOTAL,IO_PCODE,IO_DCODE) values (320,'2018-02-15','매출',71,1200,85200,'P0136','D0031');
Insert into TBL_IOLIST (IO_SEQ,IO_DATE,IO_INOUT,IO_QTY,IO_PRICE,IO_TOTAL,IO_PCODE,IO_DCODE) values (321,'2018-02-15','매출',95,1800,171000,'P0058','D0034');
Insert into TBL_IOLIST (IO_SEQ,IO_DATE,IO_INOUT,IO_QTY,IO_PRICE,IO_TOTAL,IO_PCODE,IO_DCODE) values (322,'2018-02-15','매출',97,1500,145500,'P0190','D0200');
Insert into TBL_IOLIST (IO_SEQ,IO_DATE,IO_INOUT,IO_QTY,IO_PRICE,IO_TOTAL,IO_PCODE,IO_DCODE) values (323,'2018-02-15','매출',63,700,44100,'P0038','D0117');
Insert into TBL_IOLIST (IO_SEQ,IO_DATE,IO_INOUT,IO_QTY,IO_PRICE,IO_TOTAL,IO_PCODE,IO_DCODE) values (324,'2018-02-16','매출',52,1500,78000,'P0213','D0205');
Insert into TBL_IOLIST (IO_SEQ,IO_DATE,IO_INOUT,IO_QTY,IO_PRICE,IO_TOTAL,IO_PCODE,IO_DCODE) values (325,'2018-02-16','매출',59,1500,88500,'P0137','D0179');
Insert into TBL_IOLIST (IO_SEQ,IO_DATE,IO_INOUT,IO_QTY,IO_PRICE,IO_TOTAL,IO_PCODE,IO_DCODE) values (326,'2018-02-17','매출',50,500,25000,'P0116','D0108');
Insert into TBL_IOLIST (IO_SEQ,IO_DATE,IO_INOUT,IO_QTY,IO_PRICE,IO_TOTAL,IO_PCODE,IO_DCODE) values (327,'2018-02-18','매출',67,700,46900,'P0076','D0011');
Insert into TBL_IOLIST (IO_SEQ,IO_DATE,IO_INOUT,IO_QTY,IO_PRICE,IO_TOTAL,IO_PCODE,IO_DCODE) values (328,'2018-02-18','매출',81,2500,202500,'P0039','D0087');
Insert into TBL_IOLIST (IO_SEQ,IO_DATE,IO_INOUT,IO_QTY,IO_PRICE,IO_TOTAL,IO_PCODE,IO_DCODE) values (329,'2018-03-12','매출',62,2000,124000,'P0079','D0186');
Insert into TBL_IOLIST (IO_SEQ,IO_DATE,IO_INOUT,IO_QTY,IO_PRICE,IO_TOTAL,IO_PCODE,IO_DCODE) values (330,'2018-03-12','매출',84,1500,126000,'P0040','D0040');
Insert into TBL_IOLIST (IO_SEQ,IO_DATE,IO_INOUT,IO_QTY,IO_PRICE,IO_TOTAL,IO_PCODE,IO_DCODE) values (331,'2018-03-13','매출',90,1500,135000,'P0227','D0059');
Insert into TBL_IOLIST (IO_SEQ,IO_DATE,IO_INOUT,IO_QTY,IO_PRICE,IO_TOTAL,IO_PCODE,IO_DCODE) values (332,'2018-03-14','매출',57,1000,57000,'P0331','D0087');
Insert into TBL_IOLIST (IO_SEQ,IO_DATE,IO_INOUT,IO_QTY,IO_PRICE,IO_TOTAL,IO_PCODE,IO_DCODE) values (333,'2018-03-14','매출',61,1500,91500,'P0299','D0018');
Insert into TBL_IOLIST (IO_SEQ,IO_DATE,IO_INOUT,IO_QTY,IO_PRICE,IO_TOTAL,IO_PCODE,IO_DCODE) values (334,'2018-03-14','매출',68,10000,680000,'P0279','D0157');
Insert into TBL_IOLIST (IO_SEQ,IO_DATE,IO_INOUT,IO_QTY,IO_PRICE,IO_TOTAL,IO_PCODE,IO_DCODE) values (335,'2018-03-14','매출',76,900,68400,'P0138','D0203');
Insert into TBL_IOLIST (IO_SEQ,IO_DATE,IO_INOUT,IO_QTY,IO_PRICE,IO_TOTAL,IO_PCODE,IO_DCODE) values (336,'2018-03-16','매출',63,1500,94500,'P0280','D0135');
Insert into TBL_IOLIST (IO_SEQ,IO_DATE,IO_INOUT,IO_QTY,IO_PRICE,IO_TOTAL,IO_PCODE,IO_DCODE) values (337,'2018-03-16','매출',70,3000,210000,'P0163','D0207');
Insert into TBL_IOLIST (IO_SEQ,IO_DATE,IO_INOUT,IO_QTY,IO_PRICE,IO_TOTAL,IO_PCODE,IO_DCODE) values (338,'2018-03-16','매출',68,3000,204000,'P0332','D0232');
Insert into TBL_IOLIST (IO_SEQ,IO_DATE,IO_INOUT,IO_QTY,IO_PRICE,IO_TOTAL,IO_PCODE,IO_DCODE) values (339,'2018-03-16','매출',50,2000,100000,'P0333','D0107');
Insert into TBL_IOLIST (IO_SEQ,IO_DATE,IO_INOUT,IO_QTY,IO_PRICE,IO_TOTAL,IO_PCODE,IO_DCODE) values (340,'2018-03-18','매출',85,700,59500,'P0110','D0227');
Insert into TBL_IOLIST (IO_SEQ,IO_DATE,IO_INOUT,IO_QTY,IO_PRICE,IO_TOTAL,IO_PCODE,IO_DCODE) values (341,'2018-03-18','매출',53,2000,106000,'P0111','D0119');
Insert into TBL_IOLIST (IO_SEQ,IO_DATE,IO_INOUT,IO_QTY,IO_PRICE,IO_TOTAL,IO_PCODE,IO_DCODE) values (342,'2018-03-19','매출',72,1500,108000,'P0191','D0020');
Insert into TBL_IOLIST (IO_SEQ,IO_DATE,IO_INOUT,IO_QTY,IO_PRICE,IO_TOTAL,IO_PCODE,IO_DCODE) values (343,'2018-03-19','매출',69,1500,103500,'P0192','D0090');
Insert into TBL_IOLIST (IO_SEQ,IO_DATE,IO_INOUT,IO_QTY,IO_PRICE,IO_TOTAL,IO_PCODE,IO_DCODE) values (344,'2018-04-12','매출',99,500,49500,'P0382','D0186');
Insert into TBL_IOLIST (IO_SEQ,IO_DATE,IO_INOUT,IO_QTY,IO_PRICE,IO_TOTAL,IO_PCODE,IO_DCODE) values (345,'2018-04-14','매출',73,1000,73000,'P0251','D0158');
Insert into TBL_IOLIST (IO_SEQ,IO_DATE,IO_INOUT,IO_QTY,IO_PRICE,IO_TOTAL,IO_PCODE,IO_DCODE) values (346,'2018-04-14','매출',60,1500,90000,'P0080','D0135');
Insert into TBL_IOLIST (IO_SEQ,IO_DATE,IO_INOUT,IO_QTY,IO_PRICE,IO_TOTAL,IO_PCODE,IO_DCODE) values (347,'2018-04-16','매출',87,1500,130500,'P0052','D0049');
Insert into TBL_IOLIST (IO_SEQ,IO_DATE,IO_INOUT,IO_QTY,IO_PRICE,IO_TOTAL,IO_PCODE,IO_DCODE) values (348,'2018-04-16','매출',90,2000,180000,'P0281','D0152');
Insert into TBL_IOLIST (IO_SEQ,IO_DATE,IO_INOUT,IO_QTY,IO_PRICE,IO_TOTAL,IO_PCODE,IO_DCODE) values (349,'2018-04-18','매출',76,2500,190000,'P0028','D0236');
Insert into TBL_IOLIST (IO_SEQ,IO_DATE,IO_INOUT,IO_QTY,IO_PRICE,IO_TOTAL,IO_PCODE,IO_DCODE) values (350,'2018-04-18','매출',69,1200,82800,'P0139','D0224');
Insert into TBL_IOLIST (IO_SEQ,IO_DATE,IO_INOUT,IO_QTY,IO_PRICE,IO_TOTAL,IO_PCODE,IO_DCODE) values (351,'2018-04-18','매출',97,3000,291000,'P0115','D0106');
Insert into TBL_IOLIST (IO_SEQ,IO_DATE,IO_INOUT,IO_QTY,IO_PRICE,IO_TOTAL,IO_PCODE,IO_DCODE) values (352,'2018-04-18','매출',57,5000,285000,'P0228','D0097');
Insert into TBL_IOLIST (IO_SEQ,IO_DATE,IO_INOUT,IO_QTY,IO_PRICE,IO_TOTAL,IO_PCODE,IO_DCODE) values (353,'2018-04-20','매출',79,700,55300,'P0218','D0091');
Insert into TBL_IOLIST (IO_SEQ,IO_DATE,IO_INOUT,IO_QTY,IO_PRICE,IO_TOTAL,IO_PCODE,IO_DCODE) values (354,'2018-04-20','매출',62,1500,93000,'P0282','D0120');
Insert into TBL_IOLIST (IO_SEQ,IO_DATE,IO_INOUT,IO_QTY,IO_PRICE,IO_TOTAL,IO_PCODE,IO_DCODE) values (355,'2018-04-21','매출',87,2000,174000,'P0281','D0063');
Insert into TBL_IOLIST (IO_SEQ,IO_DATE,IO_INOUT,IO_QTY,IO_PRICE,IO_TOTAL,IO_PCODE,IO_DCODE) values (356,'2018-04-22','매출',60,4500,270000,'P0334','D0139');
Insert into TBL_IOLIST (IO_SEQ,IO_DATE,IO_INOUT,IO_QTY,IO_PRICE,IO_TOTAL,IO_PCODE,IO_DCODE) values (357,'2018-04-22','매출',95,2300,218500,'P0041','D0194');
Insert into TBL_IOLIST (IO_SEQ,IO_DATE,IO_INOUT,IO_QTY,IO_PRICE,IO_TOTAL,IO_PCODE,IO_DCODE) values (358,'2018-04-23','매출',78,4000,312000,'P0081','D0194');
Insert into TBL_IOLIST (IO_SEQ,IO_DATE,IO_INOUT,IO_QTY,IO_PRICE,IO_TOTAL,IO_PCODE,IO_DCODE) values (359,'2018-04-24','매출',63,3000,189000,'P0335','D0015');
Insert into TBL_IOLIST (IO_SEQ,IO_DATE,IO_INOUT,IO_QTY,IO_PRICE,IO_TOTAL,IO_PCODE,IO_DCODE) values (360,'2018-04-24','매출',50,500,25000,'P0140','D0227');
Insert into TBL_IOLIST (IO_SEQ,IO_DATE,IO_INOUT,IO_QTY,IO_PRICE,IO_TOTAL,IO_PCODE,IO_DCODE) values (361,'2018-04-25','매출',95,500,47500,'P0383','D0185');
Insert into TBL_IOLIST (IO_SEQ,IO_DATE,IO_INOUT,IO_QTY,IO_PRICE,IO_TOTAL,IO_PCODE,IO_DCODE) values (362,'2018-04-26','매출',68,1500,102000,'P0283','D0121');
Insert into TBL_IOLIST (IO_SEQ,IO_DATE,IO_INOUT,IO_QTY,IO_PRICE,IO_TOTAL,IO_PCODE,IO_DCODE) values (363,'2018-04-26','매출',90,1100,99000,'P0128','D0009');
Insert into TBL_IOLIST (IO_SEQ,IO_DATE,IO_INOUT,IO_QTY,IO_PRICE,IO_TOTAL,IO_PCODE,IO_DCODE) values (364,'2018-04-27','매출',70,1000,70000,'P0336','D0232');
Insert into TBL_IOLIST (IO_SEQ,IO_DATE,IO_INOUT,IO_QTY,IO_PRICE,IO_TOTAL,IO_PCODE,IO_DCODE) values (365,'2018-04-28','매출',95,1500,142500,'P0384','D0120');
Insert into TBL_IOLIST (IO_SEQ,IO_DATE,IO_INOUT,IO_QTY,IO_PRICE,IO_TOTAL,IO_PCODE,IO_DCODE) values (366,'2018-04-28','매출',69,500,34500,'P0033','D0168');
Insert into TBL_IOLIST (IO_SEQ,IO_DATE,IO_INOUT,IO_QTY,IO_PRICE,IO_TOTAL,IO_PCODE,IO_DCODE) values (367,'2018-05-01','매출',69,2300,158700,'P0184','D0039');
Insert into TBL_IOLIST (IO_SEQ,IO_DATE,IO_INOUT,IO_QTY,IO_PRICE,IO_TOTAL,IO_PCODE,IO_DCODE) values (368,'2018-05-01','매출',56,1500,84000,'P0284','D0013');
Insert into TBL_IOLIST (IO_SEQ,IO_DATE,IO_INOUT,IO_QTY,IO_PRICE,IO_TOTAL,IO_PCODE,IO_DCODE) values (369,'2018-05-01','매출',95,10000,950000,'P0074','D0112');
Insert into TBL_IOLIST (IO_SEQ,IO_DATE,IO_INOUT,IO_QTY,IO_PRICE,IO_TOTAL,IO_PCODE,IO_DCODE) values (370,'2018-05-02','매출',59,1300,76700,'P0385','D0120');
Insert into TBL_IOLIST (IO_SEQ,IO_DATE,IO_INOUT,IO_QTY,IO_PRICE,IO_TOTAL,IO_PCODE,IO_DCODE) values (371,'2018-05-02','매출',54,1500,81000,'P0337','D0089');
Insert into TBL_IOLIST (IO_SEQ,IO_DATE,IO_INOUT,IO_QTY,IO_PRICE,IO_TOTAL,IO_PCODE,IO_DCODE) values (372,'2018-05-21','매출',70,1000,70000,'P0274','D0159');
Insert into TBL_IOLIST (IO_SEQ,IO_DATE,IO_INOUT,IO_QTY,IO_PRICE,IO_TOTAL,IO_PCODE,IO_DCODE) values (373,'2018-05-22','매출',93,1800,167400,'P0285','D0059');
Insert into TBL_IOLIST (IO_SEQ,IO_DATE,IO_INOUT,IO_QTY,IO_PRICE,IO_TOTAL,IO_PCODE,IO_DCODE) values (374,'2018-05-23','매출',69,500,34500,'P0338','D0048');
Insert into TBL_IOLIST (IO_SEQ,IO_DATE,IO_INOUT,IO_QTY,IO_PRICE,IO_TOTAL,IO_PCODE,IO_DCODE) values (375,'2018-05-24','매출',58,6000,348000,'P0236','D0060');
Insert into TBL_IOLIST (IO_SEQ,IO_DATE,IO_INOUT,IO_QTY,IO_PRICE,IO_TOTAL,IO_PCODE,IO_DCODE) values (376,'2018-05-24','매출',65,500,32500,'P0229','D0092');
Insert into TBL_IOLIST (IO_SEQ,IO_DATE,IO_INOUT,IO_QTY,IO_PRICE,IO_TOTAL,IO_PCODE,IO_DCODE) values (377,'2018-05-24','매출',78,2500,195000,'P0339','D0147');
Insert into TBL_IOLIST (IO_SEQ,IO_DATE,IO_INOUT,IO_QTY,IO_PRICE,IO_TOTAL,IO_PCODE,IO_DCODE) values (378,'2018-05-26','매출',66,2800,184800,'P0350','D0087');
Insert into TBL_IOLIST (IO_SEQ,IO_DATE,IO_INOUT,IO_QTY,IO_PRICE,IO_TOTAL,IO_PCODE,IO_DCODE) values (379,'2018-05-27','매출',100,3800,380000,'P0314','D0061');
Insert into TBL_IOLIST (IO_SEQ,IO_DATE,IO_INOUT,IO_QTY,IO_PRICE,IO_TOTAL,IO_PCODE,IO_DCODE) values (380,'2018-05-27','매출',56,500,28000,'P0353','D0080');
Insert into TBL_IOLIST (IO_SEQ,IO_DATE,IO_INOUT,IO_QTY,IO_PRICE,IO_TOTAL,IO_PCODE,IO_DCODE) values (381,'2018-05-27','매출',79,2500,197500,'P0286','D0105');
Insert into TBL_IOLIST (IO_SEQ,IO_DATE,IO_INOUT,IO_QTY,IO_PRICE,IO_TOTAL,IO_PCODE,IO_DCODE) values (382,'2018-05-28','매출',79,4000,316000,'P0141','D0027');
Insert into TBL_IOLIST (IO_SEQ,IO_DATE,IO_INOUT,IO_QTY,IO_PRICE,IO_TOTAL,IO_PCODE,IO_DCODE) values (383,'2018-05-28','매출',99,800,79200,'P0377','D0084');
Insert into TBL_IOLIST (IO_SEQ,IO_DATE,IO_INOUT,IO_QTY,IO_PRICE,IO_TOTAL,IO_PCODE,IO_DCODE) values (384,'2018-06-01','매출',81,2500,202500,'P0287','D0091');
Insert into TBL_IOLIST (IO_SEQ,IO_DATE,IO_INOUT,IO_QTY,IO_PRICE,IO_TOTAL,IO_PCODE,IO_DCODE) values (385,'2018-06-03','매출',77,2500,192500,'P0362','D0086');
Insert into TBL_IOLIST (IO_SEQ,IO_DATE,IO_INOUT,IO_QTY,IO_PRICE,IO_TOTAL,IO_PCODE,IO_DCODE) values (386,'2018-06-03','매출',60,1500,90000,'P0142','D0064');
Insert into TBL_IOLIST (IO_SEQ,IO_DATE,IO_INOUT,IO_QTY,IO_PRICE,IO_TOTAL,IO_PCODE,IO_DCODE) values (387,'2018-06-03','매출',77,1500,115500,'P0193','D0199');
Insert into TBL_IOLIST (IO_SEQ,IO_DATE,IO_INOUT,IO_QTY,IO_PRICE,IO_TOTAL,IO_PCODE,IO_DCODE) values (388,'2018-06-04','매출',53,700,37100,'P0082','D0093');
Insert into TBL_IOLIST (IO_SEQ,IO_DATE,IO_INOUT,IO_QTY,IO_PRICE,IO_TOTAL,IO_PCODE,IO_DCODE) values (389,'2018-06-05','매출',91,2000,182000,'P0230','D0062');
Insert into TBL_IOLIST (IO_SEQ,IO_DATE,IO_INOUT,IO_QTY,IO_PRICE,IO_TOTAL,IO_PCODE,IO_DCODE) values (390,'2018-06-05','매출',55,1000,55000,'P0226','D0060');
Insert into TBL_IOLIST (IO_SEQ,IO_DATE,IO_INOUT,IO_QTY,IO_PRICE,IO_TOTAL,IO_PCODE,IO_DCODE) values (391,'2018-06-05','매출',67,1000,67000,'P0143','D0001');
Insert into TBL_IOLIST (IO_SEQ,IO_DATE,IO_INOUT,IO_QTY,IO_PRICE,IO_TOTAL,IO_PCODE,IO_DCODE) values (392,'2018-06-05','매출',66,700,46200,'P0042','D0122');
Insert into TBL_IOLIST (IO_SEQ,IO_DATE,IO_INOUT,IO_QTY,IO_PRICE,IO_TOTAL,IO_PCODE,IO_DCODE) values (393,'2018-06-05','매출',53,1500,79500,'P0043','D0196');
Insert into TBL_IOLIST (IO_SEQ,IO_DATE,IO_INOUT,IO_QTY,IO_PRICE,IO_TOTAL,IO_PCODE,IO_DCODE) values (394,'2018-06-05','매출',97,1000,97000,'P0152','D0007');
Insert into TBL_IOLIST (IO_SEQ,IO_DATE,IO_INOUT,IO_QTY,IO_PRICE,IO_TOTAL,IO_PCODE,IO_DCODE) values (395,'2018-06-06','매출',65,12000,780000,'P0135','D0079');
Insert into TBL_IOLIST (IO_SEQ,IO_DATE,IO_INOUT,IO_QTY,IO_PRICE,IO_TOTAL,IO_PCODE,IO_DCODE) values (396,'2018-06-07','매출',67,1000,67000,'P0083','D0224');
Insert into TBL_IOLIST (IO_SEQ,IO_DATE,IO_INOUT,IO_QTY,IO_PRICE,IO_TOTAL,IO_PCODE,IO_DCODE) values (397,'2018-06-07','매출',89,500,44500,'P0386','D0052');
Insert into TBL_IOLIST (IO_SEQ,IO_DATE,IO_INOUT,IO_QTY,IO_PRICE,IO_TOTAL,IO_PCODE,IO_DCODE) values (398,'2018-06-08','매출',80,900,72000,'P0365','D0167');
Insert into TBL_IOLIST (IO_SEQ,IO_DATE,IO_INOUT,IO_QTY,IO_PRICE,IO_TOTAL,IO_PCODE,IO_DCODE) values (399,'2018-06-14','매출',68,3000,204000,'P0240','D0208');
Insert into TBL_IOLIST (IO_SEQ,IO_DATE,IO_INOUT,IO_QTY,IO_PRICE,IO_TOTAL,IO_PCODE,IO_DCODE) values (400,'2018-06-16','매출',60,1100,66000,'P0340','D0171');
Insert into TBL_IOLIST (IO_SEQ,IO_DATE,IO_INOUT,IO_QTY,IO_PRICE,IO_TOTAL,IO_PCODE,IO_DCODE) values (401,'2018-06-16','매출',50,13000,650000,'P0266','D0046');
Insert into TBL_IOLIST (IO_SEQ,IO_DATE,IO_INOUT,IO_QTY,IO_PRICE,IO_TOTAL,IO_PCODE,IO_DCODE) values (402,'2018-06-17','매출',59,900,53100,'P0121','D0035');
Insert into TBL_IOLIST (IO_SEQ,IO_DATE,IO_INOUT,IO_QTY,IO_PRICE,IO_TOTAL,IO_PCODE,IO_DCODE) values (403,'2018-06-17','매출',52,2000,104000,'P0111','D0002');
Insert into TBL_IOLIST (IO_SEQ,IO_DATE,IO_INOUT,IO_QTY,IO_PRICE,IO_TOTAL,IO_PCODE,IO_DCODE) values (404,'2018-06-18','매출',54,1000,54000,'P0173','D0028');
Insert into TBL_IOLIST (IO_SEQ,IO_DATE,IO_INOUT,IO_QTY,IO_PRICE,IO_TOTAL,IO_PCODE,IO_DCODE) values (405,'2018-06-19','매출',78,1500,117000,'P0144','D0022');
Insert into TBL_IOLIST (IO_SEQ,IO_DATE,IO_INOUT,IO_QTY,IO_PRICE,IO_TOTAL,IO_PCODE,IO_DCODE) values (406,'2018-06-19','매출',93,3000,279000,'P0194','D0190');
Insert into TBL_IOLIST (IO_SEQ,IO_DATE,IO_INOUT,IO_QTY,IO_PRICE,IO_TOTAL,IO_PCODE,IO_DCODE) values (407,'2018-06-20','매출',54,800,43200,'P0387','D0110');
Insert into TBL_IOLIST (IO_SEQ,IO_DATE,IO_INOUT,IO_QTY,IO_PRICE,IO_TOTAL,IO_PCODE,IO_DCODE) values (408,'2018-06-20','매출',61,5000,305000,'P0341','D0101');
Insert into TBL_IOLIST (IO_SEQ,IO_DATE,IO_INOUT,IO_QTY,IO_PRICE,IO_TOTAL,IO_PCODE,IO_DCODE) values (409,'2018-06-21','매출',75,1200,90000,'P0084','D0044');
Insert into TBL_IOLIST (IO_SEQ,IO_DATE,IO_INOUT,IO_QTY,IO_PRICE,IO_TOTAL,IO_PCODE,IO_DCODE) values (410,'2018-06-22','매출',70,800,56000,'P0388','D0015');
Insert into TBL_IOLIST (IO_SEQ,IO_DATE,IO_INOUT,IO_QTY,IO_PRICE,IO_TOTAL,IO_PCODE,IO_DCODE) values (411,'2018-06-22','매출',99,2500,247500,'P0145','D0049');
Insert into TBL_IOLIST (IO_SEQ,IO_DATE,IO_INOUT,IO_QTY,IO_PRICE,IO_TOTAL,IO_PCODE,IO_DCODE) values (412,'2018-06-23','매출',72,2500,180000,'P0231','D0027');
Insert into TBL_IOLIST (IO_SEQ,IO_DATE,IO_INOUT,IO_QTY,IO_PRICE,IO_TOTAL,IO_PCODE,IO_DCODE) values (413,'2018-06-23','매출',94,1500,141000,'P0389','D0036');
Insert into TBL_IOLIST (IO_SEQ,IO_DATE,IO_INOUT,IO_QTY,IO_PRICE,IO_TOTAL,IO_PCODE,IO_DCODE) values (414,'2018-06-23','매출',99,2500,247500,'P0390','D0037');
Insert into TBL_IOLIST (IO_SEQ,IO_DATE,IO_INOUT,IO_QTY,IO_PRICE,IO_TOTAL,IO_PCODE,IO_DCODE) values (415,'2018-06-23','매출',100,1500,150000,'P0342','D0100');
Insert into TBL_IOLIST (IO_SEQ,IO_DATE,IO_INOUT,IO_QTY,IO_PRICE,IO_TOTAL,IO_PCODE,IO_DCODE) values (416,'2018-06-24','매출',94,500,47000,'P0391','D0022');
Insert into TBL_IOLIST (IO_SEQ,IO_DATE,IO_INOUT,IO_QTY,IO_PRICE,IO_TOTAL,IO_PCODE,IO_DCODE) values (417,'2018-06-25','매출',74,1000,74000,'P0163','D0123');
Insert into TBL_IOLIST (IO_SEQ,IO_DATE,IO_INOUT,IO_QTY,IO_PRICE,IO_TOTAL,IO_PCODE,IO_DCODE) values (418,'2018-06-25','매출',75,2500,187500,'P0146','D0029');
Insert into TBL_IOLIST (IO_SEQ,IO_DATE,IO_INOUT,IO_QTY,IO_PRICE,IO_TOTAL,IO_PCODE,IO_DCODE) values (419,'2018-06-28','매출',93,1800,167400,'P0343','D0209');
Insert into TBL_IOLIST (IO_SEQ,IO_DATE,IO_INOUT,IO_QTY,IO_PRICE,IO_TOTAL,IO_PCODE,IO_DCODE) values (420,'2018-07-06','매출',87,1000,87000,'P0044','D0043');
Insert into TBL_IOLIST (IO_SEQ,IO_DATE,IO_INOUT,IO_QTY,IO_PRICE,IO_TOTAL,IO_PCODE,IO_DCODE) values (421,'2018-07-08','매출',52,9000,468000,'P0017','D0038');
Insert into TBL_IOLIST (IO_SEQ,IO_DATE,IO_INOUT,IO_QTY,IO_PRICE,IO_TOTAL,IO_PCODE,IO_DCODE) values (422,'2018-07-09','매출',64,2000,128000,'P0147','D0117');
Insert into TBL_IOLIST (IO_SEQ,IO_DATE,IO_INOUT,IO_QTY,IO_PRICE,IO_TOTAL,IO_PCODE,IO_DCODE) values (423,'2018-07-09','매출',71,600,42600,'P0301','D0106');
Insert into TBL_IOLIST (IO_SEQ,IO_DATE,IO_INOUT,IO_QTY,IO_PRICE,IO_TOTAL,IO_PCODE,IO_DCODE) values (424,'2018-07-09','매출',78,1500,117000,'P0221','D0160');
Insert into TBL_IOLIST (IO_SEQ,IO_DATE,IO_INOUT,IO_QTY,IO_PRICE,IO_TOTAL,IO_PCODE,IO_DCODE) values (425,'2018-07-12','매출',78,2000,156000,'P0232','D0115');
Insert into TBL_IOLIST (IO_SEQ,IO_DATE,IO_INOUT,IO_QTY,IO_PRICE,IO_TOTAL,IO_PCODE,IO_DCODE) values (426,'2018-07-12','매출',73,800,58400,'P0195','D0101');
Insert into TBL_IOLIST (IO_SEQ,IO_DATE,IO_INOUT,IO_QTY,IO_PRICE,IO_TOTAL,IO_PCODE,IO_DCODE) values (427,'2018-07-13','매출',73,1200,87600,'P0196','D0027');
Insert into TBL_IOLIST (IO_SEQ,IO_DATE,IO_INOUT,IO_QTY,IO_PRICE,IO_TOTAL,IO_PCODE,IO_DCODE) values (428,'2018-07-14','매출',64,5500,352000,'P0392','D0129');
Insert into TBL_IOLIST (IO_SEQ,IO_DATE,IO_INOUT,IO_QTY,IO_PRICE,IO_TOTAL,IO_PCODE,IO_DCODE) values (429,'2018-07-14','매출',51,1000,51000,'P0288','D0094');
Insert into TBL_IOLIST (IO_SEQ,IO_DATE,IO_INOUT,IO_QTY,IO_PRICE,IO_TOTAL,IO_PCODE,IO_DCODE) values (430,'2018-07-15','매출',61,1000,61000,'P0344','D0124');
Insert into TBL_IOLIST (IO_SEQ,IO_DATE,IO_INOUT,IO_QTY,IO_PRICE,IO_TOTAL,IO_PCODE,IO_DCODE) values (431,'2018-07-17','매출',90,2000,180000,'P0148','D0107');
Insert into TBL_IOLIST (IO_SEQ,IO_DATE,IO_INOUT,IO_QTY,IO_PRICE,IO_TOTAL,IO_PCODE,IO_DCODE) values (432,'2018-07-18','매출',86,800,68800,'P0085','D0217');
Insert into TBL_IOLIST (IO_SEQ,IO_DATE,IO_INOUT,IO_QTY,IO_PRICE,IO_TOTAL,IO_PCODE,IO_DCODE) values (433,'2018-07-18','매출',51,1200,61200,'P0139','D0161');
Insert into TBL_IOLIST (IO_SEQ,IO_DATE,IO_INOUT,IO_QTY,IO_PRICE,IO_TOTAL,IO_PCODE,IO_DCODE) values (434,'2018-07-18','매출',94,2800,263200,'P0254','D0032');
Insert into TBL_IOLIST (IO_SEQ,IO_DATE,IO_INOUT,IO_QTY,IO_PRICE,IO_TOTAL,IO_PCODE,IO_DCODE) values (435,'2018-07-19','매출',72,1000,72000,'P0233','D0011');
Insert into TBL_IOLIST (IO_SEQ,IO_DATE,IO_INOUT,IO_QTY,IO_PRICE,IO_TOTAL,IO_PCODE,IO_DCODE) values (436,'2018-07-19','매출',71,5500,390500,'P0289','D0128');
Insert into TBL_IOLIST (IO_SEQ,IO_DATE,IO_INOUT,IO_QTY,IO_PRICE,IO_TOTAL,IO_PCODE,IO_DCODE) values (437,'2018-07-20','매출',93,900,83700,'P0121','D0221');
Insert into TBL_IOLIST (IO_SEQ,IO_DATE,IO_INOUT,IO_QTY,IO_PRICE,IO_TOTAL,IO_PCODE,IO_DCODE) values (438,'2018-07-20','매출',79,1000,79000,'P0086','D0075');
Insert into TBL_IOLIST (IO_SEQ,IO_DATE,IO_INOUT,IO_QTY,IO_PRICE,IO_TOTAL,IO_PCODE,IO_DCODE) values (439,'2018-07-20','매출',97,2500,242500,'P0149','D0069');
Insert into TBL_IOLIST (IO_SEQ,IO_DATE,IO_INOUT,IO_QTY,IO_PRICE,IO_TOTAL,IO_PCODE,IO_DCODE) values (440,'2018-07-20','매출',72,8000,576000,'P0393','D0162');
Insert into TBL_IOLIST (IO_SEQ,IO_DATE,IO_INOUT,IO_QTY,IO_PRICE,IO_TOTAL,IO_PCODE,IO_DCODE) values (441,'2018-07-21','매출',73,2000,146000,'P0067','D0053');
Insert into TBL_IOLIST (IO_SEQ,IO_DATE,IO_INOUT,IO_QTY,IO_PRICE,IO_TOTAL,IO_PCODE,IO_DCODE) values (442,'2018-07-21','매출',89,1500,133500,'P0150','D0214');
Insert into TBL_IOLIST (IO_SEQ,IO_DATE,IO_INOUT,IO_QTY,IO_PRICE,IO_TOTAL,IO_PCODE,IO_DCODE) values (443,'2018-07-22','매출',82,1800,147600,'P0197','D0196');
Insert into TBL_IOLIST (IO_SEQ,IO_DATE,IO_INOUT,IO_QTY,IO_PRICE,IO_TOTAL,IO_PCODE,IO_DCODE) values (444,'2018-07-22','매출',61,500,30500,'P0198','D0060');
Insert into TBL_IOLIST (IO_SEQ,IO_DATE,IO_INOUT,IO_QTY,IO_PRICE,IO_TOTAL,IO_PCODE,IO_DCODE) values (445,'2018-07-22','매출',61,1200,73200,'P0345','D0092');
Insert into TBL_IOLIST (IO_SEQ,IO_DATE,IO_INOUT,IO_QTY,IO_PRICE,IO_TOTAL,IO_PCODE,IO_DCODE) values (446,'2018-07-25','매출',95,2500,237500,'P0346','D0147');
Insert into TBL_IOLIST (IO_SEQ,IO_DATE,IO_INOUT,IO_QTY,IO_PRICE,IO_TOTAL,IO_PCODE,IO_DCODE) values (447,'2018-07-25','매출',70,600,42000,'P0260','D0115');
Insert into TBL_IOLIST (IO_SEQ,IO_DATE,IO_INOUT,IO_QTY,IO_PRICE,IO_TOTAL,IO_PCODE,IO_DCODE) values (448,'2018-07-25','매출',77,2500,192500,'P0087','D0095');
Insert into TBL_IOLIST (IO_SEQ,IO_DATE,IO_INOUT,IO_QTY,IO_PRICE,IO_TOTAL,IO_PCODE,IO_DCODE) values (0,'2019-10-30','매입',100,1500,150000,'P0010','D0222');
Insert into TBL_IOLIST (IO_SEQ,IO_DATE,IO_INOUT,IO_QTY,IO_PRICE,IO_TOTAL,IO_PCODE,IO_DCODE) values (546,'2018-12-01','매출',68,15000,1020000,'P0290','D0045');
Insert into TBL_IOLIST (IO_SEQ,IO_DATE,IO_INOUT,IO_QTY,IO_PRICE,IO_TOTAL,IO_PCODE,IO_DCODE) values (547,'2018-12-02','매출',74,1500,111000,'P0142','D0163');
Insert into TBL_IOLIST (IO_SEQ,IO_DATE,IO_INOUT,IO_QTY,IO_PRICE,IO_TOTAL,IO_PCODE,IO_DCODE) values (548,'2018-12-02','매출',86,2500,215000,'P0287','D0180');
Insert into TBL_IOLIST (IO_SEQ,IO_DATE,IO_INOUT,IO_QTY,IO_PRICE,IO_TOTAL,IO_PCODE,IO_DCODE) values (549,'2018-12-04','매출',55,1200,66000,'P0110','D0030');
Insert into TBL_IOLIST (IO_SEQ,IO_DATE,IO_INOUT,IO_QTY,IO_PRICE,IO_TOTAL,IO_PCODE,IO_DCODE) values (550,'2018-12-04','매출',54,1500,81000,'P0234','D0082');
Insert into TBL_IOLIST (IO_SEQ,IO_DATE,IO_INOUT,IO_QTY,IO_PRICE,IO_TOTAL,IO_PCODE,IO_DCODE) values (551,'2018-12-08','매출',85,1000,85000,'P0088','D0012');
Insert into TBL_IOLIST (IO_SEQ,IO_DATE,IO_INOUT,IO_QTY,IO_PRICE,IO_TOTAL,IO_PCODE,IO_DCODE) values (552,'2018-12-08','매출',87,1500,130500,'P0234','D0224');
Insert into TBL_IOLIST (IO_SEQ,IO_DATE,IO_INOUT,IO_QTY,IO_PRICE,IO_TOTAL,IO_PCODE,IO_DCODE) values (553,'2018-12-09','매출',93,1200,111600,'P0188','D0125');
Insert into TBL_IOLIST (IO_SEQ,IO_DATE,IO_INOUT,IO_QTY,IO_PRICE,IO_TOTAL,IO_PCODE,IO_DCODE) values (554,'2018-12-09','매출',88,1000,88000,'P0235','D0079');
Insert into TBL_IOLIST (IO_SEQ,IO_DATE,IO_INOUT,IO_QTY,IO_PRICE,IO_TOTAL,IO_PCODE,IO_DCODE) values (555,'2018-12-09','매출',92,5000,460000,'P0312','D0196');
Insert into TBL_IOLIST (IO_SEQ,IO_DATE,IO_INOUT,IO_QTY,IO_PRICE,IO_TOTAL,IO_PCODE,IO_DCODE) values (556,'2018-12-11','매출',77,500,38500,'P0239','D0119');
Insert into TBL_IOLIST (IO_SEQ,IO_DATE,IO_INOUT,IO_QTY,IO_PRICE,IO_TOTAL,IO_PCODE,IO_DCODE) values (557,'2018-12-11','매출',89,1500,133500,'P0089','D0166');
Insert into TBL_IOLIST (IO_SEQ,IO_DATE,IO_INOUT,IO_QTY,IO_PRICE,IO_TOTAL,IO_PCODE,IO_DCODE) values (558,'2018-12-13','매출',77,1000,77000,'P0323','D0010');
REM INSERTING into TBL_MASTER
SET DEFINE OFF;
Insert into TBL_MASTER (M_SEQ,M_SUBJECT) values (1,'다음 중 OSI 7계층 중 가장 하위 계층으로 맞는 것은?');
Insert into TBL_MASTER (M_SEQ,M_SUBJECT) values (2,'다음 중 OSI 7계층 중 가장 하위 계층으로 맞는 것은?');
Insert into TBL_MASTER (M_SEQ,M_SUBJECT) values (3,'다음 중 OSI 7계층 중 가장 하위 계층으로 맞는 것은?');
Insert into TBL_MASTER (M_SEQ,M_SUBJECT) values (4,'다음 중 사용자의 데이터가 저장된느 메모리는?');
Insert into TBL_MASTER (M_SEQ,M_SUBJECT) values (5,'다음 중 데이터를 추가할 때 사용하는 SQL 명령문은?');
Insert into TBL_MASTER (M_SEQ,M_SUBJECT) values (6,'TEST 문제 입력');
REM INSERTING into TBL_PRODUCT
SET DEFINE OFF;
Insert into TBL_PRODUCT (P_CODE,P_NAME,P_IPRICE,P_OPRICE,P_VAT) values ('P0001','얼음물',null,null,'1');
Insert into TBL_PRODUCT (P_CODE,P_NAME,P_IPRICE,P_OPRICE,P_VAT) values ('P0002','휴대폰 119',null,null,'1');
Insert into TBL_PRODUCT (P_CODE,P_NAME,P_IPRICE,P_OPRICE,P_VAT) values ('P0003','1000 다이제초코',null,null,'1');
Insert into TBL_PRODUCT (P_CODE,P_NAME,P_IPRICE,P_OPRICE,P_VAT) values ('P0004','캡슐엑스퍼트포도',null,null,'1');
Insert into TBL_PRODUCT (P_CODE,P_NAME,P_IPRICE,P_OPRICE,P_VAT) values ('P0005','포도.배코코 240㎖캔',null,null,'1');
Insert into TBL_PRODUCT (P_CODE,P_NAME,P_IPRICE,P_OPRICE,P_VAT) values ('P0006','유자차',null,null,'1');
Insert into TBL_PRODUCT (P_CODE,P_NAME,P_IPRICE,P_OPRICE,P_VAT) values ('P0007','조미쥐지포',null,null,'1');
Insert into TBL_PRODUCT (P_CODE,P_NAME,P_IPRICE,P_OPRICE,P_VAT) values ('P0008','불고기맛한마리오징어',null,null,'1');
Insert into TBL_PRODUCT (P_CODE,P_NAME,P_IPRICE,P_OPRICE,P_VAT) values ('P0009','귀마개',null,null,'1');
Insert into TBL_PRODUCT (P_CODE,P_NAME,P_IPRICE,P_OPRICE,P_VAT) values ('P0010','포도야 놀자',1500,2500,'1');
Insert into TBL_PRODUCT (P_CODE,P_NAME,P_IPRICE,P_OPRICE,P_VAT) values ('P0011','1000도도한나초검은깨',0,0,'1');
Insert into TBL_PRODUCT (P_CODE,P_NAME,P_IPRICE,P_OPRICE,P_VAT) values ('P0012','7+8칫솔',null,null,'1');
Insert into TBL_PRODUCT (P_CODE,P_NAME,P_IPRICE,P_OPRICE,P_VAT) values ('P0013','봉지커피',null,null,'1');
Insert into TBL_PRODUCT (P_CODE,P_NAME,P_IPRICE,P_OPRICE,P_VAT) values ('P0014','통크',null,null,'1');
Insert into TBL_PRODUCT (P_CODE,P_NAME,P_IPRICE,P_OPRICE,P_VAT) values ('P0015','5000모자',null,null,'1');
Insert into TBL_PRODUCT (P_CODE,P_NAME,P_IPRICE,P_OPRICE,P_VAT) values ('P0016','오라떼크림소다',null,null,'1');
Insert into TBL_PRODUCT (P_CODE,P_NAME,P_IPRICE,P_OPRICE,P_VAT) values ('P0017','페레로로셰',null,null,'1');
Insert into TBL_PRODUCT (P_CODE,P_NAME,P_IPRICE,P_OPRICE,P_VAT) values ('P0018','구름위에-대일',null,null,'1');
Insert into TBL_PRODUCT (P_CODE,P_NAME,P_IPRICE,P_OPRICE,P_VAT) values ('P0019','뉴크리넥스 수앤수 캡60매',null,null,'1');
Insert into TBL_PRODUCT (P_CODE,P_NAME,P_IPRICE,P_OPRICE,P_VAT) values ('P0020','무농약초코칩쿠키',null,null,'1');
Insert into TBL_PRODUCT (P_CODE,P_NAME,P_IPRICE,P_OPRICE,P_VAT) values ('P0021','코코팜 포도',null,null,'1');
Insert into TBL_PRODUCT (P_CODE,P_NAME,P_IPRICE,P_OPRICE,P_VAT) values ('P0022','(신)새우깡',null,null,'1');
Insert into TBL_PRODUCT (P_CODE,P_NAME,P_IPRICE,P_OPRICE,P_VAT) values ('P0023',' 한 떨 기',null,null,'1');
Insert into TBL_PRODUCT (P_CODE,P_NAME,P_IPRICE,P_OPRICE,P_VAT) values ('P0024','국희땅콩샌드',null,null,'1');
Insert into TBL_PRODUCT (P_CODE,P_NAME,P_IPRICE,P_OPRICE,P_VAT) values ('P0025','순두유녹차',null,null,'1');
Insert into TBL_PRODUCT (P_CODE,P_NAME,P_IPRICE,P_OPRICE,P_VAT) values ('P0026',' 스크류',null,null,'1');
Insert into TBL_PRODUCT (P_CODE,P_NAME,P_IPRICE,P_OPRICE,P_VAT) values ('P0027','허밍타임멘솔',null,null,'1');
Insert into TBL_PRODUCT (P_CODE,P_NAME,P_IPRICE,P_OPRICE,P_VAT) values ('P0028','말보로라이트',null,null,'1');
Insert into TBL_PRODUCT (P_CODE,P_NAME,P_IPRICE,P_OPRICE,P_VAT) values ('P0029','카푸치노컵',null,null,'1');
Insert into TBL_PRODUCT (P_CODE,P_NAME,P_IPRICE,P_OPRICE,P_VAT) values ('P0030','순두유는 맛없어',900,1500,'1');
Insert into TBL_PRODUCT (P_CODE,P_NAME,P_IPRICE,P_OPRICE,P_VAT) values ('P0031','투인러브 모카(커피)',null,null,'1');
Insert into TBL_PRODUCT (P_CODE,P_NAME,P_IPRICE,P_OPRICE,P_VAT) values ('P0032',' 주물러(콜.배)',null,null,'1');
Insert into TBL_PRODUCT (P_CODE,P_NAME,P_IPRICE,P_OPRICE,P_VAT) values ('P0033','500바',null,null,'1');
Insert into TBL_PRODUCT (P_CODE,P_NAME,P_IPRICE,P_OPRICE,P_VAT) values ('P0034',' 빙하시대(커피)',null,null,'1');
Insert into TBL_PRODUCT (P_CODE,P_NAME,P_IPRICE,P_OPRICE,P_VAT) values ('P0035','500 돌아온왕꿈틀이',null,null,'1');
Insert into TBL_PRODUCT (P_CODE,P_NAME,P_IPRICE,P_OPRICE,P_VAT) values ('P0036',' 옥동자(초코)',null,null,'1');
Insert into TBL_PRODUCT (P_CODE,P_NAME,P_IPRICE,P_OPRICE,P_VAT) values ('P0037','코닥KL2CR5-1',null,null,'1');
Insert into TBL_PRODUCT (P_CODE,P_NAME,P_IPRICE,P_OPRICE,P_VAT) values ('P0038','멀티비타 병',null,null,'1');
Insert into TBL_PRODUCT (P_CODE,P_NAME,P_IPRICE,P_OPRICE,P_VAT) values ('P0039','마일드세븐[박스]',null,null,'1');
Insert into TBL_PRODUCT (P_CODE,P_NAME,P_IPRICE,P_OPRICE,P_VAT) values ('P0040','1500애니타임',null,null,'1');
Insert into TBL_PRODUCT (P_CODE,P_NAME,P_IPRICE,P_OPRICE,P_VAT) values ('P0041','타임라이트',null,null,'1');
Insert into TBL_PRODUCT (P_CODE,P_NAME,P_IPRICE,P_OPRICE,P_VAT) values ('P0042','오리온초코칩쿠키',null,null,'1');
Insert into TBL_PRODUCT (P_CODE,P_NAME,P_IPRICE,P_OPRICE,P_VAT) values ('P0043','삼다수녹차',null,null,'1');
Insert into TBL_PRODUCT (P_CODE,P_NAME,P_IPRICE,P_OPRICE,P_VAT) values ('P0044','생수',null,null,'1');
Insert into TBL_PRODUCT (P_CODE,P_NAME,P_IPRICE,P_OPRICE,P_VAT) values ('P0045','(신)바나나킥',null,null,'1');
Insert into TBL_PRODUCT (P_CODE,P_NAME,P_IPRICE,P_OPRICE,P_VAT) values ('P0046','자일리톨1000껌',null,null,'1');
Insert into TBL_PRODUCT (P_CODE,P_NAME,P_IPRICE,P_OPRICE,P_VAT) values ('P0047','500눈초코송이',null,null,'1');
Insert into TBL_PRODUCT (P_CODE,P_NAME,P_IPRICE,P_OPRICE,P_VAT) values ('P0048','쿠우-포도',null,null,'1');
Insert into TBL_PRODUCT (P_CODE,P_NAME,P_IPRICE,P_OPRICE,P_VAT) values ('P0049','디지털CRV3',null,null,'1');
Insert into TBL_PRODUCT (P_CODE,P_NAME,P_IPRICE,P_OPRICE,P_VAT) values ('P0050','700 다이제비스킷',null,null,'1');
Insert into TBL_PRODUCT (P_CODE,P_NAME,P_IPRICE,P_OPRICE,P_VAT) values ('P0051','농협-복분자(175)',null,null,'1');
Insert into TBL_PRODUCT (P_CODE,P_NAME,P_IPRICE,P_OPRICE,P_VAT) values ('P0052','네스티',null,null,'1');
Insert into TBL_PRODUCT (P_CODE,P_NAME,P_IPRICE,P_OPRICE,P_VAT) values ('P0053','(신)땅콩꽈배기',null,null,'1');
Insert into TBL_PRODUCT (P_CODE,P_NAME,P_IPRICE,P_OPRICE,P_VAT) values ('P0054','투니스',null,null,'1');
Insert into TBL_PRODUCT (P_CODE,P_NAME,P_IPRICE,P_OPRICE,P_VAT) values ('P0055','자기야홍삼을왜마셔?',null,null,'1');
Insert into TBL_PRODUCT (P_CODE,P_NAME,P_IPRICE,P_OPRICE,P_VAT) values ('P0056','산소수',null,null,'1');
Insert into TBL_PRODUCT (P_CODE,P_NAME,P_IPRICE,P_OPRICE,P_VAT) values ('P0057','오리온웨하스 딸기맛',null,null,'1');
Insert into TBL_PRODUCT (P_CODE,P_NAME,P_IPRICE,P_OPRICE,P_VAT) values ('P0058','칸타타(원두커피)',null,null,'1');
Insert into TBL_PRODUCT (P_CODE,P_NAME,P_IPRICE,P_OPRICE,P_VAT) values ('P0059','이온에이드캔',null,null,'1');
Insert into TBL_PRODUCT (P_CODE,P_NAME,P_IPRICE,P_OPRICE,P_VAT) values ('P0060','맥스웰싱글카페캔',null,null,'1');
Insert into TBL_PRODUCT (P_CODE,P_NAME,P_IPRICE,P_OPRICE,P_VAT) values ('P0061','하기스매직팬티특대(여)',null,null,'1');
Insert into TBL_PRODUCT (P_CODE,P_NAME,P_IPRICE,P_OPRICE,P_VAT) values ('P0062','셀렘원',null,null,'1');
Insert into TBL_PRODUCT (P_CODE,P_NAME,P_IPRICE,P_OPRICE,P_VAT) values ('P0063','프렌치카페카라멜마끼야또',null,null,'1');
Insert into TBL_PRODUCT (P_CODE,P_NAME,P_IPRICE,P_OPRICE,P_VAT) values ('P0064','히야 오렌지 300㎖캐릭터펫',null,null,'1');
Insert into TBL_PRODUCT (P_CODE,P_NAME,P_IPRICE,P_OPRICE,P_VAT) values ('P0065','야채크래커',null,null,'1');
Insert into TBL_PRODUCT (P_CODE,P_NAME,P_IPRICE,P_OPRICE,P_VAT) values ('P0066','칩포테토짭짤(대)',null,null,'1');
Insert into TBL_PRODUCT (P_CODE,P_NAME,P_IPRICE,P_OPRICE,P_VAT) values ('P0067','카스타드',null,null,'1');
Insert into TBL_PRODUCT (P_CODE,P_NAME,P_IPRICE,P_OPRICE,P_VAT) values ('P0068','500목캔디',null,null,'1');
Insert into TBL_PRODUCT (P_CODE,P_NAME,P_IPRICE,P_OPRICE,P_VAT) values ('P0069','클라우드',null,null,'1');
Insert into TBL_PRODUCT (P_CODE,P_NAME,P_IPRICE,P_OPRICE,P_VAT) values ('P0070','농협-알로에(180)',null,null,'1');
Insert into TBL_PRODUCT (P_CODE,P_NAME,P_IPRICE,P_OPRICE,P_VAT) values ('P0071','귀다리벙거지',null,null,'1');
Insert into TBL_PRODUCT (P_CODE,P_NAME,P_IPRICE,P_OPRICE,P_VAT) values ('P0072','500가나',null,null,'1');
Insert into TBL_PRODUCT (P_CODE,P_NAME,P_IPRICE,P_OPRICE,P_VAT) values ('P0073','미니폴',null,null,'1');
Insert into TBL_PRODUCT (P_CODE,P_NAME,P_IPRICE,P_OPRICE,P_VAT) values ('P0074','선글라스10000',null,null,'1');
Insert into TBL_PRODUCT (P_CODE,P_NAME,P_IPRICE,P_OPRICE,P_VAT) values ('P0075','여행셋트',null,null,'1');
Insert into TBL_PRODUCT (P_CODE,P_NAME,P_IPRICE,P_OPRICE,P_VAT) values ('P0076','멸균딸기',null,null,'1');
Insert into TBL_PRODUCT (P_CODE,P_NAME,P_IPRICE,P_OPRICE,P_VAT) values ('P0077','에쎄(순)',null,null,'1');
Insert into TBL_PRODUCT (P_CODE,P_NAME,P_IPRICE,P_OPRICE,P_VAT) values ('P0078','오란씨소다 복숭아캔',null,null,'1');
Insert into TBL_PRODUCT (P_CODE,P_NAME,P_IPRICE,P_OPRICE,P_VAT) values ('P0079','2000목캔디',null,null,'1');
Insert into TBL_PRODUCT (P_CODE,P_NAME,P_IPRICE,P_OPRICE,P_VAT) values ('P0080','코카콜라500ml',null,null,'1');
Insert into TBL_PRODUCT (P_CODE,P_NAME,P_IPRICE,P_OPRICE,P_VAT) values ('P0081','코닥100/36',null,null,'1');
Insert into TBL_PRODUCT (P_CODE,P_NAME,P_IPRICE,P_OPRICE,P_VAT) values ('P0082','광동진광탕',null,null,'1');
Insert into TBL_PRODUCT (P_CODE,P_NAME,P_IPRICE,P_OPRICE,P_VAT) values ('P0083','빵또아',null,null,'1');
Insert into TBL_PRODUCT (P_CODE,P_NAME,P_IPRICE,P_OPRICE,P_VAT) values ('P0084','백옥콘',null,null,'1');
Insert into TBL_PRODUCT (P_CODE,P_NAME,P_IPRICE,P_OPRICE,P_VAT) values ('P0085','로얄디',null,null,'1');
Insert into TBL_PRODUCT (P_CODE,P_NAME,P_IPRICE,P_OPRICE,P_VAT) values ('P0086','카페라떼캔(모카)',null,null,'1');
Insert into TBL_PRODUCT (P_CODE,P_NAME,P_IPRICE,P_OPRICE,P_VAT) values ('P0087','마일드세븐(갑)',null,null,'1');
Insert into TBL_PRODUCT (P_CODE,P_NAME,P_IPRICE,P_OPRICE,P_VAT) values ('P0088','버터링',null,null,'1');
Insert into TBL_PRODUCT (P_CODE,P_NAME,P_IPRICE,P_OPRICE,P_VAT) values ('P0089','못말리는신짱',null,null,'1');
Insert into TBL_PRODUCT (P_CODE,P_NAME,P_IPRICE,P_OPRICE,P_VAT) values ('P0090','농협-한라봉(175)',null,null,'1');
Insert into TBL_PRODUCT (P_CODE,P_NAME,P_IPRICE,P_OPRICE,P_VAT) values ('P0091','참오징어',null,null,'1');
Insert into TBL_PRODUCT (P_CODE,P_NAME,P_IPRICE,P_OPRICE,P_VAT) values ('P0092','쵸코하임',null,null,'1');
Insert into TBL_PRODUCT (P_CODE,P_NAME,P_IPRICE,P_OPRICE,P_VAT) values ('P0093','선글라스20000',null,null,'1');
Insert into TBL_PRODUCT (P_CODE,P_NAME,P_IPRICE,P_OPRICE,P_VAT) values ('P0094',' 쿠키앤크림',null,null,'1');
Insert into TBL_PRODUCT (P_CODE,P_NAME,P_IPRICE,P_OPRICE,P_VAT) values ('P0095','메이플스토리체리',null,null,'1');
Insert into TBL_PRODUCT (P_CODE,P_NAME,P_IPRICE,P_OPRICE,P_VAT) values ('P0096','고구마형과자',null,null,'1');
Insert into TBL_PRODUCT (P_CODE,P_NAME,P_IPRICE,P_OPRICE,P_VAT) values ('P0097','던힐(맨솔)',null,null,'1');
Insert into TBL_PRODUCT (P_CODE,P_NAME,P_IPRICE,P_OPRICE,P_VAT) values ('P0098','신생녹차',null,null,'1');
Insert into TBL_PRODUCT (P_CODE,P_NAME,P_IPRICE,P_OPRICE,P_VAT) values ('P0099','구이쥐치포',null,null,'1');
Insert into TBL_PRODUCT (P_CODE,P_NAME,P_IPRICE,P_OPRICE,P_VAT) values ('P0100','솔잎꿀차',null,null,'1');
Insert into TBL_PRODUCT (P_CODE,P_NAME,P_IPRICE,P_OPRICE,P_VAT) values ('P0101','생녹차(패트)',null,null,'1');
Insert into TBL_PRODUCT (P_CODE,P_NAME,P_IPRICE,P_OPRICE,P_VAT) values ('P0102','멀티비타 캔',null,null,'1');
Insert into TBL_PRODUCT (P_CODE,P_NAME,P_IPRICE,P_OPRICE,P_VAT) values ('P0103','농협-제주감귤(180)',null,null,'1');
Insert into TBL_PRODUCT (P_CODE,P_NAME,P_IPRICE,P_OPRICE,P_VAT) values ('P0104','밴드스타킹',null,null,'1');
Insert into TBL_PRODUCT (P_CODE,P_NAME,P_IPRICE,P_OPRICE,P_VAT) values ('P0105','(신)ABC쵸콜렛',null,null,'1');
Insert into TBL_PRODUCT (P_CODE,P_NAME,P_IPRICE,P_OPRICE,P_VAT) values ('P0106','대일밴드',null,null,'1');
Insert into TBL_PRODUCT (P_CODE,P_NAME,P_IPRICE,P_OPRICE,P_VAT) values ('P0107','딸기맛우유',null,null,'1');
Insert into TBL_PRODUCT (P_CODE,P_NAME,P_IPRICE,P_OPRICE,P_VAT) values ('P0108','데미소다오렌지패트',null,null,'1');
Insert into TBL_PRODUCT (P_CODE,P_NAME,P_IPRICE,P_OPRICE,P_VAT) values ('P0109',' 고 드 름(블루)',null,null,'1');
Insert into TBL_PRODUCT (P_CODE,P_NAME,P_IPRICE,P_OPRICE,P_VAT) values ('P0110','비타 파워',null,null,'1');
Insert into TBL_PRODUCT (P_CODE,P_NAME,P_IPRICE,P_OPRICE,P_VAT) values ('P0111','보솜이대형',null,null,'1');
Insert into TBL_PRODUCT (P_CODE,P_NAME,P_IPRICE,P_OPRICE,P_VAT) values ('P0112','화이브미니병',null,null,'1');
Insert into TBL_PRODUCT (P_CODE,P_NAME,P_IPRICE,P_OPRICE,P_VAT) values ('P0113','참ing(크리미버터)',null,null,'1');
Insert into TBL_PRODUCT (P_CODE,P_NAME,P_IPRICE,P_OPRICE,P_VAT) values ('P0114','소보로',null,null,'1');
Insert into TBL_PRODUCT (P_CODE,P_NAME,P_IPRICE,P_OPRICE,P_VAT) values ('P0115',' 링 키 바',null,null,'1');
Insert into TBL_PRODUCT (P_CODE,P_NAME,P_IPRICE,P_OPRICE,P_VAT) values ('P0116','알새우칩',null,null,'1');
Insert into TBL_PRODUCT (P_CODE,P_NAME,P_IPRICE,P_OPRICE,P_VAT) values ('P0117','암바사캔',null,null,'1');
Insert into TBL_PRODUCT (P_CODE,P_NAME,P_IPRICE,P_OPRICE,P_VAT) values ('P0118','왕고래밥',null,null,'1');
Insert into TBL_PRODUCT (P_CODE,P_NAME,P_IPRICE,P_OPRICE,P_VAT) values ('P0119','육개장사발면',null,null,'1');
Insert into TBL_PRODUCT (P_CODE,P_NAME,P_IPRICE,P_OPRICE,P_VAT) values ('P0120','22000모자',null,null,'1');
Insert into TBL_PRODUCT (P_CODE,P_NAME,P_IPRICE,P_OPRICE,P_VAT) values ('P0121','(신)신라면큰사발',null,null,'1');
Insert into TBL_PRODUCT (P_CODE,P_NAME,P_IPRICE,P_OPRICE,P_VAT) values ('P0122','마일드세븐슈퍼라이트',null,null,'1');
Insert into TBL_PRODUCT (P_CODE,P_NAME,P_IPRICE,P_OPRICE,P_VAT) values ('P0123','(신)쫄병스낵',null,null,'1');
Insert into TBL_PRODUCT (P_CODE,P_NAME,P_IPRICE,P_OPRICE,P_VAT) values ('P0124','맥심 오리지날 20입',null,null,'1');
Insert into TBL_PRODUCT (P_CODE,P_NAME,P_IPRICE,P_OPRICE,P_VAT) values ('P0125',' 월드콘(바닐라)',null,null,'1');
Insert into TBL_PRODUCT (P_CODE,P_NAME,P_IPRICE,P_OPRICE,P_VAT) values ('P0126','16000모자',null,null,'1');
Insert into TBL_PRODUCT (P_CODE,P_NAME,P_IPRICE,P_OPRICE,P_VAT) values ('P0127',' 주물러(개구리)',null,null,'1');
Insert into TBL_PRODUCT (P_CODE,P_NAME,P_IPRICE,P_OPRICE,P_VAT) values ('P0128','건면세대-김치',null,null,'1');
Insert into TBL_PRODUCT (P_CODE,P_NAME,P_IPRICE,P_OPRICE,P_VAT) values ('P0129','뻥소리',null,null,'1');
Insert into TBL_PRODUCT (P_CODE,P_NAME,P_IPRICE,P_OPRICE,P_VAT) values ('P0130','홍삼꿀',null,null,'1');
Insert into TBL_PRODUCT (P_CODE,P_NAME,P_IPRICE,P_OPRICE,P_VAT) values ('P0131','신라면큰사발면',null,null,'1');
Insert into TBL_PRODUCT (P_CODE,P_NAME,P_IPRICE,P_OPRICE,P_VAT) values ('P0132','오란씨-파인',null,null,'1');
Insert into TBL_PRODUCT (P_CODE,P_NAME,P_IPRICE,P_OPRICE,P_VAT) values ('P0133','팬시라이너',null,null,'1');
Insert into TBL_PRODUCT (P_CODE,P_NAME,P_IPRICE,P_OPRICE,P_VAT) values ('P0134',' 더위사냥(오렌지)',null,null,'1');
Insert into TBL_PRODUCT (P_CODE,P_NAME,P_IPRICE,P_OPRICE,P_VAT) values ('P0135','코닥일회용(유)',null,null,'1');
Insert into TBL_PRODUCT (P_CODE,P_NAME,P_IPRICE,P_OPRICE,P_VAT) values ('P0136','콜드 포도240',null,null,'1');
Insert into TBL_PRODUCT (P_CODE,P_NAME,P_IPRICE,P_OPRICE,P_VAT) values ('P0137','촉촉한초코칩',null,null,'1');
Insert into TBL_PRODUCT (P_CODE,P_NAME,P_IPRICE,P_OPRICE,P_VAT) values ('P0138','(신)새우탕큰사발',null,null,'1');
Insert into TBL_PRODUCT (P_CODE,P_NAME,P_IPRICE,P_OPRICE,P_VAT) values ('P0139','유자꿀차',null,null,'1');
Insert into TBL_PRODUCT (P_CODE,P_NAME,P_IPRICE,P_OPRICE,P_VAT) values ('P0140','인디언밥',null,null,'1');
Insert into TBL_PRODUCT (P_CODE,P_NAME,P_IPRICE,P_OPRICE,P_VAT) values ('P0141','(신)k400/36',null,null,'1');
Insert into TBL_PRODUCT (P_CODE,P_NAME,P_IPRICE,P_OPRICE,P_VAT) values ('P0142','1500더블후레쉬자몽',null,null,'1');
Insert into TBL_PRODUCT (P_CODE,P_NAME,P_IPRICE,P_OPRICE,P_VAT) values ('P0143','새우탕면',null,null,'1');
Insert into TBL_PRODUCT (P_CODE,P_NAME,P_IPRICE,P_OPRICE,P_VAT) values ('P0144','바로까페헤이즐넛',null,null,'1');
Insert into TBL_PRODUCT (P_CODE,P_NAME,P_IPRICE,P_OPRICE,P_VAT) values ('P0145','라면',null,null,'1');
Insert into TBL_PRODUCT (P_CODE,P_NAME,P_IPRICE,P_OPRICE,P_VAT) values ('P0146','던힐발란스',null,null,'1');
Insert into TBL_PRODUCT (P_CODE,P_NAME,P_IPRICE,P_OPRICE,P_VAT) values ('P0147','땅콩강정',null,null,'1');
Insert into TBL_PRODUCT (P_CODE,P_NAME,P_IPRICE,P_OPRICE,P_VAT) values ('P0148','코카콜라 1.5PET',null,null,'1');
Insert into TBL_PRODUCT (P_CODE,P_NAME,P_IPRICE,P_OPRICE,P_VAT) values ('P0149','무농약현미칩쿠키',null,null,'1');
Insert into TBL_PRODUCT (P_CODE,P_NAME,P_IPRICE,P_OPRICE,P_VAT) values ('P0150','화이트엔젤큐티',null,null,'1');
Insert into TBL_PRODUCT (P_CODE,P_NAME,P_IPRICE,P_OPRICE,P_VAT) values ('P0151','미니쉘(딸)',null,null,'1');
Insert into TBL_PRODUCT (P_CODE,P_NAME,P_IPRICE,P_OPRICE,P_VAT) values ('P0152','농협-복분자(180)',null,null,'1');
Insert into TBL_PRODUCT (P_CODE,P_NAME,P_IPRICE,P_OPRICE,P_VAT) values ('P0153','빅파이',null,null,'1');
Insert into TBL_PRODUCT (P_CODE,P_NAME,P_IPRICE,P_OPRICE,P_VAT) values ('P0154','샴푸린스',null,null,'1');
Insert into TBL_PRODUCT (P_CODE,P_NAME,P_IPRICE,P_OPRICE,P_VAT) values ('P0155','마늘빵',null,null,'1');
Insert into TBL_PRODUCT (P_CODE,P_NAME,P_IPRICE,P_OPRICE,P_VAT) values ('P0156','대추꿀차',null,null,'1');
Insert into TBL_PRODUCT (P_CODE,P_NAME,P_IPRICE,P_OPRICE,P_VAT) values ('P0157','PREMIER',null,null,'1');
Insert into TBL_PRODUCT (P_CODE,P_NAME,P_IPRICE,P_OPRICE,P_VAT) values ('P0158','헤이즐넛커피믹스',null,null,'1');
Insert into TBL_PRODUCT (P_CODE,P_NAME,P_IPRICE,P_OPRICE,P_VAT) values ('P0159','코닥KCR2-1',null,null,'1');
Insert into TBL_PRODUCT (P_CODE,P_NAME,P_IPRICE,P_OPRICE,P_VAT) values ('P0160','(신)구이쥐치포',null,null,'1');
Insert into TBL_PRODUCT (P_CODE,P_NAME,P_IPRICE,P_OPRICE,P_VAT) values ('P0161','초코송이',null,null,'1');
Insert into TBL_PRODUCT (P_CODE,P_NAME,P_IPRICE,P_OPRICE,P_VAT) values ('P0162',' 팥 빙 수',null,null,'1');
Insert into TBL_PRODUCT (P_CODE,P_NAME,P_IPRICE,P_OPRICE,P_VAT) values ('P0163','키세스',null,null,'1');
Insert into TBL_PRODUCT (P_CODE,P_NAME,P_IPRICE,P_OPRICE,P_VAT) values ('P0164','옥수수수염차',null,null,'1');
Insert into TBL_PRODUCT (P_CODE,P_NAME,P_IPRICE,P_OPRICE,P_VAT) values ('P0165','일회용밴드',null,null,'1');
Insert into TBL_PRODUCT (P_CODE,P_NAME,P_IPRICE,P_OPRICE,P_VAT) values ('P0166',' 빙하시대(파인)',null,null,'1');
Insert into TBL_PRODUCT (P_CODE,P_NAME,P_IPRICE,P_OPRICE,P_VAT) values ('P0167','농협-홍삼(180)',null,null,'1');
Insert into TBL_PRODUCT (P_CODE,P_NAME,P_IPRICE,P_OPRICE,P_VAT) values ('P0168','프리클스오리지널',null,null,'1');
Insert into TBL_PRODUCT (P_CODE,P_NAME,P_IPRICE,P_OPRICE,P_VAT) values ('P0169','아몬드',null,null,'1');
Insert into TBL_PRODUCT (P_CODE,P_NAME,P_IPRICE,P_OPRICE,P_VAT) values ('P0170','참ing(버터레몬)',null,null,'1');
Insert into TBL_PRODUCT (P_CODE,P_NAME,P_IPRICE,P_OPRICE,P_VAT) values ('P0171','버터구이진미45g',null,null,'1');
Insert into TBL_PRODUCT (P_CODE,P_NAME,P_IPRICE,P_OPRICE,P_VAT) values ('P0172','3000드림카카오56%',null,null,'1');
Insert into TBL_PRODUCT (P_CODE,P_NAME,P_IPRICE,P_OPRICE,P_VAT) values ('P0173','초코틴틴',null,null,'1');
Insert into TBL_PRODUCT (P_CODE,P_NAME,P_IPRICE,P_OPRICE,P_VAT) values ('P0174',' 클래스(딸기)',null,null,'1');
Insert into TBL_PRODUCT (P_CODE,P_NAME,P_IPRICE,P_OPRICE,P_VAT) values ('P0175','미녀는 석류를 좋아해180㎖캔',null,null,'1');
Insert into TBL_PRODUCT (P_CODE,P_NAME,P_IPRICE,P_OPRICE,P_VAT) values ('P0176','미닛메이드알로에플러스',null,null,'1');
Insert into TBL_PRODUCT (P_CODE,P_NAME,P_IPRICE,P_OPRICE,P_VAT) values ('P0177','1000초코칩쿠키',null,null,'1');
Insert into TBL_PRODUCT (P_CODE,P_NAME,P_IPRICE,P_OPRICE,P_VAT) values ('P0178','영지골드',null,null,'1');
Insert into TBL_PRODUCT (P_CODE,P_NAME,P_IPRICE,P_OPRICE,P_VAT) values ('P0179','빠다코코낫',null,null,'1');
Insert into TBL_PRODUCT (P_CODE,P_NAME,P_IPRICE,P_OPRICE,P_VAT) values ('P0180','디스플러스(갑)',null,null,'1');
Insert into TBL_PRODUCT (P_CODE,P_NAME,P_IPRICE,P_OPRICE,P_VAT) values ('P0181','매직스-중날',null,null,'1');
Insert into TBL_PRODUCT (P_CODE,P_NAME,P_IPRICE,P_OPRICE,P_VAT) values ('P0182','키세스쿠키앤',null,null,'1');
Insert into TBL_PRODUCT (P_CODE,P_NAME,P_IPRICE,P_OPRICE,P_VAT) values ('P0183','오징어 버터구이 40g',null,null,'1');
Insert into TBL_PRODUCT (P_CODE,P_NAME,P_IPRICE,P_OPRICE,P_VAT) values ('P0184','심플(갑)',null,null,'1');
Insert into TBL_PRODUCT (P_CODE,P_NAME,P_IPRICE,P_OPRICE,P_VAT) values ('P0185',' 메 타 콘(딸기)',null,null,'1');
Insert into TBL_PRODUCT (P_CODE,P_NAME,P_IPRICE,P_OPRICE,P_VAT) values ('P0186','던힐프로스트',null,null,'1');
Insert into TBL_PRODUCT (P_CODE,P_NAME,P_IPRICE,P_OPRICE,P_VAT) values ('P0187','1000해바라기초코볼',null,null,'1');
Insert into TBL_PRODUCT (P_CODE,P_NAME,P_IPRICE,P_OPRICE,P_VAT) values ('P0188','쌀과자',null,null,'1');
Insert into TBL_PRODUCT (P_CODE,P_NAME,P_IPRICE,P_OPRICE,P_VAT) values ('P0189','하이콜라겐',null,null,'1');
Insert into TBL_PRODUCT (P_CODE,P_NAME,P_IPRICE,P_OPRICE,P_VAT) values ('P0190','프리모',null,null,'1');
Insert into TBL_PRODUCT (P_CODE,P_NAME,P_IPRICE,P_OPRICE,P_VAT) values ('P0191','엄마손파이',null,null,'1');
Insert into TBL_PRODUCT (P_CODE,P_NAME,P_IPRICE,P_OPRICE,P_VAT) values ('P0192','소라형과자',null,null,'1');
Insert into TBL_PRODUCT (P_CODE,P_NAME,P_IPRICE,P_OPRICE,P_VAT) values ('P0193','자일리톨3+',null,null,'1');
Insert into TBL_PRODUCT (P_CODE,P_NAME,P_IPRICE,P_OPRICE,P_VAT) values ('P0194','애니데이일반24',null,null,'1');
Insert into TBL_PRODUCT (P_CODE,P_NAME,P_IPRICE,P_OPRICE,P_VAT) values ('P0195','초코픽',null,null,'1');
Insert into TBL_PRODUCT (P_CODE,P_NAME,P_IPRICE,P_OPRICE,P_VAT) values ('P0196','깜두',null,null,'1');
Insert into TBL_PRODUCT (P_CODE,P_NAME,P_IPRICE,P_OPRICE,P_VAT) values ('P0197','웅진고칼슘오렌지',null,null,'1');
Insert into TBL_PRODUCT (P_CODE,P_NAME,P_IPRICE,P_OPRICE,P_VAT) values ('P0198',' 와일드(바닐라)',null,null,'1');
Insert into TBL_PRODUCT (P_CODE,P_NAME,P_IPRICE,P_OPRICE,P_VAT) values ('P0199','던힐라이트(4월)',null,null,'1');
Insert into TBL_PRODUCT (P_CODE,P_NAME,P_IPRICE,P_OPRICE,P_VAT) values ('P0200','레쓰비마일드 175㎖캔',null,null,'1');
Insert into TBL_PRODUCT (P_CODE,P_NAME,P_IPRICE,P_OPRICE,P_VAT) values ('P0201','천하장사(소)',null,null,'1');
Insert into TBL_PRODUCT (P_CODE,P_NAME,P_IPRICE,P_OPRICE,P_VAT) values ('P0202','구름위에-대날',null,null,'1');
Insert into TBL_PRODUCT (P_CODE,P_NAME,P_IPRICE,P_OPRICE,P_VAT) values ('P0203','제주감귤180',null,null,'1');
Insert into TBL_PRODUCT (P_CODE,P_NAME,P_IPRICE,P_OPRICE,P_VAT) values ('P0204','솔의 눈 240㎖캔',null,null,'1');
Insert into TBL_PRODUCT (P_CODE,P_NAME,P_IPRICE,P_OPRICE,P_VAT) values ('P0205','팔리아멘트원',null,null,'1');
Insert into TBL_PRODUCT (P_CODE,P_NAME,P_IPRICE,P_OPRICE,P_VAT) values ('P0206','1000바',null,null,'1');
Insert into TBL_PRODUCT (P_CODE,P_NAME,P_IPRICE,P_OPRICE,P_VAT) values ('P0207','칫솔',null,null,'1');
Insert into TBL_PRODUCT (P_CODE,P_NAME,P_IPRICE,P_OPRICE,P_VAT) values ('P0208','6000카드',null,null,'1');
Insert into TBL_PRODUCT (P_CODE,P_NAME,P_IPRICE,P_OPRICE,P_VAT) values ('P0209','1500 몽셀',null,null,'1');
Insert into TBL_PRODUCT (P_CODE,P_NAME,P_IPRICE,P_OPRICE,P_VAT) values ('P0210','초록매실 500ML',null,null,'1');
Insert into TBL_PRODUCT (P_CODE,P_NAME,P_IPRICE,P_OPRICE,P_VAT) values ('P0211','데미소다애플패트',null,null,'1');
Insert into TBL_PRODUCT (P_CODE,P_NAME,P_IPRICE,P_OPRICE,P_VAT) values ('P0212','워싱캐쥬얼A',null,null,'1');
Insert into TBL_PRODUCT (P_CODE,P_NAME,P_IPRICE,P_OPRICE,P_VAT) values ('P0213','쥬시후레쉬묶음',null,null,'1');
Insert into TBL_PRODUCT (P_CODE,P_NAME,P_IPRICE,P_OPRICE,P_VAT) values ('P0214','500 투유',null,null,'1');
Insert into TBL_PRODUCT (P_CODE,P_NAME,P_IPRICE,P_OPRICE,P_VAT) values ('P0215','썬넛트멸치아몬드 35g',null,null,'1');
Insert into TBL_PRODUCT (P_CODE,P_NAME,P_IPRICE,P_OPRICE,P_VAT) values ('P0216','판타롱스타킹',null,null,'1');
Insert into TBL_PRODUCT (P_CODE,P_NAME,P_IPRICE,P_OPRICE,P_VAT) values ('P0217','(신)자갈치',null,null,'1');
Insert into TBL_PRODUCT (P_CODE,P_NAME,P_IPRICE,P_OPRICE,P_VAT) values ('P0218','해바라기쵸코볼',null,null,'1');
Insert into TBL_PRODUCT (P_CODE,P_NAME,P_IPRICE,P_OPRICE,P_VAT) values ('P0219','선글라스25000',null,null,'1');
Insert into TBL_PRODUCT (P_CODE,P_NAME,P_IPRICE,P_OPRICE,P_VAT) values ('P0220','바로카페8804751701023',null,null,'1');
Insert into TBL_PRODUCT (P_CODE,P_NAME,P_IPRICE,P_OPRICE,P_VAT) values ('P0221','환타오렌지',null,null,'1');
Insert into TBL_PRODUCT (P_CODE,P_NAME,P_IPRICE,P_OPRICE,P_VAT) values ('P0222','데미소다레몬캔',null,null,'1');
Insert into TBL_PRODUCT (P_CODE,P_NAME,P_IPRICE,P_OPRICE,P_VAT) values ('P0223',' 와(바닐라)',null,null,'1');
Insert into TBL_PRODUCT (P_CODE,P_NAME,P_IPRICE,P_OPRICE,P_VAT) values ('P0224',' 프리마또',null,null,'1');
Insert into TBL_PRODUCT (P_CODE,P_NAME,P_IPRICE,P_OPRICE,P_VAT) values ('P0225','프링글스오리지널소',null,null,'1');
Insert into TBL_PRODUCT (P_CODE,P_NAME,P_IPRICE,P_OPRICE,P_VAT) values ('P0226','히야오렌지',null,null,'1');
Insert into TBL_PRODUCT (P_CODE,P_NAME,P_IPRICE,P_OPRICE,P_VAT) values ('P0227','하늘보리',null,null,'1');
Insert into TBL_PRODUCT (P_CODE,P_NAME,P_IPRICE,P_OPRICE,P_VAT) values ('P0228',' 투게더(大)',null,null,'1');
Insert into TBL_PRODUCT (P_CODE,P_NAME,P_IPRICE,P_OPRICE,P_VAT) values ('P0229','꼬깔(고소)',null,null,'1');
Insert into TBL_PRODUCT (P_CODE,P_NAME,P_IPRICE,P_OPRICE,P_VAT) values ('P0230','커피나',null,null,'1');
Insert into TBL_PRODUCT (P_CODE,P_NAME,P_IPRICE,P_OPRICE,P_VAT) values ('P0231','마일드쎄븐(LSS)ONE',null,null,'1');
Insert into TBL_PRODUCT (P_CODE,P_NAME,P_IPRICE,P_OPRICE,P_VAT) values ('P0232','스윙칩',null,null,'1');
Insert into TBL_PRODUCT (P_CODE,P_NAME,P_IPRICE,P_OPRICE,P_VAT) values ('P0233','계란(3개입)',null,null,'1');
Insert into TBL_PRODUCT (P_CODE,P_NAME,P_IPRICE,P_OPRICE,P_VAT) values ('P0234','편지봉투(100매)',null,null,'1');
Insert into TBL_PRODUCT (P_CODE,P_NAME,P_IPRICE,P_OPRICE,P_VAT) values ('P0235','코사우유500',null,null,'1');
Insert into TBL_PRODUCT (P_CODE,P_NAME,P_IPRICE,P_OPRICE,P_VAT) values ('P0236','6000모자',null,null,'1');
Insert into TBL_PRODUCT (P_CODE,P_NAME,P_IPRICE,P_OPRICE,P_VAT) values ('P0237','버터구이오징어',null,null,'1');
Insert into TBL_PRODUCT (P_CODE,P_NAME,P_IPRICE,P_OPRICE,P_VAT) values ('P0238','클라우드1mg',null,null,'1');
Insert into TBL_PRODUCT (P_CODE,P_NAME,P_IPRICE,P_OPRICE,P_VAT) values ('P0239','허쉬너겟아몬드',null,null,'1');
Insert into TBL_PRODUCT (P_CODE,P_NAME,P_IPRICE,P_OPRICE,P_VAT) values ('P0240','코닥200/24(구)',null,null,'1');
Insert into TBL_PRODUCT (P_CODE,P_NAME,P_IPRICE,P_OPRICE,P_VAT) values ('P0241','(신)허쉬드링크',null,null,'1');
Insert into TBL_PRODUCT (P_CODE,P_NAME,P_IPRICE,P_OPRICE,P_VAT) values ('P0242','오늘의차(옥수수)',null,null,'1');
Insert into TBL_PRODUCT (P_CODE,P_NAME,P_IPRICE,P_OPRICE,P_VAT) values ('P0243','말보로맨솔',null,null,'1');
Insert into TBL_PRODUCT (P_CODE,P_NAME,P_IPRICE,P_OPRICE,P_VAT) values ('P0244',' 티     코',null,null,'1');
Insert into TBL_PRODUCT (P_CODE,P_NAME,P_IPRICE,P_OPRICE,P_VAT) values ('P0245','씨리얼',null,null,'1');
Insert into TBL_PRODUCT (P_CODE,P_NAME,P_IPRICE,P_OPRICE,P_VAT) values ('P0246','도레미미니초콜렛',null,null,'1');
Insert into TBL_PRODUCT (P_CODE,P_NAME,P_IPRICE,P_OPRICE,P_VAT) values ('P0247','따봉오렌지캔',null,null,'1');
Insert into TBL_PRODUCT (P_CODE,P_NAME,P_IPRICE,P_OPRICE,P_VAT) values ('P0248','요플레(홈)',null,null,'1');
Insert into TBL_PRODUCT (P_CODE,P_NAME,P_IPRICE,P_OPRICE,P_VAT) values ('P0249','아미노업제로',null,null,'1');
Insert into TBL_PRODUCT (P_CODE,P_NAME,P_IPRICE,P_OPRICE,P_VAT) values ('P0250','오늘의차(혼합)',null,null,'1');
Insert into TBL_PRODUCT (P_CODE,P_NAME,P_IPRICE,P_OPRICE,P_VAT) values ('P0251','홈런볼초코(소)',null,null,'1');
Insert into TBL_PRODUCT (P_CODE,P_NAME,P_IPRICE,P_OPRICE,P_VAT) values ('P0252','자일리톨휘바',null,null,'1');
Insert into TBL_PRODUCT (P_CODE,P_NAME,P_IPRICE,P_OPRICE,P_VAT) values ('P0253','캡슐엑스퍼트사과',null,null,'1');
Insert into TBL_PRODUCT (P_CODE,P_NAME,P_IPRICE,P_OPRICE,P_VAT) values ('P0254','버지니아울트라',null,null,'1');
Insert into TBL_PRODUCT (P_CODE,P_NAME,P_IPRICE,P_OPRICE,P_VAT) values ('P0255','석기공룡알',null,null,'1');
Insert into TBL_PRODUCT (P_CODE,P_NAME,P_IPRICE,P_OPRICE,P_VAT) values ('P0256','프론티어',null,null,'1');
Insert into TBL_PRODUCT (P_CODE,P_NAME,P_IPRICE,P_OPRICE,P_VAT) values ('P0257',' 빙고(밀크맛)',null,null,'1');
Insert into TBL_PRODUCT (P_CODE,P_NAME,P_IPRICE,P_OPRICE,P_VAT) values ('P0258','2%부족할때DBH복숭아 500㎖펫',null,null,'1');
Insert into TBL_PRODUCT (P_CODE,P_NAME,P_IPRICE,P_OPRICE,P_VAT) values ('P0259',' 델리어트',null,null,'1');
Insert into TBL_PRODUCT (P_CODE,P_NAME,P_IPRICE,P_OPRICE,P_VAT) values ('P0260','오다리',null,null,'1');
Insert into TBL_PRODUCT (P_CODE,P_NAME,P_IPRICE,P_OPRICE,P_VAT) values ('P0261','포천쌀막걸리 1.2L',null,null,'1');
Insert into TBL_PRODUCT (P_CODE,P_NAME,P_IPRICE,P_OPRICE,P_VAT) values ('P0262','1800후레쉬베리',null,null,'1');
Insert into TBL_PRODUCT (P_CODE,P_NAME,P_IPRICE,P_OPRICE,P_VAT) values ('P0263','후레쉬믹스',null,null,'1');
Insert into TBL_PRODUCT (P_CODE,P_NAME,P_IPRICE,P_OPRICE,P_VAT) values ('P0264','1800오뜨옐로우',null,null,'1');
Insert into TBL_PRODUCT (P_CODE,P_NAME,P_IPRICE,P_OPRICE,P_VAT) values ('P0265','1200 ABC쵸코',null,null,'1');
Insert into TBL_PRODUCT (P_CODE,P_NAME,P_IPRICE,P_OPRICE,P_VAT) values ('P0266','즉석 인스탁스',null,null,'1');
Insert into TBL_PRODUCT (P_CODE,P_NAME,P_IPRICE,P_OPRICE,P_VAT) values ('P0267','환타오렌지캔',null,null,'1');
Insert into TBL_PRODUCT (P_CODE,P_NAME,P_IPRICE,P_OPRICE,P_VAT) values ('P0268','큰집식혜',null,null,'1');
Insert into TBL_PRODUCT (P_CODE,P_NAME,P_IPRICE,P_OPRICE,P_VAT) values ('P0269','데미소다그레이프캔',null,null,'1');
Insert into TBL_PRODUCT (P_CODE,P_NAME,P_IPRICE,P_OPRICE,P_VAT) values ('P0270','에쎄맨솔',null,null,'1');
Insert into TBL_PRODUCT (P_CODE,P_NAME,P_IPRICE,P_OPRICE,P_VAT) values ('P0271','(신)알새우칠리새우맛',null,null,'1');
Insert into TBL_PRODUCT (P_CODE,P_NAME,P_IPRICE,P_OPRICE,P_VAT) values ('P0272',' 카페프레소',null,null,'1');
Insert into TBL_PRODUCT (P_CODE,P_NAME,P_IPRICE,P_OPRICE,P_VAT) values ('P0273','삼각대 중',null,null,'1');
Insert into TBL_PRODUCT (P_CODE,P_NAME,P_IPRICE,P_OPRICE,P_VAT) values ('P0274','목장갑',null,null,'1');
Insert into TBL_PRODUCT (P_CODE,P_NAME,P_IPRICE,P_OPRICE,P_VAT) values ('P0275','트윅스싱글',null,null,'1');
Insert into TBL_PRODUCT (P_CODE,P_NAME,P_IPRICE,P_OPRICE,P_VAT) values ('P0276','코닥K123LA-1(신)',null,null,'1');
Insert into TBL_PRODUCT (P_CODE,P_NAME,P_IPRICE,P_OPRICE,P_VAT) values ('P0277','맥스웰카푸치노캔',null,null,'1');
Insert into TBL_PRODUCT (P_CODE,P_NAME,P_IPRICE,P_OPRICE,P_VAT) values ('P0278','버터와플',null,null,'1');
Insert into TBL_PRODUCT (P_CODE,P_NAME,P_IPRICE,P_OPRICE,P_VAT) values ('P0279','우산(소)-고급',null,null,'1');
Insert into TBL_PRODUCT (P_CODE,P_NAME,P_IPRICE,P_OPRICE,P_VAT) values ('P0280','카페모카컵',null,null,'1');
Insert into TBL_PRODUCT (P_CODE,P_NAME,P_IPRICE,P_OPRICE,P_VAT) values ('P0281','m&m''s 피넛페크백',null,null,'1');
Insert into TBL_PRODUCT (P_CODE,P_NAME,P_IPRICE,P_OPRICE,P_VAT) values ('P0282','핫쵸코',null,null,'1');
Insert into TBL_PRODUCT (P_CODE,P_NAME,P_IPRICE,P_OPRICE,P_VAT) values ('P0283','썬크스트오렌지에이드350',null,null,'1');
Insert into TBL_PRODUCT (P_CODE,P_NAME,P_IPRICE,P_OPRICE,P_VAT) values ('P0284','다원녹차',null,null,'1');
Insert into TBL_PRODUCT (P_CODE,P_NAME,P_IPRICE,P_OPRICE,P_VAT) values ('P0285','텐더롤',null,null,'1');
Insert into TBL_PRODUCT (P_CODE,P_NAME,P_IPRICE,P_OPRICE,P_VAT) values ('P0286','더원(0.5)',null,null,'1');
Insert into TBL_PRODUCT (P_CODE,P_NAME,P_IPRICE,P_OPRICE,P_VAT) values ('P0287','마일드세븐원',null,null,'1');
Insert into TBL_PRODUCT (P_CODE,P_NAME,P_IPRICE,P_OPRICE,P_VAT) values ('P0288',' 에너보틀',null,null,'1');
Insert into TBL_PRODUCT (P_CODE,P_NAME,P_IPRICE,P_OPRICE,P_VAT) values ('P0289','좋은느낌 울날중형18P',null,null,'1');
Insert into TBL_PRODUCT (P_CODE,P_NAME,P_IPRICE,P_OPRICE,P_VAT) values ('P0290','우산-자동',null,null,'1');
Insert into TBL_PRODUCT (P_CODE,P_NAME,P_IPRICE,P_OPRICE,P_VAT) values ('P0291','포카칩',null,null,'1');
Insert into TBL_PRODUCT (P_CODE,P_NAME,P_IPRICE,P_OPRICE,P_VAT) values ('P0292',' 위즐(캐러멜콘)',null,null,'1');
Insert into TBL_PRODUCT (P_CODE,P_NAME,P_IPRICE,P_OPRICE,P_VAT) values ('P0293','양파링',null,null,'1');
Insert into TBL_PRODUCT (P_CODE,P_NAME,P_IPRICE,P_OPRICE,P_VAT) values ('P0294','농협-한라봉(180)',null,null,'1');
Insert into TBL_PRODUCT (P_CODE,P_NAME,P_IPRICE,P_OPRICE,P_VAT) values ('P0295','미녀는 석류를 좋아해',null,null,'1');
Insert into TBL_PRODUCT (P_CODE,P_NAME,P_IPRICE,P_OPRICE,P_VAT) values ('P0296','1500칙촉',null,null,'1');
Insert into TBL_PRODUCT (P_CODE,P_NAME,P_IPRICE,P_OPRICE,P_VAT) values ('P0297','썬키스트레몬에이드240',null,null,'1');
Insert into TBL_PRODUCT (P_CODE,P_NAME,P_IPRICE,P_OPRICE,P_VAT) values ('P0298','던힐라이트-2',null,null,'1');
Insert into TBL_PRODUCT (P_CODE,P_NAME,P_IPRICE,P_OPRICE,P_VAT) values ('P0299','컵라면 대',null,null,'1');
Insert into TBL_PRODUCT (P_CODE,P_NAME,P_IPRICE,P_OPRICE,P_VAT) values ('P0300','후지CN120',null,null,'1');
Insert into TBL_PRODUCT (P_CODE,P_NAME,P_IPRICE,P_OPRICE,P_VAT) values ('P0301','(신)알새우칩',null,null,'1');
Insert into TBL_PRODUCT (P_CODE,P_NAME,P_IPRICE,P_OPRICE,P_VAT) values ('P0302','카푸치노',null,null,'1');
Insert into TBL_PRODUCT (P_CODE,P_NAME,P_IPRICE,P_OPRICE,P_VAT) values ('P0303','카페카프치노컵',null,null,'1');
Insert into TBL_PRODUCT (P_CODE,P_NAME,P_IPRICE,P_OPRICE,P_VAT) values ('P0304','우산-7000',null,null,'1');
Insert into TBL_PRODUCT (P_CODE,P_NAME,P_IPRICE,P_OPRICE,P_VAT) values ('P0305','코닥 알카 AA',null,null,'1');
Insert into TBL_PRODUCT (P_CODE,P_NAME,P_IPRICE,P_OPRICE,P_VAT) values ('P0306',' 마제스티(호두)',null,null,'1');
Insert into TBL_PRODUCT (P_CODE,P_NAME,P_IPRICE,P_OPRICE,P_VAT) values ('P0307','아이셔마법천자문',null,null,'1');
Insert into TBL_PRODUCT (P_CODE,P_NAME,P_IPRICE,P_OPRICE,P_VAT) values ('P0308','스위스헤이즐넛초콜릿',null,null,'1');
Insert into TBL_PRODUCT (P_CODE,P_NAME,P_IPRICE,P_OPRICE,P_VAT) values ('P0309','1000오잉',null,null,'1');
Insert into TBL_PRODUCT (P_CODE,P_NAME,P_IPRICE,P_OPRICE,P_VAT) values ('P0310','새우깡',null,null,'1');
Insert into TBL_PRODUCT (P_CODE,P_NAME,P_IPRICE,P_OPRICE,P_VAT) values ('P0311','말보로필터플러스',null,null,'1');
Insert into TBL_PRODUCT (P_CODE,P_NAME,P_IPRICE,P_OPRICE,P_VAT) values ('P0312','5000화투',null,null,'1');
Insert into TBL_PRODUCT (P_CODE,P_NAME,P_IPRICE,P_OPRICE,P_VAT) values ('P0313','보그aromeI',null,null,'1');
Insert into TBL_PRODUCT (P_CODE,P_NAME,P_IPRICE,P_OPRICE,P_VAT) values ('P0314','스타벅스 프라프치노커피',null,null,'1');
Insert into TBL_PRODUCT (P_CODE,P_NAME,P_IPRICE,P_OPRICE,P_VAT) values ('P0315','건면세대-소고기',null,null,'1');
Insert into TBL_PRODUCT (P_CODE,P_NAME,P_IPRICE,P_OPRICE,P_VAT) values ('P0316','프리미엄 토마토',null,null,'1');
Insert into TBL_PRODUCT (P_CODE,P_NAME,P_IPRICE,P_OPRICE,P_VAT) values ('P0317','카프리선(오렌지)',null,null,'1');
Insert into TBL_PRODUCT (P_CODE,P_NAME,P_IPRICE,P_OPRICE,P_VAT) values ('P0318','디스(갑)',null,null,'1');
Insert into TBL_PRODUCT (P_CODE,P_NAME,P_IPRICE,P_OPRICE,P_VAT) values ('P0319','자유시간',null,null,'1');
Insert into TBL_PRODUCT (P_CODE,P_NAME,P_IPRICE,P_OPRICE,P_VAT) values ('P0320','컵라면 소',null,null,'1');
Insert into TBL_PRODUCT (P_CODE,P_NAME,P_IPRICE,P_OPRICE,P_VAT) values ('P0321','광동위생천',null,null,'1');
Insert into TBL_PRODUCT (P_CODE,P_NAME,P_IPRICE,P_OPRICE,P_VAT) values ('P0322','노래테이프',null,null,'1');
Insert into TBL_PRODUCT (P_CODE,P_NAME,P_IPRICE,P_OPRICE,P_VAT) values ('P0323','나쵸-살사',null,null,'1');
Insert into TBL_PRODUCT (P_CODE,P_NAME,P_IPRICE,P_OPRICE,P_VAT) values ('P0324','에이스',null,null,'1');
Insert into TBL_PRODUCT (P_CODE,P_NAME,P_IPRICE,P_OPRICE,P_VAT) values ('P0325','조청유과(대)',null,null,'1');
Insert into TBL_PRODUCT (P_CODE,P_NAME,P_IPRICE,P_OPRICE,P_VAT) values ('P0326','1000썬칩',null,null,'1');
Insert into TBL_PRODUCT (P_CODE,P_NAME,P_IPRICE,P_OPRICE,P_VAT) values ('P0327','라이코펜새우깡',null,null,'1');
Insert into TBL_PRODUCT (P_CODE,P_NAME,P_IPRICE,P_OPRICE,P_VAT) values ('P0328','즉석  P700',null,null,'1');
Insert into TBL_PRODUCT (P_CODE,P_NAME,P_IPRICE,P_OPRICE,P_VAT) values ('P0329','하이트맥주캔',null,null,'1');
Insert into TBL_PRODUCT (P_CODE,P_NAME,P_IPRICE,P_OPRICE,P_VAT) values ('P0330','일회용휴지',null,null,'1');
Insert into TBL_PRODUCT (P_CODE,P_NAME,P_IPRICE,P_OPRICE,P_VAT) values ('P0331','헤이즐넛원두',null,null,'1');
Insert into TBL_PRODUCT (P_CODE,P_NAME,P_IPRICE,P_OPRICE,P_VAT) values ('P0332','무농약현미건빵',null,null,'1');
Insert into TBL_PRODUCT (P_CODE,P_NAME,P_IPRICE,P_OPRICE,P_VAT) values ('P0333','오데뜨',null,null,'1');
Insert into TBL_PRODUCT (P_CODE,P_NAME,P_IPRICE,P_OPRICE,P_VAT) values ('P0334','구름위에-중날',null,null,'1');
Insert into TBL_PRODUCT (P_CODE,P_NAME,P_IPRICE,P_OPRICE,P_VAT) values ('P0335','키세스아몬드',null,null,'1');
Insert into TBL_PRODUCT (P_CODE,P_NAME,P_IPRICE,P_OPRICE,P_VAT) values ('P0336',' 와(바닐라&커피)',null,null,'1');
Insert into TBL_PRODUCT (P_CODE,P_NAME,P_IPRICE,P_OPRICE,P_VAT) values ('P0337','소라',null,null,'1');
Insert into TBL_PRODUCT (P_CODE,P_NAME,P_IPRICE,P_OPRICE,P_VAT) values ('P0338','500 고래밥볶음양념',null,null,'1');
Insert into TBL_PRODUCT (P_CODE,P_NAME,P_IPRICE,P_OPRICE,P_VAT) values ('P0339','에쎄원',null,null,'1');
Insert into TBL_PRODUCT (P_CODE,P_NAME,P_IPRICE,P_OPRICE,P_VAT) values ('P0340','석류사랑초(델몬트)',null,null,'1');
Insert into TBL_PRODUCT (P_CODE,P_NAME,P_IPRICE,P_OPRICE,P_VAT) values ('P0341',' 셀렉션',null,null,'1');
Insert into TBL_PRODUCT (P_CODE,P_NAME,P_IPRICE,P_OPRICE,P_VAT) values ('P0342','칩스인컵',null,null,'1');
Insert into TBL_PRODUCT (P_CODE,P_NAME,P_IPRICE,P_OPRICE,P_VAT) values ('P0343','17차',null,null,'1');
Insert into TBL_PRODUCT (P_CODE,P_NAME,P_IPRICE,P_OPRICE,P_VAT) values ('P0344','1000이구동성베이컨',null,null,'1');
Insert into TBL_PRODUCT (P_CODE,P_NAME,P_IPRICE,P_OPRICE,P_VAT) values ('P0345','짱구는 못말려(딸기)',null,null,'1');
Insert into TBL_PRODUCT (P_CODE,P_NAME,P_IPRICE,P_OPRICE,P_VAT) values ('P0346','마일드세븐라이트(갑)',null,null,'1');
Insert into TBL_PRODUCT (P_CODE,P_NAME,P_IPRICE,P_OPRICE,P_VAT) values ('P0347','참쌀선과',null,null,'1');
Insert into TBL_PRODUCT (P_CODE,P_NAME,P_IPRICE,P_OPRICE,P_VAT) values ('P0348','(신)코닥KL2CR5-1',null,null,'1');
Insert into TBL_PRODUCT (P_CODE,P_NAME,P_IPRICE,P_OPRICE,P_VAT) values ('P0349','다이제샌드위치',null,null,'1');
Insert into TBL_PRODUCT (P_CODE,P_NAME,P_IPRICE,P_OPRICE,P_VAT) values ('P0350','버지니아슈퍼슬림원',null,null,'1');
Insert into TBL_PRODUCT (P_CODE,P_NAME,P_IPRICE,P_OPRICE,P_VAT) values ('P0351','블루마운틴',null,null,'1');
Insert into TBL_PRODUCT (P_CODE,P_NAME,P_IPRICE,P_OPRICE,P_VAT) values ('P0352','(신)고구마깡',null,null,'1');
Insert into TBL_PRODUCT (P_CODE,P_NAME,P_IPRICE,P_OPRICE,P_VAT) values ('P0353','고구마깡',null,null,'1');
Insert into TBL_PRODUCT (P_CODE,P_NAME,P_IPRICE,P_OPRICE,P_VAT) values ('P0354','뻥튀기',null,null,'1');
Insert into TBL_PRODUCT (P_CODE,P_NAME,P_IPRICE,P_OPRICE,P_VAT) values ('P0355','본드',null,null,'1');
Insert into TBL_PRODUCT (P_CODE,P_NAME,P_IPRICE,P_OPRICE,P_VAT) values ('P0356',' 위    즐(커피)',null,null,'1');
Insert into TBL_PRODUCT (P_CODE,P_NAME,P_IPRICE,P_OPRICE,P_VAT) values ('P0357','700 고소미',null,null,'1');
Insert into TBL_PRODUCT (P_CODE,P_NAME,P_IPRICE,P_OPRICE,P_VAT) values ('P0358','버지니아슈퍼슬림',null,null,'1');
Insert into TBL_PRODUCT (P_CODE,P_NAME,P_IPRICE,P_OPRICE,P_VAT) values ('P0359','레종블루',null,null,'1');
Insert into TBL_PRODUCT (P_CODE,P_NAME,P_IPRICE,P_OPRICE,P_VAT) values ('P0360',' 조안나바',null,null,'1');
Insert into TBL_PRODUCT (P_CODE,P_NAME,P_IPRICE,P_OPRICE,P_VAT) values ('P0361','오란씨-오렌지맛',null,null,'1');
Insert into TBL_PRODUCT (P_CODE,P_NAME,P_IPRICE,P_OPRICE,P_VAT) values ('P0362','말보로미디엄',null,null,'1');
Insert into TBL_PRODUCT (P_CODE,P_NAME,P_IPRICE,P_OPRICE,P_VAT) values ('P0363','땅콩그래',null,null,'1');
Insert into TBL_PRODUCT (P_CODE,P_NAME,P_IPRICE,P_OPRICE,P_VAT) values ('P0364','방한모',null,null,'1');
Insert into TBL_PRODUCT (P_CODE,P_NAME,P_IPRICE,P_OPRICE,P_VAT) values ('P0365','매일검은콩',null,null,'1');
Insert into TBL_PRODUCT (P_CODE,P_NAME,P_IPRICE,P_OPRICE,P_VAT) values ('P0366','제이(j)',null,null,'1');
Insert into TBL_PRODUCT (P_CODE,P_NAME,P_IPRICE,P_OPRICE,P_VAT) values ('P0367','2%부족할때pet(레몬맛)',null,null,'1');
Insert into TBL_PRODUCT (P_CODE,P_NAME,P_IPRICE,P_OPRICE,P_VAT) values ('P0368',' 설레임커피쉐이크',null,null,'1');
Insert into TBL_PRODUCT (P_CODE,P_NAME,P_IPRICE,P_OPRICE,P_VAT) values ('P0369','카카오76%',null,null,'1');
Insert into TBL_PRODUCT (P_CODE,P_NAME,P_IPRICE,P_OPRICE,P_VAT) values ('P0370','순두유견과',null,null,'1');
Insert into TBL_PRODUCT (P_CODE,P_NAME,P_IPRICE,P_OPRICE,P_VAT) values ('P0371','펩시콜라 500㎖펫',null,null,'1');
Insert into TBL_PRODUCT (P_CODE,P_NAME,P_IPRICE,P_OPRICE,P_VAT) values ('P0372','1500 쵸코칩',null,null,'1');
Insert into TBL_PRODUCT (P_CODE,P_NAME,P_IPRICE,P_OPRICE,P_VAT) values ('P0373','뽀또치즈',null,null,'1');
Insert into TBL_PRODUCT (P_CODE,P_NAME,P_IPRICE,P_OPRICE,P_VAT) values ('P0374','누드빼빼로',null,null,'1');
Insert into TBL_PRODUCT (P_CODE,P_NAME,P_IPRICE,P_OPRICE,P_VAT) values ('P0375','엔츠',null,null,'1');
Insert into TBL_PRODUCT (P_CODE,P_NAME,P_IPRICE,P_OPRICE,P_VAT) values ('P0376','블랙빈테라피',null,null,'1');
Insert into TBL_PRODUCT (P_CODE,P_NAME,P_IPRICE,P_OPRICE,P_VAT) values ('P0377','킨사이다제로',null,null,'1');
Insert into TBL_PRODUCT (P_CODE,P_NAME,P_IPRICE,P_OPRICE,P_VAT) values ('P0378','13000모자',null,null,'1');
Insert into TBL_PRODUCT (P_CODE,P_NAME,P_IPRICE,P_OPRICE,P_VAT) values ('P0379','킨사이다',null,null,'1');
Insert into TBL_PRODUCT (P_CODE,P_NAME,P_IPRICE,P_OPRICE,P_VAT) values ('P0380','우비-아동',null,null,'1');
Insert into TBL_PRODUCT (P_CODE,P_NAME,P_IPRICE,P_OPRICE,P_VAT) values ('P0381','카푸치노병',null,null,'1');
Insert into TBL_PRODUCT (P_CODE,P_NAME,P_IPRICE,P_OPRICE,P_VAT) values ('P0382','500투니스매콤',null,null,'1');
Insert into TBL_PRODUCT (P_CODE,P_NAME,P_IPRICE,P_OPRICE,P_VAT) values ('P0383',' 커피동자',null,null,'1');
Insert into TBL_PRODUCT (P_CODE,P_NAME,P_IPRICE,P_OPRICE,P_VAT) values ('P0384','참이슬(포켓용)PET 200ML',null,null,'1');
Insert into TBL_PRODUCT (P_CODE,P_NAME,P_IPRICE,P_OPRICE,P_VAT) values ('P0385','비타파워 210㎖병(박스)',null,null,'1');
Insert into TBL_PRODUCT (P_CODE,P_NAME,P_IPRICE,P_OPRICE,P_VAT) values ('P0386','고래밥',null,null,'1');
Insert into TBL_PRODUCT (P_CODE,P_NAME,P_IPRICE,P_OPRICE,P_VAT) values ('P0387','김치사발면',null,null,'1');
Insert into TBL_PRODUCT (P_CODE,P_NAME,P_IPRICE,P_OPRICE,P_VAT) values ('P0388','(신)양파링',null,null,'1');
Insert into TBL_PRODUCT (P_CODE,P_NAME,P_IPRICE,P_OPRICE,P_VAT) values ('P0389','입안가득초코칩',null,null,'1');
Insert into TBL_PRODUCT (P_CODE,P_NAME,P_IPRICE,P_OPRICE,P_VAT) values ('P0390','로크럭스',null,null,'1');
Insert into TBL_PRODUCT (P_CODE,P_NAME,P_IPRICE,P_OPRICE,P_VAT) values ('P0391','마이쮸(딸기)',null,null,'1');
Insert into TBL_PRODUCT (P_CODE,P_NAME,P_IPRICE,P_OPRICE,P_VAT) values ('P0392','좋은느낌울날소형18P',null,null,'1');
Insert into TBL_PRODUCT (P_CODE,P_NAME,P_IPRICE,P_OPRICE,P_VAT) values ('P0393','8000모자',null,null,'1');
Insert into TBL_PRODUCT (P_CODE,P_NAME,P_IPRICE,P_OPRICE,P_VAT) values ('P0394','코코팜 바나나',909,1500,'1');
REM INSERTING into TBL_SCORE
SET DEFINE OFF;
Insert into TBL_SCORE (SC_SEQ,SC_NAME,SC_SCORE,SC_SBCODE,SC_STCODE) values (1,'담성민',86,'S0004',null);
Insert into TBL_SCORE (SC_SEQ,SC_NAME,SC_SCORE,SC_SBCODE,SC_STCODE) values (2,'옹효성',53,'S0002',null);
Insert into TBL_SCORE (SC_SEQ,SC_NAME,SC_SCORE,SC_SBCODE,SC_STCODE) values (3,'경시현',90,'S0005',null);
Insert into TBL_SCORE (SC_SEQ,SC_NAME,SC_SCORE,SC_SBCODE,SC_STCODE) values (4,'방윤후',52,'S0001',null);
Insert into TBL_SCORE (SC_SEQ,SC_NAME,SC_SCORE,SC_SBCODE,SC_STCODE) values (5,'아동은',60,'S0004',null);
Insert into TBL_SCORE (SC_SEQ,SC_NAME,SC_SCORE,SC_SBCODE,SC_STCODE) values (6,'초시민',50,'S0004',null);
Insert into TBL_SCORE (SC_SEQ,SC_NAME,SC_SCORE,SC_SBCODE,SC_STCODE) values (7,'명윤일',55,'S0004',null);
Insert into TBL_SCORE (SC_SEQ,SC_NAME,SC_SCORE,SC_SBCODE,SC_STCODE) values (8,'진승환',90,'S0004',null);
Insert into TBL_SCORE (SC_SEQ,SC_NAME,SC_SCORE,SC_SBCODE,SC_STCODE) values (9,'사성준',81,'S0004',null);
Insert into TBL_SCORE (SC_SEQ,SC_NAME,SC_SCORE,SC_SBCODE,SC_STCODE) values (10,'판한수',54,'S0004',null);
Insert into TBL_SCORE (SC_SEQ,SC_NAME,SC_SCORE,SC_SBCODE,SC_STCODE) values (11,'해송혁',65,'S0001',null);
Insert into TBL_SCORE (SC_SEQ,SC_NAME,SC_SCORE,SC_SBCODE,SC_STCODE) values (12,'개원훈',73,'S0006',null);
Insert into TBL_SCORE (SC_SEQ,SC_NAME,SC_SCORE,SC_SBCODE,SC_STCODE) values (13,'기원호',83,'S0004',null);
Insert into TBL_SCORE (SC_SEQ,SC_NAME,SC_SCORE,SC_SBCODE,SC_STCODE) values (14,'여동은',58,'S0001',null);
Insert into TBL_SCORE (SC_SEQ,SC_NAME,SC_SCORE,SC_SBCODE,SC_STCODE) values (15,'단수혁',81,'S0003',null);
Insert into TBL_SCORE (SC_SEQ,SC_NAME,SC_SCORE,SC_SBCODE,SC_STCODE) values (16,'진승환',68,'S0006',null);
Insert into TBL_SCORE (SC_SEQ,SC_NAME,SC_SCORE,SC_SBCODE,SC_STCODE) values (17,'비현호',81,'S0004',null);
Insert into TBL_SCORE (SC_SEQ,SC_NAME,SC_SCORE,SC_SBCODE,SC_STCODE) values (18,'석서훈',59,'S0001',null);
Insert into TBL_SCORE (SC_SEQ,SC_NAME,SC_SCORE,SC_SBCODE,SC_STCODE) values (19,'사성준',52,'S0006',null);
Insert into TBL_SCORE (SC_SEQ,SC_NAME,SC_SCORE,SC_SBCODE,SC_STCODE) values (20,'춘인규',74,'S0002',null);
Insert into TBL_SCORE (SC_SEQ,SC_NAME,SC_SCORE,SC_SBCODE,SC_STCODE) values (21,'최장현',65,'S0005',null);
Insert into TBL_SCORE (SC_SEQ,SC_NAME,SC_SCORE,SC_SBCODE,SC_STCODE) values (22,'문은진',65,'S0002',null);
Insert into TBL_SCORE (SC_SEQ,SC_NAME,SC_SCORE,SC_SBCODE,SC_STCODE) values (23,'진승우',58,'S0005',null);
Insert into TBL_SCORE (SC_SEQ,SC_NAME,SC_SCORE,SC_SBCODE,SC_STCODE) values (24,'함민서',68,'S0002',null);
Insert into TBL_SCORE (SC_SEQ,SC_NAME,SC_SCORE,SC_SBCODE,SC_STCODE) values (25,'하재찬',85,'S0002',null);
Insert into TBL_SCORE (SC_SEQ,SC_NAME,SC_SCORE,SC_SBCODE,SC_STCODE) values (26,'평윤섭',65,'S0005',null);
Insert into TBL_SCORE (SC_SEQ,SC_NAME,SC_SCORE,SC_SBCODE,SC_STCODE) values (27,'야유신',90,'S0001',null);
Insert into TBL_SCORE (SC_SEQ,SC_NAME,SC_SCORE,SC_SBCODE,SC_STCODE) values (28,'옹효성',89,'S0005',null);
Insert into TBL_SCORE (SC_SEQ,SC_NAME,SC_SCORE,SC_SBCODE,SC_STCODE) values (29,'운윤태',87,'S0003',null);
Insert into TBL_SCORE (SC_SEQ,SC_NAME,SC_SCORE,SC_SBCODE,SC_STCODE) values (30,'아동은',95,'S0003',null);
Insert into TBL_SCORE (SC_SEQ,SC_NAME,SC_SCORE,SC_SBCODE,SC_STCODE) values (31,'진승환',100,'S0002',null);
Insert into TBL_SCORE (SC_SEQ,SC_NAME,SC_SCORE,SC_SBCODE,SC_STCODE) values (32,'사성준',80,'S0003',null);
Insert into TBL_SCORE (SC_SEQ,SC_NAME,SC_SCORE,SC_SBCODE,SC_STCODE) values (33,'춘대권',72,'S0004',null);
Insert into TBL_SCORE (SC_SEQ,SC_NAME,SC_SCORE,SC_SBCODE,SC_STCODE) values (34,'강이찬',61,'S0004',null);
Insert into TBL_SCORE (SC_SEQ,SC_NAME,SC_SCORE,SC_SBCODE,SC_STCODE) values (35,'초원혁',71,'S0004',null);
Insert into TBL_SCORE (SC_SEQ,SC_NAME,SC_SCORE,SC_SBCODE,SC_STCODE) values (36,'춘인규',76,'S0005',null);
Insert into TBL_SCORE (SC_SEQ,SC_NAME,SC_SCORE,SC_SBCODE,SC_STCODE) values (37,'뇌성수',95,'S0002',null);
Insert into TBL_SCORE (SC_SEQ,SC_NAME,SC_SCORE,SC_SBCODE,SC_STCODE) values (38,'소대권',70,'S0003',null);
Insert into TBL_SCORE (SC_SEQ,SC_NAME,SC_SCORE,SC_SBCODE,SC_STCODE) values (39,'기대연',82,'S0002',null);
Insert into TBL_SCORE (SC_SEQ,SC_NAME,SC_SCORE,SC_SBCODE,SC_STCODE) values (40,'개원훈',84,'S0004',null);
Insert into TBL_SCORE (SC_SEQ,SC_NAME,SC_SCORE,SC_SBCODE,SC_STCODE) values (41,'원성빈',57,'S0001',null);
Insert into TBL_SCORE (SC_SEQ,SC_NAME,SC_SCORE,SC_SBCODE,SC_STCODE) values (42,'모재원',56,'S0002',null);
Insert into TBL_SCORE (SC_SEQ,SC_NAME,SC_SCORE,SC_SBCODE,SC_STCODE) values (43,'진동혜',95,'S0005',null);
Insert into TBL_SCORE (SC_SEQ,SC_NAME,SC_SCORE,SC_SBCODE,SC_STCODE) values (44,'독고예준',61,'S0006',null);
Insert into TBL_SCORE (SC_SEQ,SC_NAME,SC_SCORE,SC_SBCODE,SC_STCODE) values (45,'최장현',87,'S0006',null);
Insert into TBL_SCORE (SC_SEQ,SC_NAME,SC_SCORE,SC_SBCODE,SC_STCODE) values (46,'피태영',66,'S0002',null);
Insert into TBL_SCORE (SC_SEQ,SC_NAME,SC_SCORE,SC_SBCODE,SC_STCODE) values (47,'소윤수',60,'S0002',null);
Insert into TBL_SCORE (SC_SEQ,SC_NAME,SC_SCORE,SC_SBCODE,SC_STCODE) values (48,'사원혁',62,'S0003',null);
Insert into TBL_SCORE (SC_SEQ,SC_NAME,SC_SCORE,SC_SBCODE,SC_STCODE) values (49,'박수혁',75,'S0004',null);
Insert into TBL_SCORE (SC_SEQ,SC_NAME,SC_SCORE,SC_SBCODE,SC_STCODE) values (50,'은채혁',68,'S0006',null);
Insert into TBL_SCORE (SC_SEQ,SC_NAME,SC_SCORE,SC_SBCODE,SC_STCODE) values (51,'전동원',97,'S0002',null);
Insert into TBL_SCORE (SC_SEQ,SC_NAME,SC_SCORE,SC_SBCODE,SC_STCODE) values (52,'진대윤',100,'S0003',null);
Insert into TBL_SCORE (SC_SEQ,SC_NAME,SC_SCORE,SC_SBCODE,SC_STCODE) values (53,'춘찬영',96,'S0005',null);
Insert into TBL_SCORE (SC_SEQ,SC_NAME,SC_SCORE,SC_SBCODE,SC_STCODE) values (54,'공동영',59,'S0004',null);
Insert into TBL_SCORE (SC_SEQ,SC_NAME,SC_SCORE,SC_SBCODE,SC_STCODE) values (55,'흥동현',50,'S0005',null);
Insert into TBL_SCORE (SC_SEQ,SC_NAME,SC_SCORE,SC_SBCODE,SC_STCODE) values (56,'강이찬',58,'S0006',null);
Insert into TBL_SCORE (SC_SEQ,SC_NAME,SC_SCORE,SC_SBCODE,SC_STCODE) values (57,'빈성희',69,'S0006',null);
Insert into TBL_SCORE (SC_SEQ,SC_NAME,SC_SCORE,SC_SBCODE,SC_STCODE) values (58,'춘대권',65,'S0001',null);
Insert into TBL_SCORE (SC_SEQ,SC_NAME,SC_SCORE,SC_SBCODE,SC_STCODE) values (59,'남동예',74,'S0003',null);
Insert into TBL_SCORE (SC_SEQ,SC_NAME,SC_SCORE,SC_SBCODE,SC_STCODE) values (60,'흥동현',80,'S0003',null);
Insert into TBL_SCORE (SC_SEQ,SC_NAME,SC_SCORE,SC_SBCODE,SC_STCODE) values (61,'어민기',81,'S0004',null);
Insert into TBL_SCORE (SC_SEQ,SC_NAME,SC_SCORE,SC_SBCODE,SC_STCODE) values (62,'필영후',89,'S0003',null);
Insert into TBL_SCORE (SC_SEQ,SC_NAME,SC_SCORE,SC_SBCODE,SC_STCODE) values (63,'신찬영',78,'S0004',null);
Insert into TBL_SCORE (SC_SEQ,SC_NAME,SC_SCORE,SC_SBCODE,SC_STCODE) values (64,'춘대권',70,'S0002',null);
Insert into TBL_SCORE (SC_SEQ,SC_NAME,SC_SCORE,SC_SBCODE,SC_STCODE) values (65,'유성율',75,'S0005',null);
Insert into TBL_SCORE (SC_SEQ,SC_NAME,SC_SCORE,SC_SBCODE,SC_STCODE) values (66,'강이찬',76,'S0002',null);
Insert into TBL_SCORE (SC_SEQ,SC_NAME,SC_SCORE,SC_SBCODE,SC_STCODE) values (67,'은현준',99,'S0005',null);
Insert into TBL_SCORE (SC_SEQ,SC_NAME,SC_SCORE,SC_SBCODE,SC_STCODE) values (68,'사원혁',51,'S0006',null);
Insert into TBL_SCORE (SC_SEQ,SC_NAME,SC_SCORE,SC_SBCODE,SC_STCODE) values (69,'사원혁',70,'S0004',null);
Insert into TBL_SCORE (SC_SEQ,SC_NAME,SC_SCORE,SC_SBCODE,SC_STCODE) values (70,'삼윤후',78,'S0002',null);
Insert into TBL_SCORE (SC_SEQ,SC_NAME,SC_SCORE,SC_SBCODE,SC_STCODE) values (71,'박수혁',73,'S0001',null);
Insert into TBL_SCORE (SC_SEQ,SC_NAME,SC_SCORE,SC_SBCODE,SC_STCODE) values (72,'낭시우',95,'S0004',null);
Insert into TBL_SCORE (SC_SEQ,SC_NAME,SC_SCORE,SC_SBCODE,SC_STCODE) values (73,'석서훈',53,'S0003',null);
Insert into TBL_SCORE (SC_SEQ,SC_NAME,SC_SCORE,SC_SBCODE,SC_STCODE) values (74,'은채혁',87,'S0002',null);
Insert into TBL_SCORE (SC_SEQ,SC_NAME,SC_SCORE,SC_SBCODE,SC_STCODE) values (75,'춘대권',53,'S0003',null);
Insert into TBL_SCORE (SC_SEQ,SC_NAME,SC_SCORE,SC_SBCODE,SC_STCODE) values (76,'사원호',88,'S0003',null);
Insert into TBL_SCORE (SC_SEQ,SC_NAME,SC_SCORE,SC_SBCODE,SC_STCODE) values (77,'성성율',82,'S0003',null);
Insert into TBL_SCORE (SC_SEQ,SC_NAME,SC_SCORE,SC_SBCODE,SC_STCODE) values (78,'사원호',61,'S0005',null);
Insert into TBL_SCORE (SC_SEQ,SC_NAME,SC_SCORE,SC_SBCODE,SC_STCODE) values (79,'비현호',61,'S0003',null);
Insert into TBL_SCORE (SC_SEQ,SC_NAME,SC_SCORE,SC_SBCODE,SC_STCODE) values (80,'담장호',59,'S0005',null);
Insert into TBL_SCORE (SC_SEQ,SC_NAME,SC_SCORE,SC_SBCODE,SC_STCODE) values (81,'최장현',83,'S0002',null);
Insert into TBL_SCORE (SC_SEQ,SC_NAME,SC_SCORE,SC_SBCODE,SC_STCODE) values (82,'유준호',55,'S0003',null);
Insert into TBL_SCORE (SC_SEQ,SC_NAME,SC_SCORE,SC_SBCODE,SC_STCODE) values (83,'황원혁',53,'S0004',null);
Insert into TBL_SCORE (SC_SEQ,SC_NAME,SC_SCORE,SC_SBCODE,SC_STCODE) values (84,'문은진',80,'S0005',null);
Insert into TBL_SCORE (SC_SEQ,SC_NAME,SC_SCORE,SC_SBCODE,SC_STCODE) values (85,'춘찬영',94,'S0003',null);
Insert into TBL_SCORE (SC_SEQ,SC_NAME,SC_SCORE,SC_SBCODE,SC_STCODE) values (86,'모재원',74,'S0003',null);
Insert into TBL_SCORE (SC_SEQ,SC_NAME,SC_SCORE,SC_SBCODE,SC_STCODE) values (87,'진승우',58,'S0001',null);
Insert into TBL_SCORE (SC_SEQ,SC_NAME,SC_SCORE,SC_SBCODE,SC_STCODE) values (88,'옥채훈',87,'S0006',null);
Insert into TBL_SCORE (SC_SEQ,SC_NAME,SC_SCORE,SC_SBCODE,SC_STCODE) values (89,'야유신',62,'S0004',null);
Insert into TBL_SCORE (SC_SEQ,SC_NAME,SC_SCORE,SC_SBCODE,SC_STCODE) values (90,'독고예준',96,'S0003',null);
Insert into TBL_SCORE (SC_SEQ,SC_NAME,SC_SCORE,SC_SBCODE,SC_STCODE) values (91,'어민기',68,'S0005',null);
Insert into TBL_SCORE (SC_SEQ,SC_NAME,SC_SCORE,SC_SBCODE,SC_STCODE) values (92,'평윤섭',91,'S0001',null);
Insert into TBL_SCORE (SC_SEQ,SC_NAME,SC_SCORE,SC_SBCODE,SC_STCODE) values (93,'삼찬후',57,'S0005',null);
Insert into TBL_SCORE (SC_SEQ,SC_NAME,SC_SCORE,SC_SBCODE,SC_STCODE) values (94,'유민국',50,'S0002',null);
Insert into TBL_SCORE (SC_SEQ,SC_NAME,SC_SCORE,SC_SBCODE,SC_STCODE) values (95,'담성민',70,'S0005',null);
Insert into TBL_SCORE (SC_SEQ,SC_NAME,SC_SCORE,SC_SBCODE,SC_STCODE) values (96,'내세원',86,'S0001',null);
Insert into TBL_SCORE (SC_SEQ,SC_NAME,SC_SCORE,SC_SBCODE,SC_STCODE) values (97,'박수혁',92,'S0006',null);
Insert into TBL_SCORE (SC_SEQ,SC_NAME,SC_SCORE,SC_SBCODE,SC_STCODE) values (98,'방채호',59,'S0001',null);
Insert into TBL_SCORE (SC_SEQ,SC_NAME,SC_SCORE,SC_SBCODE,SC_STCODE) values (99,'춘대권',96,'S0005',null);
Insert into TBL_SCORE (SC_SEQ,SC_NAME,SC_SCORE,SC_SBCODE,SC_STCODE) values (100,'두동환',58,'S0003',null);
Insert into TBL_SCORE (SC_SEQ,SC_NAME,SC_SCORE,SC_SBCODE,SC_STCODE) values (101,'여동은',72,'S0002',null);
Insert into TBL_SCORE (SC_SEQ,SC_NAME,SC_SCORE,SC_SBCODE,SC_STCODE) values (102,'허시후',52,'S0003',null);
Insert into TBL_SCORE (SC_SEQ,SC_NAME,SC_SCORE,SC_SBCODE,SC_STCODE) values (103,'갈한수',88,'S0004',null);
Insert into TBL_SCORE (SC_SEQ,SC_NAME,SC_SCORE,SC_SBCODE,SC_STCODE) values (104,'필영후',89,'S0004',null);
Insert into TBL_SCORE (SC_SEQ,SC_NAME,SC_SCORE,SC_SBCODE,SC_STCODE) values (105,'담장호',71,'S0003',null);
Insert into TBL_SCORE (SC_SEQ,SC_NAME,SC_SCORE,SC_SBCODE,SC_STCODE) values (106,'두동환',100,'S0004',null);
Insert into TBL_SCORE (SC_SEQ,SC_NAME,SC_SCORE,SC_SBCODE,SC_STCODE) values (107,'기은성',92,'S0004',null);
Insert into TBL_SCORE (SC_SEQ,SC_NAME,SC_SCORE,SC_SBCODE,SC_STCODE) values (108,'삼찬후',56,'S0006',null);
Insert into TBL_SCORE (SC_SEQ,SC_NAME,SC_SCORE,SC_SBCODE,SC_STCODE) values (109,'점재민',94,'S0001',null);
Insert into TBL_SCORE (SC_SEQ,SC_NAME,SC_SCORE,SC_SBCODE,SC_STCODE) values (110,'지승현',95,'S0006',null);
Insert into TBL_SCORE (SC_SEQ,SC_NAME,SC_SCORE,SC_SBCODE,SC_STCODE) values (111,'평윤섭',94,'S0006',null);
Insert into TBL_SCORE (SC_SEQ,SC_NAME,SC_SCORE,SC_SBCODE,SC_STCODE) values (112,'해송혁',80,'S0002',null);
Insert into TBL_SCORE (SC_SEQ,SC_NAME,SC_SCORE,SC_SBCODE,SC_STCODE) values (113,'박수혁',70,'S0002',null);
Insert into TBL_SCORE (SC_SEQ,SC_NAME,SC_SCORE,SC_SBCODE,SC_STCODE) values (114,'복재민',60,'S0006',null);
Insert into TBL_SCORE (SC_SEQ,SC_NAME,SC_SCORE,SC_SBCODE,SC_STCODE) values (115,'유준호',73,'S0001',null);
Insert into TBL_SCORE (SC_SEQ,SC_NAME,SC_SCORE,SC_SBCODE,SC_STCODE) values (116,'배세준',83,'S0005',null);
Insert into TBL_SCORE (SC_SEQ,SC_NAME,SC_SCORE,SC_SBCODE,SC_STCODE) values (117,'돈송혁',99,'S0003',null);
Insert into TBL_SCORE (SC_SEQ,SC_NAME,SC_SCORE,SC_SBCODE,SC_STCODE) values (118,'연연재',54,'S0001',null);
Insert into TBL_SCORE (SC_SEQ,SC_NAME,SC_SCORE,SC_SBCODE,SC_STCODE) values (119,'진동혜',62,'S0004',null);
Insert into TBL_SCORE (SC_SEQ,SC_NAME,SC_SCORE,SC_SBCODE,SC_STCODE) values (120,'성성율',95,'S0004',null);
Insert into TBL_SCORE (SC_SEQ,SC_NAME,SC_SCORE,SC_SBCODE,SC_STCODE) values (121,'소윤수',75,'S0006',null);
Insert into TBL_SCORE (SC_SEQ,SC_NAME,SC_SCORE,SC_SBCODE,SC_STCODE) values (122,'독고예준',55,'S0002',null);
Insert into TBL_SCORE (SC_SEQ,SC_NAME,SC_SCORE,SC_SBCODE,SC_STCODE) values (123,'지승현',54,'S0005',null);
Insert into TBL_SCORE (SC_SEQ,SC_NAME,SC_SCORE,SC_SBCODE,SC_STCODE) values (124,'진대원',93,'S0003',null);
Insert into TBL_SCORE (SC_SEQ,SC_NAME,SC_SCORE,SC_SBCODE,SC_STCODE) values (125,'진대원',84,'S0005',null);
Insert into TBL_SCORE (SC_SEQ,SC_NAME,SC_SCORE,SC_SBCODE,SC_STCODE) values (126,'유성율',65,'S0006',null);
Insert into TBL_SCORE (SC_SEQ,SC_NAME,SC_SCORE,SC_SBCODE,SC_STCODE) values (127,'제갈동연',89,'S0004',null);
Insert into TBL_SCORE (SC_SEQ,SC_NAME,SC_SCORE,SC_SBCODE,SC_STCODE) values (128,'춘찬영',72,'S0002',null);
Insert into TBL_SCORE (SC_SEQ,SC_NAME,SC_SCORE,SC_SBCODE,SC_STCODE) values (129,'진대원',69,'S0006',null);
Insert into TBL_SCORE (SC_SEQ,SC_NAME,SC_SCORE,SC_SBCODE,SC_STCODE) values (130,'문은진',68,'S0001',null);
Insert into TBL_SCORE (SC_SEQ,SC_NAME,SC_SCORE,SC_SBCODE,SC_STCODE) values (131,'연연재',99,'S0005',null);
Insert into TBL_SCORE (SC_SEQ,SC_NAME,SC_SCORE,SC_SBCODE,SC_STCODE) values (132,'야유신',74,'S0002',null);
Insert into TBL_SCORE (SC_SEQ,SC_NAME,SC_SCORE,SC_SBCODE,SC_STCODE) values (133,'옥채훈',92,'S0001',null);
Insert into TBL_SCORE (SC_SEQ,SC_NAME,SC_SCORE,SC_SBCODE,SC_STCODE) values (134,'개원훈',96,'S0003',null);
Insert into TBL_SCORE (SC_SEQ,SC_NAME,SC_SCORE,SC_SBCODE,SC_STCODE) values (135,'어민기',63,'S0003',null);
Insert into TBL_SCORE (SC_SEQ,SC_NAME,SC_SCORE,SC_SBCODE,SC_STCODE) values (136,'제동희',98,'S0002',null);
Insert into TBL_SCORE (SC_SEQ,SC_NAME,SC_SCORE,SC_SBCODE,SC_STCODE) values (138,'진승우',94,'S0003',null);
Insert into TBL_SCORE (SC_SEQ,SC_NAME,SC_SCORE,SC_SBCODE,SC_STCODE) values (139,'명윤일',83,'S0003',null);
Insert into TBL_SCORE (SC_SEQ,SC_NAME,SC_SCORE,SC_SBCODE,SC_STCODE) values (141,'담장호',65,'S0002',null);
Insert into TBL_SCORE (SC_SEQ,SC_NAME,SC_SCORE,SC_SBCODE,SC_STCODE) values (142,'명윤일',67,'S0005',null);
Insert into TBL_SCORE (SC_SEQ,SC_NAME,SC_SCORE,SC_SBCODE,SC_STCODE) values (144,'진승일',73,'S0006',null);
Insert into TBL_SCORE (SC_SEQ,SC_NAME,SC_SCORE,SC_SBCODE,SC_STCODE) values (145,'풍동해',71,'S0001',null);
Insert into TBL_SCORE (SC_SEQ,SC_NAME,SC_SCORE,SC_SBCODE,SC_STCODE) values (147,'담성민',99,'S0002',null);
Insert into TBL_SCORE (SC_SEQ,SC_NAME,SC_SCORE,SC_SBCODE,SC_STCODE) values (148,'기원호',69,'S0005',null);
Insert into TBL_SCORE (SC_SEQ,SC_NAME,SC_SCORE,SC_SBCODE,SC_STCODE) values (150,'피태영',50,'S0006',null);
Insert into TBL_SCORE (SC_SEQ,SC_NAME,SC_SCORE,SC_SBCODE,SC_STCODE) values (151,'뇌성수',64,'S0001',null);
Insert into TBL_SCORE (SC_SEQ,SC_NAME,SC_SCORE,SC_SBCODE,SC_STCODE) values (153,'진동혜',62,'S0002',null);
Insert into TBL_SCORE (SC_SEQ,SC_NAME,SC_SCORE,SC_SBCODE,SC_STCODE) values (154,'원성빈',87,'S0004',null);
Insert into TBL_SCORE (SC_SEQ,SC_NAME,SC_SCORE,SC_SBCODE,SC_STCODE) values (155,'변재호',51,'S0001',null);
Insert into TBL_SCORE (SC_SEQ,SC_NAME,SC_SCORE,SC_SBCODE,SC_STCODE) values (157,'삼찬후',75,'S0002',null);
Insert into TBL_SCORE (SC_SEQ,SC_NAME,SC_SCORE,SC_SBCODE,SC_STCODE) values (158,'황원혁',61,'S0002',null);
Insert into TBL_SCORE (SC_SEQ,SC_NAME,SC_SCORE,SC_SBCODE,SC_STCODE) values (160,'모재원',81,'S0006',null);
Insert into TBL_SCORE (SC_SEQ,SC_NAME,SC_SCORE,SC_SBCODE,SC_STCODE) values (161,'점재민',90,'S0006',null);
Insert into TBL_SCORE (SC_SEQ,SC_NAME,SC_SCORE,SC_SBCODE,SC_STCODE) values (163,'삼찬후',77,'S0003',null);
Insert into TBL_SCORE (SC_SEQ,SC_NAME,SC_SCORE,SC_SBCODE,SC_STCODE) values (164,'피태영',59,'S0001',null);
Insert into TBL_SCORE (SC_SEQ,SC_NAME,SC_SCORE,SC_SBCODE,SC_STCODE) values (166,'양은성',59,'S0005',null);
Insert into TBL_SCORE (SC_SEQ,SC_NAME,SC_SCORE,SC_SBCODE,SC_STCODE) values (167,'유준호',95,'S0005',null);
Insert into TBL_SCORE (SC_SEQ,SC_NAME,SC_SCORE,SC_SBCODE,SC_STCODE) values (169,'연연재',94,'S0003',null);
Insert into TBL_SCORE (SC_SEQ,SC_NAME,SC_SCORE,SC_SBCODE,SC_STCODE) values (170,'아동은',54,'S0006',null);
Insert into TBL_SCORE (SC_SEQ,SC_NAME,SC_SCORE,SC_SBCODE,SC_STCODE) values (172,'배채호',65,'S0005',null);
Insert into TBL_SCORE (SC_SEQ,SC_NAME,SC_SCORE,SC_SBCODE,SC_STCODE) values (173,'판한수',57,'S0005',null);
Insert into TBL_SCORE (SC_SEQ,SC_NAME,SC_SCORE,SC_SBCODE,SC_STCODE) values (174,'여민국',81,'S0001',null);
Insert into TBL_SCORE (SC_SEQ,SC_NAME,SC_SCORE,SC_SBCODE,SC_STCODE) values (176,'낭시우',97,'S0006',null);
Insert into TBL_SCORE (SC_SEQ,SC_NAME,SC_SCORE,SC_SBCODE,SC_STCODE) values (177,'모재원',73,'S0001',null);
Insert into TBL_SCORE (SC_SEQ,SC_NAME,SC_SCORE,SC_SBCODE,SC_STCODE) values (179,'제갈동연',84,'S0005',null);
Insert into TBL_SCORE (SC_SEQ,SC_NAME,SC_SCORE,SC_SBCODE,SC_STCODE) values (180,'초시민',63,'S0002',null);
Insert into TBL_SCORE (SC_SEQ,SC_NAME,SC_SCORE,SC_SBCODE,SC_STCODE) values (182,'낭시우',86,'S0003',null);
Insert into TBL_SCORE (SC_SEQ,SC_NAME,SC_SCORE,SC_SBCODE,SC_STCODE) values (183,'담원준',51,'S0002',null);
Insert into TBL_SCORE (SC_SEQ,SC_NAME,SC_SCORE,SC_SBCODE,SC_STCODE) values (185,'하재찬',85,'S0003',null);
Insert into TBL_SCORE (SC_SEQ,SC_NAME,SC_SCORE,SC_SBCODE,SC_STCODE) values (186,'변재호',95,'S0003',null);
Insert into TBL_SCORE (SC_SEQ,SC_NAME,SC_SCORE,SC_SBCODE,SC_STCODE) values (188,'복준완',93,'S0004',null);
Insert into TBL_SCORE (SC_SEQ,SC_NAME,SC_SCORE,SC_SBCODE,SC_STCODE) values (189,'돈송혁',52,'S0002',null);
Insert into TBL_SCORE (SC_SEQ,SC_NAME,SC_SCORE,SC_SBCODE,SC_STCODE) values (191,'사원호',66,'S0001',null);
Insert into TBL_SCORE (SC_SEQ,SC_NAME,SC_SCORE,SC_SBCODE,SC_STCODE) values (192,'성성율',87,'S0006',null);
Insert into TBL_SCORE (SC_SEQ,SC_NAME,SC_SCORE,SC_SBCODE,SC_STCODE) values (193,'비현호',88,'S0005',null);
Insert into TBL_SCORE (SC_SEQ,SC_NAME,SC_SCORE,SC_SBCODE,SC_STCODE) values (195,'진대윤',61,'S0002',null);
Insert into TBL_SCORE (SC_SEQ,SC_NAME,SC_SCORE,SC_SBCODE,SC_STCODE) values (196,'나한율',91,'S0003',null);
Insert into TBL_SCORE (SC_SEQ,SC_NAME,SC_SCORE,SC_SBCODE,SC_STCODE) values (198,'배채호',66,'S0002',null);
Insert into TBL_SCORE (SC_SEQ,SC_NAME,SC_SCORE,SC_SBCODE,SC_STCODE) values (199,'하재찬',63,'S0005',null);
Insert into TBL_SCORE (SC_SEQ,SC_NAME,SC_SCORE,SC_SBCODE,SC_STCODE) values (201,'순대영',93,'S0001',null);
Insert into TBL_SCORE (SC_SEQ,SC_NAME,SC_SCORE,SC_SBCODE,SC_STCODE) values (202,'진대원',64,'S0004',null);
Insert into TBL_SCORE (SC_SEQ,SC_NAME,SC_SCORE,SC_SBCODE,SC_STCODE) values (204,'엄은진',70,'S0005',null);
Insert into TBL_SCORE (SC_SEQ,SC_NAME,SC_SCORE,SC_SBCODE,SC_STCODE) values (205,'운윤태',70,'S0006',null);
Insert into TBL_SCORE (SC_SEQ,SC_NAME,SC_SCORE,SC_SBCODE,SC_STCODE) values (207,'기은성',91,'S0001',null);
Insert into TBL_SCORE (SC_SEQ,SC_NAME,SC_SCORE,SC_SBCODE,SC_STCODE) values (208,'평윤섭',91,'S0002',null);
Insert into TBL_SCORE (SC_SEQ,SC_NAME,SC_SCORE,SC_SBCODE,SC_STCODE) values (210,'돈재현',75,'S0003',null);
Insert into TBL_SCORE (SC_SEQ,SC_NAME,SC_SCORE,SC_SBCODE,SC_STCODE) values (211,'배세준',67,'S0004',null);
Insert into TBL_SCORE (SC_SEQ,SC_NAME,SC_SCORE,SC_SBCODE,SC_STCODE) values (213,'유성율',96,'S0004',null);
Insert into TBL_SCORE (SC_SEQ,SC_NAME,SC_SCORE,SC_SBCODE,SC_STCODE) values (214,'강이찬',63,'S0005',null);
Insert into TBL_SCORE (SC_SEQ,SC_NAME,SC_SCORE,SC_SBCODE,SC_STCODE) values (215,'초시민',68,'S0005',null);
Insert into TBL_SCORE (SC_SEQ,SC_NAME,SC_SCORE,SC_SBCODE,SC_STCODE) values (217,'방윤후',59,'S0003',null);
Insert into TBL_SCORE (SC_SEQ,SC_NAME,SC_SCORE,SC_SBCODE,SC_STCODE) values (218,'판한수',96,'S0002',null);
Insert into TBL_SCORE (SC_SEQ,SC_NAME,SC_SCORE,SC_SBCODE,SC_STCODE) values (220,'유민국',96,'S0006',null);
Insert into TBL_SCORE (SC_SEQ,SC_NAME,SC_SCORE,SC_SBCODE,SC_STCODE) values (221,'변재호',83,'S0004',null);
Insert into TBL_SCORE (SC_SEQ,SC_NAME,SC_SCORE,SC_SBCODE,SC_STCODE) values (223,'운윤태',58,'S0004',null);
Insert into TBL_SCORE (SC_SEQ,SC_NAME,SC_SCORE,SC_SBCODE,SC_STCODE) values (224,'초시민',83,'S0001',null);
Insert into TBL_SCORE (SC_SEQ,SC_NAME,SC_SCORE,SC_SBCODE,SC_STCODE) values (226,'흥동현',85,'S0001',null);
Insert into TBL_SCORE (SC_SEQ,SC_NAME,SC_SCORE,SC_SBCODE,SC_STCODE) values (227,'제갈동연',85,'S0002',null);
Insert into TBL_SCORE (SC_SEQ,SC_NAME,SC_SCORE,SC_SBCODE,SC_STCODE) values (229,'제영후',69,'S0001',null);
Insert into TBL_SCORE (SC_SEQ,SC_NAME,SC_SCORE,SC_SBCODE,SC_STCODE) values (230,'석서훈',100,'S0002',null);
Insert into TBL_SCORE (SC_SEQ,SC_NAME,SC_SCORE,SC_SBCODE,SC_STCODE) values (232,'기은성',100,'S0003',null);
Insert into TBL_SCORE (SC_SEQ,SC_NAME,SC_SCORE,SC_SBCODE,SC_STCODE) values (233,'제유상',89,'S0003',null);
Insert into TBL_SCORE (SC_SEQ,SC_NAME,SC_SCORE,SC_SBCODE,SC_STCODE) values (234,'해송혁',76,'S0005',null);
Insert into TBL_SCORE (SC_SEQ,SC_NAME,SC_SCORE,SC_SBCODE,SC_STCODE) values (236,'배세준',57,'S0006',null);
Insert into TBL_SCORE (SC_SEQ,SC_NAME,SC_SCORE,SC_SBCODE,SC_STCODE) values (237,'담원준',97,'S0004',null);
Insert into TBL_SCORE (SC_SEQ,SC_NAME,SC_SCORE,SC_SBCODE,SC_STCODE) values (239,'이윤진',82,'S0006',null);
Insert into TBL_SCORE (SC_SEQ,SC_NAME,SC_SCORE,SC_SBCODE,SC_STCODE) values (240,'양동인',92,'S0004',null);
Insert into TBL_SCORE (SC_SEQ,SC_NAME,SC_SCORE,SC_SBCODE,SC_STCODE) values (242,'개원훈',66,'S0002',null);
Insert into TBL_SCORE (SC_SEQ,SC_NAME,SC_SCORE,SC_SBCODE,SC_STCODE) values (243,'두채훈',60,'S0005',null);
Insert into TBL_SCORE (SC_SEQ,SC_NAME,SC_SCORE,SC_SBCODE,SC_STCODE) values (245,'황원혁',92,'S0006',null);
Insert into TBL_SCORE (SC_SEQ,SC_NAME,SC_SCORE,SC_SBCODE,SC_STCODE) values (246,'옥원준',92,'S0001',null);
Insert into TBL_SCORE (SC_SEQ,SC_NAME,SC_SCORE,SC_SBCODE,SC_STCODE) values (248,'낭시우',56,'S0001',null);
Insert into TBL_SCORE (SC_SEQ,SC_NAME,SC_SCORE,SC_SBCODE,SC_STCODE) values (249,'엄은진',62,'S0003',null);
Insert into TBL_SCORE (SC_SEQ,SC_NAME,SC_SCORE,SC_SBCODE,SC_STCODE) values (251,'빈성희',79,'S0004',null);
Insert into TBL_SCORE (SC_SEQ,SC_NAME,SC_SCORE,SC_SBCODE,SC_STCODE) values (252,'은채혁',98,'S0004',null);
Insert into TBL_SCORE (SC_SEQ,SC_NAME,SC_SCORE,SC_SBCODE,SC_STCODE) values (253,'진동혜',73,'S0001',null);
Insert into TBL_SCORE (SC_SEQ,SC_NAME,SC_SCORE,SC_SBCODE,SC_STCODE) values (255,'돈재현',91,'S0002',null);
Insert into TBL_SCORE (SC_SEQ,SC_NAME,SC_SCORE,SC_SBCODE,SC_STCODE) values (256,'하재찬',64,'S0001',null);
Insert into TBL_SCORE (SC_SEQ,SC_NAME,SC_SCORE,SC_SBCODE,SC_STCODE) values (258,'비현호',94,'S0002',null);
Insert into TBL_SCORE (SC_SEQ,SC_NAME,SC_SCORE,SC_SBCODE,SC_STCODE) values (259,'초원혁',59,'S0005',null);
Insert into TBL_SCORE (SC_SEQ,SC_NAME,SC_SCORE,SC_SBCODE,SC_STCODE) values (261,'기은성',67,'S0006',null);
Insert into TBL_SCORE (SC_SEQ,SC_NAME,SC_SCORE,SC_SBCODE,SC_STCODE) values (262,'남동예',64,'S0002',null);
Insert into TBL_SCORE (SC_SEQ,SC_NAME,SC_SCORE,SC_SBCODE,SC_STCODE) values (264,'빈성희',85,'S0003',null);
Insert into TBL_SCORE (SC_SEQ,SC_NAME,SC_SCORE,SC_SBCODE,SC_STCODE) values (265,'춘찬영',63,'S0006',null);
Insert into TBL_SCORE (SC_SEQ,SC_NAME,SC_SCORE,SC_SBCODE,SC_STCODE) values (267,'유준호',74,'S0002',null);
Insert into TBL_SCORE (SC_SEQ,SC_NAME,SC_SCORE,SC_SBCODE,SC_STCODE) values (268,'초재현',58,'S0003',null);
Insert into TBL_SCORE (SC_SEQ,SC_NAME,SC_SCORE,SC_SBCODE,SC_STCODE) values (270,'명윤일',51,'S0006',null);
Insert into TBL_SCORE (SC_SEQ,SC_NAME,SC_SCORE,SC_SBCODE,SC_STCODE) values (271,'허시후',63,'S0005',null);
Insert into TBL_SCORE (SC_SEQ,SC_NAME,SC_SCORE,SC_SBCODE,SC_STCODE) values (272,'내세원',67,'S0002',null);
Insert into TBL_SCORE (SC_SEQ,SC_NAME,SC_SCORE,SC_SBCODE,SC_STCODE) values (274,'강이찬',96,'S0003',null);
Insert into TBL_SCORE (SC_SEQ,SC_NAME,SC_SCORE,SC_SBCODE,SC_STCODE) values (275,'양은성',98,'S0004',null);
Insert into TBL_SCORE (SC_SEQ,SC_NAME,SC_SCORE,SC_SBCODE,SC_STCODE) values (277,'단수혁',82,'S0006',null);
Insert into TBL_SCORE (SC_SEQ,SC_NAME,SC_SCORE,SC_SBCODE,SC_STCODE) values (278,'최장현',74,'S0003',null);
Insert into TBL_SCORE (SC_SEQ,SC_NAME,SC_SCORE,SC_SBCODE,SC_STCODE) values (280,'진승일',66,'S0001',null);
Insert into TBL_SCORE (SC_SEQ,SC_NAME,SC_SCORE,SC_SBCODE,SC_STCODE) values (281,'심장호',75,'S0003',null);
Insert into TBL_SCORE (SC_SEQ,SC_NAME,SC_SCORE,SC_SBCODE,SC_STCODE) values (283,'피태영',99,'S0005',null);
Insert into TBL_SCORE (SC_SEQ,SC_NAME,SC_SCORE,SC_SBCODE,SC_STCODE) values (284,'소윤수',94,'S0003',null);
Insert into TBL_SCORE (SC_SEQ,SC_NAME,SC_SCORE,SC_SBCODE,SC_STCODE) values (286,'돈송혁',73,'S0006',null);
Insert into TBL_SCORE (SC_SEQ,SC_NAME,SC_SCORE,SC_SBCODE,SC_STCODE) values (287,'흥동현',72,'S0002',null);
Insert into TBL_SCORE (SC_SEQ,SC_NAME,SC_SCORE,SC_SBCODE,SC_STCODE) values (289,'단수혁',97,'S0004',null);
Insert into TBL_SCORE (SC_SEQ,SC_NAME,SC_SCORE,SC_SBCODE,SC_STCODE) values (290,'경시현',95,'S0001',null);
Insert into TBL_SCORE (SC_SEQ,SC_NAME,SC_SCORE,SC_SBCODE,SC_STCODE) values (291,'초원혁',99,'S0006',null);
Insert into TBL_SCORE (SC_SEQ,SC_NAME,SC_SCORE,SC_SBCODE,SC_STCODE) values (293,'전동원',51,'S0005',null);
Insert into TBL_SCORE (SC_SEQ,SC_NAME,SC_SCORE,SC_SBCODE,SC_STCODE) values (294,'기대연',61,'S0003',null);
Insert into TBL_SCORE (SC_SEQ,SC_NAME,SC_SCORE,SC_SBCODE,SC_STCODE) values (296,'야유신',66,'S0005',null);
Insert into TBL_SCORE (SC_SEQ,SC_NAME,SC_SCORE,SC_SBCODE,SC_STCODE) values (297,'심장호',80,'S0002',null);
Insert into TBL_SCORE (SC_SEQ,SC_NAME,SC_SCORE,SC_SBCODE,SC_STCODE) values (299,'엄은진',99,'S0006',null);
Insert into TBL_SCORE (SC_SEQ,SC_NAME,SC_SCORE,SC_SBCODE,SC_STCODE) values (300,'허시후',71,'S0002',null);
Insert into TBL_SCORE (SC_SEQ,SC_NAME,SC_SCORE,SC_SBCODE,SC_STCODE) values (302,'흥은성',91,'S0004',null);
Insert into TBL_SCORE (SC_SEQ,SC_NAME,SC_SCORE,SC_SBCODE,SC_STCODE) values (303,'제동희',67,'S0005',null);
Insert into TBL_SCORE (SC_SEQ,SC_NAME,SC_SCORE,SC_SBCODE,SC_STCODE) values (305,'양동인',89,'S0002',null);
Insert into TBL_SCORE (SC_SEQ,SC_NAME,SC_SCORE,SC_SBCODE,SC_STCODE) values (306,'단수혁',98,'S0005',null);
Insert into TBL_SCORE (SC_SEQ,SC_NAME,SC_SCORE,SC_SBCODE,SC_STCODE) values (307,'풍동해',100,'S0002',null);
Insert into TBL_SCORE (SC_SEQ,SC_NAME,SC_SCORE,SC_SBCODE,SC_STCODE) values (308,'이윤진',87,'S0002',null);
Insert into TBL_SCORE (SC_SEQ,SC_NAME,SC_SCORE,SC_SBCODE,SC_STCODE) values (309,'나한율',72,'S0002',null);
Insert into TBL_SCORE (SC_SEQ,SC_NAME,SC_SCORE,SC_SBCODE,SC_STCODE) values (310,'비현호',52,'S0001',null);
Insert into TBL_SCORE (SC_SEQ,SC_NAME,SC_SCORE,SC_SBCODE,SC_STCODE) values (311,'판한수',79,'S0003',null);
Insert into TBL_SCORE (SC_SEQ,SC_NAME,SC_SCORE,SC_SBCODE,SC_STCODE) values (312,'남동예',69,'S0004',null);
Insert into TBL_SCORE (SC_SEQ,SC_NAME,SC_SCORE,SC_SBCODE,SC_STCODE) values (313,'유준호',70,'S0006',null);
Insert into TBL_SCORE (SC_SEQ,SC_NAME,SC_SCORE,SC_SBCODE,SC_STCODE) values (314,'함민서',84,'S0005',null);
Insert into TBL_SCORE (SC_SEQ,SC_NAME,SC_SCORE,SC_SBCODE,SC_STCODE) values (315,'복재민',55,'S0002',null);
Insert into TBL_SCORE (SC_SEQ,SC_NAME,SC_SCORE,SC_SBCODE,SC_STCODE) values (316,'담장호',57,'S0001',null);
Insert into TBL_SCORE (SC_SEQ,SC_NAME,SC_SCORE,SC_SBCODE,SC_STCODE) values (317,'점재민',59,'S0005',null);
Insert into TBL_SCORE (SC_SEQ,SC_NAME,SC_SCORE,SC_SBCODE,SC_STCODE) values (318,'진대원',56,'S0001',null);
Insert into TBL_SCORE (SC_SEQ,SC_NAME,SC_SCORE,SC_SBCODE,SC_STCODE) values (319,'유민국',80,'S0003',null);
Insert into TBL_SCORE (SC_SEQ,SC_NAME,SC_SCORE,SC_SBCODE,SC_STCODE) values (320,'빈성희',81,'S0005',null);
Insert into TBL_SCORE (SC_SEQ,SC_NAME,SC_SCORE,SC_SBCODE,SC_STCODE) values (321,'풍동해',99,'S0003',null);
Insert into TBL_SCORE (SC_SEQ,SC_NAME,SC_SCORE,SC_SBCODE,SC_STCODE) values (322,'두채훈',65,'S0003',null);
Insert into TBL_SCORE (SC_SEQ,SC_NAME,SC_SCORE,SC_SBCODE,SC_STCODE) values (323,'나한율',56,'S0004',null);
Insert into TBL_SCORE (SC_SEQ,SC_NAME,SC_SCORE,SC_SBCODE,SC_STCODE) values (324,'옥원준',97,'S0004',null);
Insert into TBL_SCORE (SC_SEQ,SC_NAME,SC_SCORE,SC_SBCODE,SC_STCODE) values (325,'두동환',69,'S0001',null);
Insert into TBL_SCORE (SC_SEQ,SC_NAME,SC_SCORE,SC_SBCODE,SC_STCODE) values (326,'두채훈',77,'S0002',null);
Insert into TBL_SCORE (SC_SEQ,SC_NAME,SC_SCORE,SC_SBCODE,SC_STCODE) values (327,'은현준',62,'S0001',null);
Insert into TBL_SCORE (SC_SEQ,SC_NAME,SC_SCORE,SC_SBCODE,SC_STCODE) values (328,'내세원',72,'S0005',null);
Insert into TBL_SCORE (SC_SEQ,SC_NAME,SC_SCORE,SC_SBCODE,SC_STCODE) values (329,'흥은성',51,'S0001',null);
Insert into TBL_SCORE (SC_SEQ,SC_NAME,SC_SCORE,SC_SBCODE,SC_STCODE) values (330,'허시후',69,'S0006',null);
Insert into TBL_SCORE (SC_SEQ,SC_NAME,SC_SCORE,SC_SBCODE,SC_STCODE) values (331,'진승일',75,'S0003',null);
Insert into TBL_SCORE (SC_SEQ,SC_NAME,SC_SCORE,SC_SBCODE,SC_STCODE) values (332,'방채호',89,'S0002',null);
Insert into TBL_SCORE (SC_SEQ,SC_NAME,SC_SCORE,SC_SBCODE,SC_STCODE) values (333,'유성율',91,'S0003',null);
Insert into TBL_SCORE (SC_SEQ,SC_NAME,SC_SCORE,SC_SBCODE,SC_STCODE) values (334,'진승우',50,'S0002',null);
Insert into TBL_SCORE (SC_SEQ,SC_NAME,SC_SCORE,SC_SBCODE,SC_STCODE) values (335,'낭시우',89,'S0002',null);
Insert into TBL_SCORE (SC_SEQ,SC_NAME,SC_SCORE,SC_SBCODE,SC_STCODE) values (336,'돈재현',58,'S0005',null);
Insert into TBL_SCORE (SC_SEQ,SC_NAME,SC_SCORE,SC_SBCODE,SC_STCODE) values (337,'남동예',52,'S0005',null);
Insert into TBL_SCORE (SC_SEQ,SC_NAME,SC_SCORE,SC_SBCODE,SC_STCODE) values (338,'방채호',73,'S0003',null);
Insert into TBL_SCORE (SC_SEQ,SC_NAME,SC_SCORE,SC_SBCODE,SC_STCODE) values (339,'심장호',72,'S0005',null);
Insert into TBL_SCORE (SC_SEQ,SC_NAME,SC_SCORE,SC_SBCODE,SC_STCODE) values (340,'판한수',67,'S0001',null);
Insert into TBL_SCORE (SC_SEQ,SC_NAME,SC_SCORE,SC_SBCODE,SC_STCODE) values (341,'여민국',53,'S0004',null);
Insert into TBL_SCORE (SC_SEQ,SC_NAME,SC_SCORE,SC_SBCODE,SC_STCODE) values (342,'모재원',66,'S0005',null);
Insert into TBL_SCORE (SC_SEQ,SC_NAME,SC_SCORE,SC_SBCODE,SC_STCODE) values (343,'독고예준',83,'S0004',null);
Insert into TBL_SCORE (SC_SEQ,SC_NAME,SC_SCORE,SC_SBCODE,SC_STCODE) values (344,'흥은성',62,'S0002',null);
Insert into TBL_SCORE (SC_SEQ,SC_NAME,SC_SCORE,SC_SBCODE,SC_STCODE) values (345,'뇌성수',90,'S0003',null);
Insert into TBL_SCORE (SC_SEQ,SC_NAME,SC_SCORE,SC_SBCODE,SC_STCODE) values (346,'하재찬',72,'S0004',null);
Insert into TBL_SCORE (SC_SEQ,SC_NAME,SC_SCORE,SC_SBCODE,SC_STCODE) values (347,'기대연',68,'S0006',null);
Insert into TBL_SCORE (SC_SEQ,SC_NAME,SC_SCORE,SC_SBCODE,SC_STCODE) values (348,'제영후',66,'S0002',null);
Insert into TBL_SCORE (SC_SEQ,SC_NAME,SC_SCORE,SC_SBCODE,SC_STCODE) values (349,'최장현',63,'S0004',null);
Insert into TBL_SCORE (SC_SEQ,SC_NAME,SC_SCORE,SC_SBCODE,SC_STCODE) values (350,'제갈동연',83,'S0003',null);
Insert into TBL_SCORE (SC_SEQ,SC_NAME,SC_SCORE,SC_SBCODE,SC_STCODE) values (351,'은현준',72,'S0004',null);
Insert into TBL_SCORE (SC_SEQ,SC_NAME,SC_SCORE,SC_SBCODE,SC_STCODE) values (352,'개원훈',59,'S0005',null);
Insert into TBL_SCORE (SC_SEQ,SC_NAME,SC_SCORE,SC_SBCODE,SC_STCODE) values (353,'경시현',94,'S0002',null);
Insert into TBL_SCORE (SC_SEQ,SC_NAME,SC_SCORE,SC_SBCODE,SC_STCODE) values (354,'황원혁',54,'S0001',null);
Insert into TBL_SCORE (SC_SEQ,SC_NAME,SC_SCORE,SC_SBCODE,SC_STCODE) values (355,'양동인',79,'S0006',null);
Insert into TBL_SCORE (SC_SEQ,SC_NAME,SC_SCORE,SC_SBCODE,SC_STCODE) values (356,'함민서',72,'S0001',null);
Insert into TBL_SCORE (SC_SEQ,SC_NAME,SC_SCORE,SC_SBCODE,SC_STCODE) values (357,'삼찬후',55,'S0001',null);
Insert into TBL_SCORE (SC_SEQ,SC_NAME,SC_SCORE,SC_SBCODE,SC_STCODE) values (358,'배채호',70,'S0004',null);
Insert into TBL_SCORE (SC_SEQ,SC_NAME,SC_SCORE,SC_SBCODE,SC_STCODE) values (359,'지승현',72,'S0001',null);
Insert into TBL_SCORE (SC_SEQ,SC_NAME,SC_SCORE,SC_SBCODE,SC_STCODE) values (360,'제유상',85,'S0004',null);
Insert into TBL_SCORE (SC_SEQ,SC_NAME,SC_SCORE,SC_SBCODE,SC_STCODE) values (361,'허시후',82,'S0001',null);
Insert into TBL_SCORE (SC_SEQ,SC_NAME,SC_SCORE,SC_SBCODE,SC_STCODE) values (362,'양은성',59,'S0001',null);
Insert into TBL_SCORE (SC_SEQ,SC_NAME,SC_SCORE,SC_SBCODE,SC_STCODE) values (363,'춘인규',80,'S0001',null);
Insert into TBL_SCORE (SC_SEQ,SC_NAME,SC_SCORE,SC_SBCODE,SC_STCODE) values (364,'돈재현',81,'S0006',null);
Insert into TBL_SCORE (SC_SEQ,SC_NAME,SC_SCORE,SC_SBCODE,SC_STCODE) values (365,'전동원',68,'S0004',null);
Insert into TBL_SCORE (SC_SEQ,SC_NAME,SC_SCORE,SC_SBCODE,SC_STCODE) values (366,'두동환',89,'S0006',null);
Insert into TBL_SCORE (SC_SEQ,SC_NAME,SC_SCORE,SC_SBCODE,SC_STCODE) values (367,'연연재',100,'S0004',null);
Insert into TBL_SCORE (SC_SEQ,SC_NAME,SC_SCORE,SC_SBCODE,SC_STCODE) values (368,'흥동현',71,'S0006',null);
Insert into TBL_SCORE (SC_SEQ,SC_NAME,SC_SCORE,SC_SBCODE,SC_STCODE) values (369,'뇌성수',68,'S0005',null);
Insert into TBL_SCORE (SC_SEQ,SC_NAME,SC_SCORE,SC_SBCODE,SC_STCODE) values (370,'점재민',98,'S0003',null);
Insert into TBL_SCORE (SC_SEQ,SC_NAME,SC_SCORE,SC_SBCODE,SC_STCODE) values (371,'방채호',67,'S0005',null);
Insert into TBL_SCORE (SC_SEQ,SC_NAME,SC_SCORE,SC_SBCODE,SC_STCODE) values (372,'문은진',61,'S0004',null);
Insert into TBL_SCORE (SC_SEQ,SC_NAME,SC_SCORE,SC_SBCODE,SC_STCODE) values (373,'제유상',57,'S0005',null);
Insert into TBL_SCORE (SC_SEQ,SC_NAME,SC_SCORE,SC_SBCODE,SC_STCODE) values (374,'석서훈',57,'S0005',null);
Insert into TBL_SCORE (SC_SEQ,SC_NAME,SC_SCORE,SC_SBCODE,SC_STCODE) values (375,'옹효성',54,'S0001',null);
Insert into TBL_SCORE (SC_SEQ,SC_NAME,SC_SCORE,SC_SBCODE,SC_STCODE) values (376,'비현호',71,'S0006',null);
Insert into TBL_SCORE (SC_SEQ,SC_NAME,SC_SCORE,SC_SBCODE,SC_STCODE) values (377,'흥은성',50,'S0003',null);
Insert into TBL_SCORE (SC_SEQ,SC_NAME,SC_SCORE,SC_SBCODE,SC_STCODE) values (378,'신찬영',62,'S0001',null);
Insert into TBL_SCORE (SC_SEQ,SC_NAME,SC_SCORE,SC_SBCODE,SC_STCODE) values (379,'갈한수',100,'S0003',null);
Insert into TBL_SCORE (SC_SEQ,SC_NAME,SC_SCORE,SC_SBCODE,SC_STCODE) values (380,'경시현',56,'S0004',null);
Insert into TBL_SCORE (SC_SEQ,SC_NAME,SC_SCORE,SC_SBCODE,SC_STCODE) values (381,'담성민',95,'S0003',null);
Insert into TBL_SCORE (SC_SEQ,SC_NAME,SC_SCORE,SC_SBCODE,SC_STCODE) values (382,'여민국',86,'S0006',null);
Insert into TBL_SCORE (SC_SEQ,SC_NAME,SC_SCORE,SC_SBCODE,SC_STCODE) values (383,'해송혁',51,'S0003',null);
Insert into TBL_SCORE (SC_SEQ,SC_NAME,SC_SCORE,SC_SBCODE,SC_STCODE) values (384,'어민기',93,'S0001',null);
Insert into TBL_SCORE (SC_SEQ,SC_NAME,SC_SCORE,SC_SBCODE,SC_STCODE) values (385,'옹효성',54,'S0003',null);
Insert into TBL_SCORE (SC_SEQ,SC_NAME,SC_SCORE,SC_SBCODE,SC_STCODE) values (386,'방윤후',60,'S0004',null);
Insert into TBL_SCORE (SC_SEQ,SC_NAME,SC_SCORE,SC_SBCODE,SC_STCODE) values (387,'은채혁',58,'S0005',null);
Insert into TBL_SCORE (SC_SEQ,SC_NAME,SC_SCORE,SC_SBCODE,SC_STCODE) values (388,'명윤일',50,'S0001',null);
Insert into TBL_SCORE (SC_SEQ,SC_NAME,SC_SCORE,SC_SBCODE,SC_STCODE) values (389,'박수혁',59,'S0005',null);
Insert into TBL_SCORE (SC_SEQ,SC_NAME,SC_SCORE,SC_SBCODE,SC_STCODE) values (390,'허시후',51,'S0004',null);
Insert into TBL_SCORE (SC_SEQ,SC_NAME,SC_SCORE,SC_SBCODE,SC_STCODE) values (391,'풍동해',62,'S0005',null);
Insert into TBL_SCORE (SC_SEQ,SC_NAME,SC_SCORE,SC_SBCODE,SC_STCODE) values (392,'낭시우',79,'S0005',null);
Insert into TBL_SCORE (SC_SEQ,SC_NAME,SC_SCORE,SC_SBCODE,SC_STCODE) values (393,'뇌성수',90,'S0004',null);
Insert into TBL_SCORE (SC_SEQ,SC_NAME,SC_SCORE,SC_SBCODE,SC_STCODE) values (394,'복재민',69,'S0003',null);
Insert into TBL_SCORE (SC_SEQ,SC_NAME,SC_SCORE,SC_SBCODE,SC_STCODE) values (395,'함민서',52,'S0003',null);
Insert into TBL_SCORE (SC_SEQ,SC_NAME,SC_SCORE,SC_SBCODE,SC_STCODE) values (396,'담성민',70,'S0006',null);
Insert into TBL_SCORE (SC_SEQ,SC_NAME,SC_SCORE,SC_SBCODE,SC_STCODE) values (397,'나한율',67,'S0006',null);
Insert into TBL_SCORE (SC_SEQ,SC_NAME,SC_SCORE,SC_SBCODE,SC_STCODE) values (398,'기원호',77,'S0001',null);
Insert into TBL_SCORE (SC_SEQ,SC_NAME,SC_SCORE,SC_SBCODE,SC_STCODE) values (399,'뇌성수',59,'S0006',null);
Insert into TBL_SCORE (SC_SEQ,SC_NAME,SC_SCORE,SC_SBCODE,SC_STCODE) values (400,'문은진',93,'S0006',null);
Insert into TBL_SCORE (SC_SEQ,SC_NAME,SC_SCORE,SC_SBCODE,SC_STCODE) values (401,'단수혁',56,'S0002',null);
Insert into TBL_SCORE (SC_SEQ,SC_NAME,SC_SCORE,SC_SBCODE,SC_STCODE) values (402,'방윤후',90,'S0006',null);
Insert into TBL_SCORE (SC_SEQ,SC_NAME,SC_SCORE,SC_SBCODE,SC_STCODE) values (403,'진대윤',77,'S0006',null);
Insert into TBL_SCORE (SC_SEQ,SC_NAME,SC_SCORE,SC_SBCODE,SC_STCODE) values (404,'담원준',51,'S0001',null);
Insert into TBL_SCORE (SC_SEQ,SC_NAME,SC_SCORE,SC_SBCODE,SC_STCODE) values (405,'유민국',76,'S0004',null);
Insert into TBL_SCORE (SC_SEQ,SC_NAME,SC_SCORE,SC_SBCODE,SC_STCODE) values (406,'야유신',62,'S0006',null);
Insert into TBL_SCORE (SC_SEQ,SC_NAME,SC_SCORE,SC_SBCODE,SC_STCODE) values (407,'아동은',64,'S0002',null);
Insert into TBL_SCORE (SC_SEQ,SC_NAME,SC_SCORE,SC_SBCODE,SC_STCODE) values (408,'초원혁',69,'S0003',null);
Insert into TBL_SCORE (SC_SEQ,SC_NAME,SC_SCORE,SC_SBCODE,SC_STCODE) values (409,'여동은',61,'S0005',null);
Insert into TBL_SCORE (SC_SEQ,SC_NAME,SC_SCORE,SC_SBCODE,SC_STCODE) values (410,'소대권',72,'S0005',null);
Insert into TBL_SCORE (SC_SEQ,SC_NAME,SC_SCORE,SC_SBCODE,SC_STCODE) values (411,'평윤섭',54,'S0003',null);
Insert into TBL_SCORE (SC_SEQ,SC_NAME,SC_SCORE,SC_SBCODE,SC_STCODE) values (412,'복재민',91,'S0005',null);
Insert into TBL_SCORE (SC_SEQ,SC_NAME,SC_SCORE,SC_SBCODE,SC_STCODE) values (413,'제유상',71,'S0002',null);
Insert into TBL_SCORE (SC_SEQ,SC_NAME,SC_SCORE,SC_SBCODE,SC_STCODE) values (414,'지승현',73,'S0004',null);
Insert into TBL_SCORE (SC_SEQ,SC_NAME,SC_SCORE,SC_SBCODE,SC_STCODE) values (415,'기원호',75,'S0006',null);
Insert into TBL_SCORE (SC_SEQ,SC_NAME,SC_SCORE,SC_SBCODE,SC_STCODE) values (416,'돈재현',59,'S0004',null);
Insert into TBL_SCORE (SC_SEQ,SC_NAME,SC_SCORE,SC_SBCODE,SC_STCODE) values (417,'심장호',50,'S0001',null);
Insert into TBL_SCORE (SC_SEQ,SC_NAME,SC_SCORE,SC_SBCODE,SC_STCODE) values (418,'황원혁',77,'S0005',null);
Insert into TBL_SCORE (SC_SEQ,SC_NAME,SC_SCORE,SC_SBCODE,SC_STCODE) values (419,'춘대권',50,'S0006',null);
Insert into TBL_SCORE (SC_SEQ,SC_NAME,SC_SCORE,SC_SBCODE,SC_STCODE) values (420,'배채호',94,'S0006',null);
Insert into TBL_SCORE (SC_SEQ,SC_NAME,SC_SCORE,SC_SBCODE,SC_STCODE) values (421,'여동은',69,'S0004',null);
Insert into TBL_SCORE (SC_SEQ,SC_NAME,SC_SCORE,SC_SBCODE,SC_STCODE) values (422,'사원혁',81,'S0001',null);
Insert into TBL_SCORE (SC_SEQ,SC_NAME,SC_SCORE,SC_SBCODE,SC_STCODE) values (423,'함민서',75,'S0006',null);
Insert into TBL_SCORE (SC_SEQ,SC_NAME,SC_SCORE,SC_SBCODE,SC_STCODE) values (424,'소윤수',90,'S0004',null);
Insert into TBL_SCORE (SC_SEQ,SC_NAME,SC_SCORE,SC_SBCODE,SC_STCODE) values (425,'양은성',80,'S0006',null);
Insert into TBL_SCORE (SC_SEQ,SC_NAME,SC_SCORE,SC_SBCODE,SC_STCODE) values (426,'순대영',57,'S0005',null);
Insert into TBL_SCORE (SC_SEQ,SC_NAME,SC_SCORE,SC_SBCODE,SC_STCODE) values (427,'남동예',81,'S0006',null);
Insert into TBL_SCORE (SC_SEQ,SC_NAME,SC_SCORE,SC_SBCODE,SC_STCODE) values (428,'내세원',81,'S0003',null);
Insert into TBL_SCORE (SC_SEQ,SC_NAME,SC_SCORE,SC_SBCODE,SC_STCODE) values (429,'제동희',54,'S0006',null);
Insert into TBL_SCORE (SC_SEQ,SC_NAME,SC_SCORE,SC_SBCODE,SC_STCODE) values (430,'담장호',72,'S0004',null);
Insert into TBL_SCORE (SC_SEQ,SC_NAME,SC_SCORE,SC_SBCODE,SC_STCODE) values (431,'제영후',87,'S0006',null);
Insert into TBL_SCORE (SC_SEQ,SC_NAME,SC_SCORE,SC_SBCODE,SC_STCODE) values (432,'기은성',86,'S0002',null);
Insert into TBL_SCORE (SC_SEQ,SC_NAME,SC_SCORE,SC_SBCODE,SC_STCODE) values (433,'돈재현',52,'S0001',null);
Insert into TBL_SCORE (SC_SEQ,SC_NAME,SC_SCORE,SC_SBCODE,SC_STCODE) values (434,'양은성',85,'S0003',null);
Insert into TBL_SCORE (SC_SEQ,SC_NAME,SC_SCORE,SC_SBCODE,SC_STCODE) values (435,'이윤진',91,'S0004',null);
Insert into TBL_SCORE (SC_SEQ,SC_NAME,SC_SCORE,SC_SBCODE,SC_STCODE) values (436,'초재현',96,'S0004',null);
Insert into TBL_SCORE (SC_SEQ,SC_NAME,SC_SCORE,SC_SBCODE,SC_STCODE) values (437,'옥원준',64,'S0002',null);
Insert into TBL_SCORE (SC_SEQ,SC_NAME,SC_SCORE,SC_SBCODE,SC_STCODE) values (438,'춘찬영',90,'S0001',null);
Insert into TBL_SCORE (SC_SEQ,SC_NAME,SC_SCORE,SC_SBCODE,SC_STCODE) values (439,'점재민',71,'S0002',null);
Insert into TBL_SCORE (SC_SEQ,SC_NAME,SC_SCORE,SC_SBCODE,SC_STCODE) values (440,'독고예준',76,'S0001',null);
Insert into TBL_SCORE (SC_SEQ,SC_NAME,SC_SCORE,SC_SBCODE,SC_STCODE) values (441,'제영후',93,'S0004',null);
Insert into TBL_SCORE (SC_SEQ,SC_NAME,SC_SCORE,SC_SBCODE,SC_STCODE) values (442,'삼윤후',73,'S0006',null);
Insert into TBL_SCORE (SC_SEQ,SC_NAME,SC_SCORE,SC_SBCODE,SC_STCODE) values (443,'담원준',100,'S0006',null);
Insert into TBL_SCORE (SC_SEQ,SC_NAME,SC_SCORE,SC_SBCODE,SC_STCODE) values (445,'옥원준',60,'S0006',null);
Insert into TBL_SCORE (SC_SEQ,SC_NAME,SC_SCORE,SC_SBCODE,SC_STCODE) values (446,'운윤태',76,'S0001',null);
Insert into TBL_SCORE (SC_SEQ,SC_NAME,SC_SCORE,SC_SBCODE,SC_STCODE) values (448,'은현준',95,'S0002',null);
Insert into TBL_SCORE (SC_SEQ,SC_NAME,SC_SCORE,SC_SBCODE,SC_STCODE) values (449,'하재찬',59,'S0006',null);
Insert into TBL_SCORE (SC_SEQ,SC_NAME,SC_SCORE,SC_SBCODE,SC_STCODE) values (451,'기은성',54,'S0005',null);
Insert into TBL_SCORE (SC_SEQ,SC_NAME,SC_SCORE,SC_SBCODE,SC_STCODE) values (452,'초재현',100,'S0006',null);
Insert into TBL_SCORE (SC_SEQ,SC_NAME,SC_SCORE,SC_SBCODE,SC_STCODE) values (453,'점재민',56,'S0004',null);
Insert into TBL_SCORE (SC_SEQ,SC_NAME,SC_SCORE,SC_SBCODE,SC_STCODE) values (455,'성성율',91,'S0002',null);
Insert into TBL_SCORE (SC_SEQ,SC_NAME,SC_SCORE,SC_SBCODE,SC_STCODE) values (456,'옥채훈',89,'S0005',null);
Insert into TBL_SCORE (SC_SEQ,SC_NAME,SC_SCORE,SC_SBCODE,SC_STCODE) values (458,'나한율',53,'S0005',null);
Insert into TBL_SCORE (SC_SEQ,SC_NAME,SC_SCORE,SC_SBCODE,SC_STCODE) values (459,'옹효성',69,'S0006',null);
Insert into TBL_SCORE (SC_SEQ,SC_NAME,SC_SCORE,SC_SBCODE,SC_STCODE) values (461,'빈성희',84,'S0001',null);
Insert into TBL_SCORE (SC_SEQ,SC_NAME,SC_SCORE,SC_SBCODE,SC_STCODE) values (462,'진승환',82,'S0003',null);
Insert into TBL_SCORE (SC_SEQ,SC_NAME,SC_SCORE,SC_SBCODE,SC_STCODE) values (464,'방채호',68,'S0006',null);
Insert into TBL_SCORE (SC_SEQ,SC_NAME,SC_SCORE,SC_SBCODE,SC_STCODE) values (465,'문은진',87,'S0003',null);
Insert into TBL_SCORE (SC_SEQ,SC_NAME,SC_SCORE,SC_SBCODE,SC_STCODE) values (467,'소대권',81,'S0004',null);
Insert into TBL_SCORE (SC_SEQ,SC_NAME,SC_SCORE,SC_SBCODE,SC_STCODE) values (468,'여민국',66,'S0002',null);
Insert into TBL_SCORE (SC_SEQ,SC_NAME,SC_SCORE,SC_SBCODE,SC_STCODE) values (470,'필영후',92,'S0005',null);
Insert into TBL_SCORE (SC_SEQ,SC_NAME,SC_SCORE,SC_SBCODE,SC_STCODE) values (471,'단수혁',71,'S0001',null);
Insert into TBL_SCORE (SC_SEQ,SC_NAME,SC_SCORE,SC_SBCODE,SC_STCODE) values (472,'공동영',99,'S0002',null);
Insert into TBL_SCORE (SC_SEQ,SC_NAME,SC_SCORE,SC_SBCODE,SC_STCODE) values (474,'옥채훈',77,'S0003',null);
Insert into TBL_SCORE (SC_SEQ,SC_NAME,SC_SCORE,SC_SBCODE,SC_STCODE) values (475,'제영후',56,'S0003',null);
Insert into TBL_SCORE (SC_SEQ,SC_NAME,SC_SCORE,SC_SBCODE,SC_STCODE) values (477,'흥동현',97,'S0004',null);
Insert into TBL_SCORE (SC_SEQ,SC_NAME,SC_SCORE,SC_SBCODE,SC_STCODE) values (478,'은현준',80,'S0003',null);
Insert into TBL_SCORE (SC_SEQ,SC_NAME,SC_SCORE,SC_SBCODE,SC_STCODE) values (480,'순대영',87,'S0006',null);
Insert into TBL_SCORE (SC_SEQ,SC_NAME,SC_SCORE,SC_SBCODE,SC_STCODE) values (481,'배세준',66,'S0003',null);
Insert into TBL_SCORE (SC_SEQ,SC_NAME,SC_SCORE,SC_SBCODE,SC_STCODE) values (483,'피태영',71,'S0003',null);
Insert into TBL_SCORE (SC_SEQ,SC_NAME,SC_SCORE,SC_SBCODE,SC_STCODE) values (484,'양동인',72,'S0003',null);
Insert into TBL_SCORE (SC_SEQ,SC_NAME,SC_SCORE,SC_SBCODE,SC_STCODE) values (486,'필영후',92,'S0002',null);
Insert into TBL_SCORE (SC_SEQ,SC_NAME,SC_SCORE,SC_SBCODE,SC_STCODE) values (487,'진동혜',100,'S0003',null);
Insert into TBL_SCORE (SC_SEQ,SC_NAME,SC_SCORE,SC_SBCODE,SC_STCODE) values (489,'흥은성',96,'S0006',null);
Insert into TBL_SCORE (SC_SEQ,SC_NAME,SC_SCORE,SC_SBCODE,SC_STCODE) values (490,'제민기',64,'S0003',null);
Insert into TBL_SCORE (SC_SEQ,SC_NAME,SC_SCORE,SC_SBCODE,SC_STCODE) values (491,'삼윤후',51,'S0001',null);
Insert into TBL_SCORE (SC_SEQ,SC_NAME,SC_SCORE,SC_SBCODE,SC_STCODE) values (493,'초재현',80,'S0001',null);
Insert into TBL_SCORE (SC_SEQ,SC_NAME,SC_SCORE,SC_SBCODE,SC_STCODE) values (494,'은현준',81,'S0006',null);
Insert into TBL_SCORE (SC_SEQ,SC_NAME,SC_SCORE,SC_SBCODE,SC_STCODE) values (496,'성성율',98,'S0005',null);
Insert into TBL_SCORE (SC_SEQ,SC_NAME,SC_SCORE,SC_SBCODE,SC_STCODE) values (497,'변재호',60,'S0002',null);
Insert into TBL_SCORE (SC_SEQ,SC_NAME,SC_SCORE,SC_SBCODE,SC_STCODE) values (499,'변재호',56,'S0006',null);
Insert into TBL_SCORE (SC_SEQ,SC_NAME,SC_SCORE,SC_SBCODE,SC_STCODE) values (500,'심장호',58,'S0006',null);
Insert into TBL_SCORE (SC_SEQ,SC_NAME,SC_SCORE,SC_SBCODE,SC_STCODE) values (502,'엄은진',99,'S0001',null);
Insert into TBL_SCORE (SC_SEQ,SC_NAME,SC_SCORE,SC_SBCODE,SC_STCODE) values (503,'복준완',93,'S0002',null);
Insert into TBL_SCORE (SC_SEQ,SC_NAME,SC_SCORE,SC_SBCODE,SC_STCODE) values (505,'돈송혁',59,'S0005',null);
Insert into TBL_SCORE (SC_SEQ,SC_NAME,SC_SCORE,SC_SBCODE,SC_STCODE) values (506,'어민기',79,'S0006',null);
Insert into TBL_SCORE (SC_SEQ,SC_NAME,SC_SCORE,SC_SBCODE,SC_STCODE) values (508,'옥채훈',97,'S0004',null);
Insert into TBL_SCORE (SC_SEQ,SC_NAME,SC_SCORE,SC_SBCODE,SC_STCODE) values (509,'사성준',58,'S0005',null);
Insert into TBL_SCORE (SC_SEQ,SC_NAME,SC_SCORE,SC_SBCODE,SC_STCODE) values (510,'독고예준',98,'S0005',null);
Insert into TBL_SCORE (SC_SEQ,SC_NAME,SC_SCORE,SC_SBCODE,SC_STCODE) values (512,'진대윤',90,'S0005',null);
Insert into TBL_SCORE (SC_SEQ,SC_NAME,SC_SCORE,SC_SBCODE,SC_STCODE) values (513,'담원준',56,'S0003',null);
Insert into TBL_SCORE (SC_SEQ,SC_NAME,SC_SCORE,SC_SBCODE,SC_STCODE) values (515,'명윤일',95,'S0002',null);
Insert into TBL_SCORE (SC_SEQ,SC_NAME,SC_SCORE,SC_SBCODE,SC_STCODE) values (516,'담성민',82,'S0001',null);
Insert into TBL_SCORE (SC_SEQ,SC_NAME,SC_SCORE,SC_SBCODE,SC_STCODE) values (518,'심장호',82,'S0004',null);
Insert into TBL_SCORE (SC_SEQ,SC_NAME,SC_SCORE,SC_SBCODE,SC_STCODE) values (519,'배세준',96,'S0002',null);
Insert into TBL_SCORE (SC_SEQ,SC_NAME,SC_SCORE,SC_SBCODE,SC_STCODE) values (521,'돈송혁',95,'S0004',null);
Insert into TBL_SCORE (SC_SEQ,SC_NAME,SC_SCORE,SC_SBCODE,SC_STCODE) values (522,'유민국',82,'S0005',null);
Insert into TBL_SCORE (SC_SEQ,SC_NAME,SC_SCORE,SC_SBCODE,SC_STCODE) values (524,'진승우',75,'S0004',null);
Insert into TBL_SCORE (SC_SEQ,SC_NAME,SC_SCORE,SC_SBCODE,SC_STCODE) values (525,'초재현',83,'S0005',null);
Insert into TBL_SCORE (SC_SEQ,SC_NAME,SC_SCORE,SC_SBCODE,SC_STCODE) values (527,'두채훈',89,'S0001',null);
Insert into TBL_SCORE (SC_SEQ,SC_NAME,SC_SCORE,SC_SBCODE,SC_STCODE) values (528,'빈성희',75,'S0002',null);
Insert into TBL_SCORE (SC_SEQ,SC_NAME,SC_SCORE,SC_SBCODE,SC_STCODE) values (529,'소대권',76,'S0002',null);
Insert into TBL_SCORE (SC_SEQ,SC_NAME,SC_SCORE,SC_SBCODE,SC_STCODE) values (531,'박수혁',52,'S0003',null);
Insert into TBL_SCORE (SC_SEQ,SC_NAME,SC_SCORE,SC_SBCODE,SC_STCODE) values (532,'갈한수',91,'S0005',null);
Insert into TBL_SCORE (SC_SEQ,SC_NAME,SC_SCORE,SC_SBCODE,SC_STCODE) values (534,'제영후',62,'S0005',null);
Insert into TBL_SCORE (SC_SEQ,SC_NAME,SC_SCORE,SC_SBCODE,SC_STCODE) values (535,'원성빈',93,'S0005',null);
Insert into TBL_SCORE (SC_SEQ,SC_NAME,SC_SCORE,SC_SBCODE,SC_STCODE) values (537,'배채호',61,'S0003',null);
Insert into TBL_SCORE (SC_SEQ,SC_NAME,SC_SCORE,SC_SBCODE,SC_STCODE) values (538,'방윤후',66,'S0005',null);
Insert into TBL_SCORE (SC_SEQ,SC_NAME,SC_SCORE,SC_SBCODE,SC_STCODE) values (540,'신찬영',100,'S0005',null);
Insert into TBL_SCORE (SC_SEQ,SC_NAME,SC_SCORE,SC_SBCODE,SC_STCODE) values (541,'진승일',63,'S0005',null);
Insert into TBL_SCORE (SC_SEQ,SC_NAME,SC_SCORE,SC_SBCODE,SC_STCODE) values (543,'초재현',70,'S0002',null);
Insert into TBL_SCORE (SC_SEQ,SC_NAME,SC_SCORE,SC_SBCODE,SC_STCODE) values (544,'경시현',82,'S0006',null);
Insert into TBL_SCORE (SC_SEQ,SC_NAME,SC_SCORE,SC_SBCODE,SC_STCODE) values (546,'아동은',63,'S0005',null);
Insert into TBL_SCORE (SC_SEQ,SC_NAME,SC_SCORE,SC_SBCODE,SC_STCODE) values (547,'원성빈',54,'S0003',null);
Insert into TBL_SCORE (SC_SEQ,SC_NAME,SC_SCORE,SC_SBCODE,SC_STCODE) values (548,'기원호',95,'S0003',null);
Insert into TBL_SCORE (SC_SEQ,SC_NAME,SC_SCORE,SC_SBCODE,SC_STCODE) values (550,'판한수',76,'S0006',null);
Insert into TBL_SCORE (SC_SEQ,SC_NAME,SC_SCORE,SC_SBCODE,SC_STCODE) values (551,'삼윤후',52,'S0004',null);
Insert into TBL_SCORE (SC_SEQ,SC_NAME,SC_SCORE,SC_SBCODE,SC_STCODE) values (553,'야유신',55,'S0003',null);
Insert into TBL_SCORE (SC_SEQ,SC_NAME,SC_SCORE,SC_SBCODE,SC_STCODE) values (554,'진승일',54,'S0004',null);
Insert into TBL_SCORE (SC_SEQ,SC_NAME,SC_SCORE,SC_SBCODE,SC_STCODE) values (556,'황원혁',87,'S0003',null);
Insert into TBL_SCORE (SC_SEQ,SC_NAME,SC_SCORE,SC_SBCODE,SC_STCODE) values (557,'배채호',76,'S0001',null);
Insert into TBL_SCORE (SC_SEQ,SC_NAME,SC_SCORE,SC_SBCODE,SC_STCODE) values (559,'이윤진',50,'S0005',null);
Insert into TBL_SCORE (SC_SEQ,SC_NAME,SC_SCORE,SC_SBCODE,SC_STCODE) values (560,'사원호',95,'S0004',null);
Insert into TBL_SCORE (SC_SEQ,SC_NAME,SC_SCORE,SC_SBCODE,SC_STCODE) values (562,'두채훈',90,'S0004',null);
Insert into TBL_SCORE (SC_SEQ,SC_NAME,SC_SCORE,SC_SBCODE,SC_STCODE) values (563,'공동영',76,'S0003',null);
Insert into TBL_SCORE (SC_SEQ,SC_NAME,SC_SCORE,SC_SBCODE,SC_STCODE) values (565,'복준완',63,'S0003',null);
Insert into TBL_SCORE (SC_SEQ,SC_NAME,SC_SCORE,SC_SBCODE,SC_STCODE) values (566,'옥원준',88,'S0005',null);
Insert into TBL_SCORE (SC_SEQ,SC_NAME,SC_SCORE,SC_SBCODE,SC_STCODE) values (567,'아동은',96,'S0001',null);
Insert into TBL_SCORE (SC_SEQ,SC_NAME,SC_SCORE,SC_SBCODE,SC_STCODE) values (569,'제민기',82,'S0005',null);
Insert into TBL_SCORE (SC_SEQ,SC_NAME,SC_SCORE,SC_SBCODE,SC_STCODE) values (570,'초시민',83,'S0003',null);
Insert into TBL_SCORE (SC_SEQ,SC_NAME,SC_SCORE,SC_SBCODE,SC_STCODE) values (572,'춘찬영',96,'S0004',null);
Insert into TBL_SCORE (SC_SEQ,SC_NAME,SC_SCORE,SC_SBCODE,SC_STCODE) values (573,'강이찬',84,'S0001',null);
Insert into TBL_SCORE (SC_SEQ,SC_NAME,SC_SCORE,SC_SBCODE,SC_STCODE) values (575,'은채혁',69,'S0001',null);
Insert into TBL_SCORE (SC_SEQ,SC_NAME,SC_SCORE,SC_SBCODE,SC_STCODE) values (576,'소대권',87,'S0001',null);
Insert into TBL_SCORE (SC_SEQ,SC_NAME,SC_SCORE,SC_SBCODE,SC_STCODE) values (578,'풍동해',69,'S0006',null);
Insert into TBL_SCORE (SC_SEQ,SC_NAME,SC_SCORE,SC_SBCODE,SC_STCODE) values (579,'남동예',85,'S0001',null);
Insert into TBL_SCORE (SC_SEQ,SC_NAME,SC_SCORE,SC_SBCODE,SC_STCODE) values (581,'전동원',99,'S0001',null);
Insert into TBL_SCORE (SC_SEQ,SC_NAME,SC_SCORE,SC_SBCODE,SC_STCODE) values (582,'유성율',83,'S0001',null);
Insert into TBL_SCORE (SC_SEQ,SC_NAME,SC_SCORE,SC_SBCODE,SC_STCODE) values (584,'여민국',77,'S0003',null);
Insert into TBL_SCORE (SC_SEQ,SC_NAME,SC_SCORE,SC_SBCODE,SC_STCODE) values (585,'신찬영',78,'S0006',null);
Insert into TBL_SCORE (SC_SEQ,SC_NAME,SC_SCORE,SC_SBCODE,SC_STCODE) values (586,'피태영',81,'S0004',null);
Insert into TBL_SCORE (SC_SEQ,SC_NAME,SC_SCORE,SC_SBCODE,SC_STCODE) values (588,'춘인규',50,'S0006',null);
Insert into TBL_SCORE (SC_SEQ,SC_NAME,SC_SCORE,SC_SBCODE,SC_STCODE) values (589,'제갈동연',89,'S0001',null);
Insert into TBL_SCORE (SC_SEQ,SC_NAME,SC_SCORE,SC_SBCODE,SC_STCODE) values (591,'복준완',50,'S0006',null);
Insert into TBL_SCORE (SC_SEQ,SC_NAME,SC_SCORE,SC_SBCODE,SC_STCODE) values (592,'신찬영',58,'S0002',null);
Insert into TBL_SCORE (SC_SEQ,SC_NAME,SC_SCORE,SC_SBCODE,SC_STCODE) values (594,'제갈동연',79,'S0006',null);
Insert into TBL_SCORE (SC_SEQ,SC_NAME,SC_SCORE,SC_SBCODE,SC_STCODE) values (595,'석서훈',57,'S0004',null);
Insert into TBL_SCORE (SC_SEQ,SC_NAME,SC_SCORE,SC_SBCODE,SC_STCODE) values (597,'제동희',81,'S0003',null);
Insert into TBL_SCORE (SC_SEQ,SC_NAME,SC_SCORE,SC_SBCODE,SC_STCODE) values (598,'기대연',72,'S0001',null);
Insert into TBL_SCORE (SC_SEQ,SC_NAME,SC_SCORE,SC_SBCODE,SC_STCODE) values (600,'운윤태',86,'S0002',null);
Insert into TBL_SCORE (SC_SEQ,SC_NAME,SC_SCORE,SC_SBCODE,SC_STCODE) values (137,'이윤진',74,'S0003',null);
Insert into TBL_SCORE (SC_SEQ,SC_NAME,SC_SCORE,SC_SBCODE,SC_STCODE) values (140,'소윤수',72,'S0001',null);
Insert into TBL_SCORE (SC_SEQ,SC_NAME,SC_SCORE,SC_SBCODE,SC_STCODE) values (143,'전동원',90,'S0006',null);
Insert into TBL_SCORE (SC_SEQ,SC_NAME,SC_SCORE,SC_SBCODE,SC_STCODE) values (146,'은채혁',61,'S0003',null);
Insert into TBL_SCORE (SC_SEQ,SC_NAME,SC_SCORE,SC_SBCODE,SC_STCODE) values (149,'성성율',61,'S0001',null);
Insert into TBL_SCORE (SC_SEQ,SC_NAME,SC_SCORE,SC_SBCODE,SC_STCODE) values (152,'사성준',54,'S0002',null);
Insert into TBL_SCORE (SC_SEQ,SC_NAME,SC_SCORE,SC_SBCODE,SC_STCODE) values (156,'개원훈',85,'S0001',null);
Insert into TBL_SCORE (SC_SEQ,SC_NAME,SC_SCORE,SC_SBCODE,SC_STCODE) values (159,'옥원준',57,'S0003',null);
Insert into TBL_SCORE (SC_SEQ,SC_NAME,SC_SCORE,SC_SBCODE,SC_STCODE) values (162,'복준완',74,'S0005',null);
Insert into TBL_SCORE (SC_SEQ,SC_NAME,SC_SCORE,SC_SBCODE,SC_STCODE) values (165,'배세준',51,'S0001',null);
Insert into TBL_SCORE (SC_SEQ,SC_NAME,SC_SCORE,SC_SBCODE,SC_STCODE) values (168,'삼윤후',56,'S0005',null);
Insert into TBL_SCORE (SC_SEQ,SC_NAME,SC_SCORE,SC_SBCODE,SC_STCODE) values (171,'기대연',76,'S0005',null);
Insert into TBL_SCORE (SC_SEQ,SC_NAME,SC_SCORE,SC_SBCODE,SC_STCODE) values (175,'공동영',54,'S0006',null);
Insert into TBL_SCORE (SC_SEQ,SC_NAME,SC_SCORE,SC_SBCODE,SC_STCODE) values (178,'갈한수',67,'S0001',null);
Insert into TBL_SCORE (SC_SEQ,SC_NAME,SC_SCORE,SC_SBCODE,SC_STCODE) values (181,'소윤수',52,'S0005',null);
Insert into TBL_SCORE (SC_SEQ,SC_NAME,SC_SCORE,SC_SBCODE,SC_STCODE) values (184,'사원혁',74,'S0005',null);
Insert into TBL_SCORE (SC_SEQ,SC_NAME,SC_SCORE,SC_SBCODE,SC_STCODE) values (187,'진대원',54,'S0002',null);
Insert into TBL_SCORE (SC_SEQ,SC_NAME,SC_SCORE,SC_SBCODE,SC_STCODE) values (190,'담원준',77,'S0005',null);
Insert into TBL_SCORE (SC_SEQ,SC_NAME,SC_SCORE,SC_SBCODE,SC_STCODE) values (194,'담장호',74,'S0006',null);
Insert into TBL_SCORE (SC_SEQ,SC_NAME,SC_SCORE,SC_SBCODE,SC_STCODE) values (197,'두채훈',59,'S0006',null);
Insert into TBL_SCORE (SC_SEQ,SC_NAME,SC_SCORE,SC_SBCODE,SC_STCODE) values (200,'복준완',72,'S0001',null);
Insert into TBL_SCORE (SC_SEQ,SC_NAME,SC_SCORE,SC_SBCODE,SC_STCODE) values (203,'양동인',58,'S0001',null);
Insert into TBL_SCORE (SC_SEQ,SC_NAME,SC_SCORE,SC_SBCODE,SC_STCODE) values (206,'진승환',63,'S0001',null);
Insert into TBL_SCORE (SC_SEQ,SC_NAME,SC_SCORE,SC_SBCODE,SC_STCODE) values (209,'소대권',63,'S0006',null);
Insert into TBL_SCORE (SC_SEQ,SC_NAME,SC_SCORE,SC_SBCODE,SC_STCODE) values (212,'옹효성',66,'S0004',null);
Insert into TBL_SCORE (SC_SEQ,SC_NAME,SC_SCORE,SC_SBCODE,SC_STCODE) values (216,'여동은',95,'S0006',null);
Insert into TBL_SCORE (SC_SEQ,SC_NAME,SC_SCORE,SC_SBCODE,SC_STCODE) values (219,'순대영',80,'S0002',null);
Insert into TBL_SCORE (SC_SEQ,SC_NAME,SC_SCORE,SC_SBCODE,SC_STCODE) values (222,'필영후',79,'S0001',null);
Insert into TBL_SCORE (SC_SEQ,SC_NAME,SC_SCORE,SC_SBCODE,SC_STCODE) values (225,'제유상',82,'S0006',null);
Insert into TBL_SCORE (SC_SEQ,SC_NAME,SC_SCORE,SC_SBCODE,SC_STCODE) values (228,'갈한수',100,'S0002',null);
Insert into TBL_SCORE (SC_SEQ,SC_NAME,SC_SCORE,SC_SBCODE,SC_STCODE) values (231,'이윤진',58,'S0001',null);
Insert into TBL_SCORE (SC_SEQ,SC_NAME,SC_SCORE,SC_SBCODE,SC_STCODE) values (235,'연연재',68,'S0006',null);
Insert into TBL_SCORE (SC_SEQ,SC_NAME,SC_SCORE,SC_SBCODE,SC_STCODE) values (238,'나한율',91,'S0001',null);
Insert into TBL_SCORE (SC_SEQ,SC_NAME,SC_SCORE,SC_SBCODE,SC_STCODE) values (241,'진대윤',68,'S0001',null);
Insert into TBL_SCORE (SC_SEQ,SC_NAME,SC_SCORE,SC_SBCODE,SC_STCODE) values (244,'초원혁',86,'S0002',null);
Insert into TBL_SCORE (SC_SEQ,SC_NAME,SC_SCORE,SC_SBCODE,SC_STCODE) values (247,'제동희',51,'S0004',null);
Insert into TBL_SCORE (SC_SEQ,SC_NAME,SC_SCORE,SC_SBCODE,SC_STCODE) values (250,'모재원',65,'S0004',null);
Insert into TBL_SCORE (SC_SEQ,SC_NAME,SC_SCORE,SC_SBCODE,SC_STCODE) values (254,'진동혜',54,'S0006',null);
Insert into TBL_SCORE (SC_SEQ,SC_NAME,SC_SCORE,SC_SBCODE,SC_STCODE) values (257,'신찬영',52,'S0003',null);
Insert into TBL_SCORE (SC_SEQ,SC_NAME,SC_SCORE,SC_SBCODE,SC_STCODE) values (260,'양동인',83,'S0005',null);
Insert into TBL_SCORE (SC_SEQ,SC_NAME,SC_SCORE,SC_SBCODE,SC_STCODE) values (263,'지승현',66,'S0003',null);
Insert into TBL_SCORE (SC_SEQ,SC_NAME,SC_SCORE,SC_SBCODE,SC_STCODE) values (266,'진대윤',58,'S0004',null);
Insert into TBL_SCORE (SC_SEQ,SC_NAME,SC_SCORE,SC_SBCODE,SC_STCODE) values (269,'춘인규',70,'S0004',null);
Insert into TBL_SCORE (SC_SEQ,SC_NAME,SC_SCORE,SC_SBCODE,SC_STCODE) values (273,'삼윤후',53,'S0003',null);
Insert into TBL_SCORE (SC_SEQ,SC_NAME,SC_SCORE,SC_SBCODE,SC_STCODE) values (276,'엄은진',63,'S0004',null);
Insert into TBL_SCORE (SC_SEQ,SC_NAME,SC_SCORE,SC_SBCODE,SC_STCODE) values (279,'엄은진',86,'S0002',null);
Insert into TBL_SCORE (SC_SEQ,SC_NAME,SC_SCORE,SC_SBCODE,SC_STCODE) values (282,'평윤섭',84,'S0004',null);
Insert into TBL_SCORE (SC_SEQ,SC_NAME,SC_SCORE,SC_SBCODE,SC_STCODE) values (285,'공동영',52,'S0005',null);
Insert into TBL_SCORE (SC_SEQ,SC_NAME,SC_SCORE,SC_SBCODE,SC_STCODE) values (288,'여민국',90,'S0005',null);
Insert into TBL_SCORE (SC_SEQ,SC_NAME,SC_SCORE,SC_SBCODE,SC_STCODE) values (292,'연연재',77,'S0002',null);
Insert into TBL_SCORE (SC_SEQ,SC_NAME,SC_SCORE,SC_SBCODE,SC_STCODE) values (295,'사원호',73,'S0002',null);
Insert into TBL_SCORE (SC_SEQ,SC_NAME,SC_SCORE,SC_SBCODE,SC_STCODE) values (298,'해송혁',76,'S0006',null);
Insert into TBL_SCORE (SC_SEQ,SC_NAME,SC_SCORE,SC_SBCODE,SC_STCODE) values (301,'옥채훈',66,'S0002',null);
Insert into TBL_SCORE (SC_SEQ,SC_NAME,SC_SCORE,SC_SBCODE,SC_STCODE) values (304,'복재민',100,'S0004',null);
Insert into TBL_SCORE (SC_SEQ,SC_NAME,SC_SCORE,SC_SBCODE,SC_STCODE) values (444,'어민기',85,'S0002',null);
Insert into TBL_SCORE (SC_SEQ,SC_NAME,SC_SCORE,SC_SBCODE,SC_STCODE) values (447,'순대영',92,'S0004',null);
Insert into TBL_SCORE (SC_SEQ,SC_NAME,SC_SCORE,SC_SBCODE,SC_STCODE) values (450,'복재민',77,'S0001',null);
Insert into TBL_SCORE (SC_SEQ,SC_NAME,SC_SCORE,SC_SBCODE,SC_STCODE) values (454,'해송혁',76,'S0004',null);
Insert into TBL_SCORE (SC_SEQ,SC_NAME,SC_SCORE,SC_SBCODE,SC_STCODE) values (457,'제민기',58,'S0004',null);
Insert into TBL_SCORE (SC_SEQ,SC_NAME,SC_SCORE,SC_SBCODE,SC_STCODE) values (460,'삼찬후',54,'S0004',null);
Insert into TBL_SCORE (SC_SEQ,SC_NAME,SC_SCORE,SC_SBCODE,SC_STCODE) values (463,'제동희',71,'S0001',null);
Insert into TBL_SCORE (SC_SEQ,SC_NAME,SC_SCORE,SC_SBCODE,SC_STCODE) values (466,'사성준',86,'S0001',null);
Insert into TBL_SCORE (SC_SEQ,SC_NAME,SC_SCORE,SC_SBCODE,SC_STCODE) values (469,'사원혁',73,'S0002',null);
Insert into TBL_SCORE (SC_SEQ,SC_NAME,SC_SCORE,SC_SBCODE,SC_STCODE) values (473,'필영후',91,'S0006',null);
Insert into TBL_SCORE (SC_SEQ,SC_NAME,SC_SCORE,SC_SBCODE,SC_STCODE) values (476,'갈한수',70,'S0006',null);
Insert into TBL_SCORE (SC_SEQ,SC_NAME,SC_SCORE,SC_SBCODE,SC_STCODE) values (479,'제민기',74,'S0006',null);
Insert into TBL_SCORE (SC_SEQ,SC_NAME,SC_SCORE,SC_SBCODE,SC_STCODE) values (482,'원성빈',51,'S0002',null);
Insert into TBL_SCORE (SC_SEQ,SC_NAME,SC_SCORE,SC_SBCODE,SC_STCODE) values (485,'유준호',59,'S0004',null);
Insert into TBL_SCORE (SC_SEQ,SC_NAME,SC_SCORE,SC_SBCODE,SC_STCODE) values (488,'방채호',90,'S0004',null);
Insert into TBL_SCORE (SC_SEQ,SC_NAME,SC_SCORE,SC_SBCODE,SC_STCODE) values (492,'두동환',91,'S0005',null);
Insert into TBL_SCORE (SC_SEQ,SC_NAME,SC_SCORE,SC_SBCODE,SC_STCODE) values (495,'유성율',96,'S0002',null);
Insert into TBL_SCORE (SC_SEQ,SC_NAME,SC_SCORE,SC_SBCODE,SC_STCODE) values (498,'내세원',63,'S0004',null);
Insert into TBL_SCORE (SC_SEQ,SC_NAME,SC_SCORE,SC_SBCODE,SC_STCODE) values (501,'변재호',83,'S0005',null);
Insert into TBL_SCORE (SC_SEQ,SC_NAME,SC_SCORE,SC_SBCODE,SC_STCODE) values (504,'순대영',99,'S0003',null);
Insert into TBL_SCORE (SC_SEQ,SC_NAME,SC_SCORE,SC_SBCODE,SC_STCODE) values (507,'유민국',55,'S0001',null);
Insert into TBL_SCORE (SC_SEQ,SC_NAME,SC_SCORE,SC_SBCODE,SC_STCODE) values (511,'두동환',73,'S0002',null);
Insert into TBL_SCORE (SC_SEQ,SC_NAME,SC_SCORE,SC_SBCODE,SC_STCODE) values (514,'최장현',72,'S0001',null);
Insert into TBL_SCORE (SC_SEQ,SC_NAME,SC_SCORE,SC_SBCODE,SC_STCODE) values (517,'내세원',95,'S0006',null);
Insert into TBL_SCORE (SC_SEQ,SC_NAME,SC_SCORE,SC_SBCODE,SC_STCODE) values (520,'제유상',58,'S0001',null);
Insert into TBL_SCORE (SC_SEQ,SC_NAME,SC_SCORE,SC_SBCODE,SC_STCODE) values (523,'원성빈',52,'S0006',null);
Insert into TBL_SCORE (SC_SEQ,SC_NAME,SC_SCORE,SC_SBCODE,SC_STCODE) values (526,'풍동해',65,'S0004',null);
Insert into TBL_SCORE (SC_SEQ,SC_NAME,SC_SCORE,SC_SBCODE,SC_STCODE) values (530,'경시현',74,'S0003',null);
Insert into TBL_SCORE (SC_SEQ,SC_NAME,SC_SCORE,SC_SBCODE,SC_STCODE) values (533,'전동원',75,'S0003',null);
Insert into TBL_SCORE (SC_SEQ,SC_NAME,SC_SCORE,SC_SBCODE,SC_STCODE) values (536,'기원호',79,'S0002',null);
Insert into TBL_SCORE (SC_SEQ,SC_NAME,SC_SCORE,SC_SBCODE,SC_STCODE) values (539,'사원호',87,'S0006',null);
Insert into TBL_SCORE (SC_SEQ,SC_NAME,SC_SCORE,SC_SBCODE,SC_STCODE) values (542,'공동영',74,'S0001',null);
Insert into TBL_SCORE (SC_SEQ,SC_NAME,SC_SCORE,SC_SBCODE,SC_STCODE) values (545,'제민기',52,'S0002',null);
Insert into TBL_SCORE (SC_SEQ,SC_NAME,SC_SCORE,SC_SBCODE,SC_STCODE) values (549,'진승일',61,'S0002',null);
Insert into TBL_SCORE (SC_SEQ,SC_NAME,SC_SCORE,SC_SBCODE,SC_STCODE) values (552,'기대연',54,'S0004',null);
Insert into TBL_SCORE (SC_SEQ,SC_NAME,SC_SCORE,SC_SBCODE,SC_STCODE) values (555,'운윤태',100,'S0005',null);
Insert into TBL_SCORE (SC_SEQ,SC_NAME,SC_SCORE,SC_SBCODE,SC_STCODE) values (558,'석서훈',97,'S0006',null);
Insert into TBL_SCORE (SC_SEQ,SC_NAME,SC_SCORE,SC_SBCODE,SC_STCODE) values (561,'여동은',70,'S0003',null);
Insert into TBL_SCORE (SC_SEQ,SC_NAME,SC_SCORE,SC_SBCODE,SC_STCODE) values (564,'초시민',78,'S0006',null);
Insert into TBL_SCORE (SC_SEQ,SC_NAME,SC_SCORE,SC_SBCODE,SC_STCODE) values (568,'진승우',53,'S0006',null);
Insert into TBL_SCORE (SC_SEQ,SC_NAME,SC_SCORE,SC_SBCODE,SC_STCODE) values (571,'흥은성',82,'S0005',null);
Insert into TBL_SCORE (SC_SEQ,SC_NAME,SC_SCORE,SC_SBCODE,SC_STCODE) values (574,'진승환',98,'S0005',null);
Insert into TBL_SCORE (SC_SEQ,SC_NAME,SC_SCORE,SC_SBCODE,SC_STCODE) values (577,'돈송혁',84,'S0001',null);
Insert into TBL_SCORE (SC_SEQ,SC_NAME,SC_SCORE,SC_SBCODE,SC_STCODE) values (580,'춘인규',57,'S0003',null);
Insert into TBL_SCORE (SC_SEQ,SC_NAME,SC_SCORE,SC_SBCODE,SC_STCODE) values (583,'방윤후',64,'S0002',null);
Insert into TBL_SCORE (SC_SEQ,SC_NAME,SC_SCORE,SC_SBCODE,SC_STCODE) values (587,'지승현',95,'S0002',null);
Insert into TBL_SCORE (SC_SEQ,SC_NAME,SC_SCORE,SC_SBCODE,SC_STCODE) values (590,'초원혁',95,'S0001',null);
Insert into TBL_SCORE (SC_SEQ,SC_NAME,SC_SCORE,SC_SBCODE,SC_STCODE) values (593,'양은성',89,'S0002',null);
Insert into TBL_SCORE (SC_SEQ,SC_NAME,SC_SCORE,SC_SBCODE,SC_STCODE) values (596,'제민기',61,'S0001',null);
Insert into TBL_SCORE (SC_SEQ,SC_NAME,SC_SCORE,SC_SBCODE,SC_STCODE) values (599,'함민서',62,'S0004',null);
REM INSERTING into TBL_STUDENT
SET DEFINE OFF;
Insert into TBL_STUDENT (ST_CODE,ST_NAME,ST_TEL,ST_ADDR,ST_GRADE,ST_DCODE) values ('T0001','옹효성','010-3214-2738',null,3,'D0006');
Insert into TBL_STUDENT (ST_CODE,ST_NAME,ST_TEL,ST_ADDR,ST_GRADE,ST_DCODE) values ('T0002','개원훈','010-9320-4943',null,2,'D0003');
Insert into TBL_STUDENT (ST_CODE,ST_NAME,ST_TEL,ST_ADDR,ST_GRADE,ST_DCODE) values ('T0003','은채혁','010-4316-5491',null,4,'D0001');
Insert into TBL_STUDENT (ST_CODE,ST_NAME,ST_TEL,ST_ADDR,ST_GRADE,ST_DCODE) values ('T0004','전동원','010-1988-5523',null,3,'D0001');
Insert into TBL_STUDENT (ST_CODE,ST_NAME,ST_TEL,ST_ADDR,ST_GRADE,ST_DCODE) values ('T0005','삼윤후','010-3526-1374',null,1,'D0003');
Insert into TBL_STUDENT (ST_CODE,ST_NAME,ST_TEL,ST_ADDR,ST_GRADE,ST_DCODE) values ('T0006','낭시우','010-5032-6109',null,3,'D0003');
Insert into TBL_STUDENT (ST_CODE,ST_NAME,ST_TEL,ST_ADDR,ST_GRADE,ST_DCODE) values ('T0007','사원호','010-3701-7255',null,4,'D0001');
Insert into TBL_STUDENT (ST_CODE,ST_NAME,ST_TEL,ST_ADDR,ST_GRADE,ST_DCODE) values ('T0008','방채호','010-4731-5241',null,1,'D0006');
Insert into TBL_STUDENT (ST_CODE,ST_NAME,ST_TEL,ST_ADDR,ST_GRADE,ST_DCODE) values ('T0009','제동희','010-8377-2128',null,3,'D0001');
Insert into TBL_STUDENT (ST_CODE,ST_NAME,ST_TEL,ST_ADDR,ST_GRADE,ST_DCODE) values ('T0010','여민국','010-6543-2378',null,3,'D0001');
Insert into TBL_STUDENT (ST_CODE,ST_NAME,ST_TEL,ST_ADDR,ST_GRADE,ST_DCODE) values ('T0011','순대영','010-9992-7661',null,1,'D0005');
Insert into TBL_STUDENT (ST_CODE,ST_NAME,ST_TEL,ST_ADDR,ST_GRADE,ST_DCODE) values ('T0012','돈재현','010-6572-2164',null,1,'D0004');
Insert into TBL_STUDENT (ST_CODE,ST_NAME,ST_TEL,ST_ADDR,ST_GRADE,ST_DCODE) values ('T0013','두채훈','010-8119-6673',null,2,'D0006');
Insert into TBL_STUDENT (ST_CODE,ST_NAME,ST_TEL,ST_ADDR,ST_GRADE,ST_DCODE) values ('T0014','초재현','010-7029-3849',null,4,'D0006');
Insert into TBL_STUDENT (ST_CODE,ST_NAME,ST_TEL,ST_ADDR,ST_GRADE,ST_DCODE) values ('T0015','담성민','010-5482-9115',null,2,'D0002');
Insert into TBL_STUDENT (ST_CODE,ST_NAME,ST_TEL,ST_ADDR,ST_GRADE,ST_DCODE) values ('T0016','명윤일','010-5182-8930',null,1,'D0001');
Insert into TBL_STUDENT (ST_CODE,ST_NAME,ST_TEL,ST_ADDR,ST_GRADE,ST_DCODE) values ('T0017','해송혁','010-5034-5147',null,2,'D0002');
Insert into TBL_STUDENT (ST_CODE,ST_NAME,ST_TEL,ST_ADDR,ST_GRADE,ST_DCODE) values ('T0018','강이찬','010-9532-4135',null,1,'D0005');
Insert into TBL_STUDENT (ST_CODE,ST_NAME,ST_TEL,ST_ADDR,ST_GRADE,ST_DCODE) values ('T0019','진동혜','010-7238-7656',null,2,'D0004');
Insert into TBL_STUDENT (ST_CODE,ST_NAME,ST_TEL,ST_ADDR,ST_GRADE,ST_DCODE) values ('T0020','유성율','010-3926-6143',null,2,'D0004');
Insert into TBL_STUDENT (ST_CODE,ST_NAME,ST_TEL,ST_ADDR,ST_GRADE,ST_DCODE) values ('T0021','두동환','010-4223-6879',null,1,'D0003');
Insert into TBL_STUDENT (ST_CODE,ST_NAME,ST_TEL,ST_ADDR,ST_GRADE,ST_DCODE) values ('T0022','허시후','010-9991-5124',null,4,'D0001');
Insert into TBL_STUDENT (ST_CODE,ST_NAME,ST_TEL,ST_ADDR,ST_GRADE,ST_DCODE) values ('T0023','점재민','010-6471-2876',null,2,'D0006');
Insert into TBL_STUDENT (ST_CODE,ST_NAME,ST_TEL,ST_ADDR,ST_GRADE,ST_DCODE) values ('T0024','배세준','010-1607-1122',null,1,'D0002');
Insert into TBL_STUDENT (ST_CODE,ST_NAME,ST_TEL,ST_ADDR,ST_GRADE,ST_DCODE) values ('T0025','진승일','010-9683-9350',null,3,'D0001');
Insert into TBL_STUDENT (ST_CODE,ST_NAME,ST_TEL,ST_ADDR,ST_GRADE,ST_DCODE) values ('T0026','이윤진','010-7854-3684',null,1,'D0004');
Insert into TBL_STUDENT (ST_CODE,ST_NAME,ST_TEL,ST_ADDR,ST_GRADE,ST_DCODE) values ('T0027','비현호','010-5571-6850',null,2,'D0004');
Insert into TBL_STUDENT (ST_CODE,ST_NAME,ST_TEL,ST_ADDR,ST_GRADE,ST_DCODE) values ('T0028','하재찬','010-1683-4059',null,3,'D0001');
Insert into TBL_STUDENT (ST_CODE,ST_NAME,ST_TEL,ST_ADDR,ST_GRADE,ST_DCODE) values ('T0029','야유신','010-6767-4124',null,4,'D0006');
Insert into TBL_STUDENT (ST_CODE,ST_NAME,ST_TEL,ST_ADDR,ST_GRADE,ST_DCODE) values ('T0030','춘대권','010-4855-1357',null,2,'D0003');
Insert into TBL_STUDENT (ST_CODE,ST_NAME,ST_TEL,ST_ADDR,ST_GRADE,ST_DCODE) values ('T0031','공동영','010-1383-4633',null,3,'D0005');
Insert into TBL_STUDENT (ST_CODE,ST_NAME,ST_TEL,ST_ADDR,ST_GRADE,ST_DCODE) values ('T0032','흥동현','010-5036-1737',null,3,'D0001');
Insert into TBL_STUDENT (ST_CODE,ST_NAME,ST_TEL,ST_ADDR,ST_GRADE,ST_DCODE) values ('T0033','어민기','010-8604-5133',null,2,'D0006');
Insert into TBL_STUDENT (ST_CODE,ST_NAME,ST_TEL,ST_ADDR,ST_GRADE,ST_DCODE) values ('T0034','변재호','010-4571-7455',null,1,'D0003');
Insert into TBL_STUDENT (ST_CODE,ST_NAME,ST_TEL,ST_ADDR,ST_GRADE,ST_DCODE) values ('T0035','복준완','010-3399-3693',null,2,'D0004');
Insert into TBL_STUDENT (ST_CODE,ST_NAME,ST_TEL,ST_ADDR,ST_GRADE,ST_DCODE) values ('T0036','엄은진','010-6149-9996',null,2,'D0004');
Insert into TBL_STUDENT (ST_CODE,ST_NAME,ST_TEL,ST_ADDR,ST_GRADE,ST_DCODE) values ('T0037','진승환','010-6524-5512',null,3,'D0003');
Insert into TBL_STUDENT (ST_CODE,ST_NAME,ST_TEL,ST_ADDR,ST_GRADE,ST_DCODE) values ('T0038','사원혁','010-6633-8038',null,4,'D0006');
Insert into TBL_STUDENT (ST_CODE,ST_NAME,ST_TEL,ST_ADDR,ST_GRADE,ST_DCODE) values ('T0039','진대윤','010-2632-1075',null,1,'D0003');
Insert into TBL_STUDENT (ST_CODE,ST_NAME,ST_TEL,ST_ADDR,ST_GRADE,ST_DCODE) values ('T0040','빈성희','010-5105-2130',null,4,'D0004');
Insert into TBL_STUDENT (ST_CODE,ST_NAME,ST_TEL,ST_ADDR,ST_GRADE,ST_DCODE) values ('T0041','필영후','010-9337-2010',null,2,'D0004');
Insert into TBL_STUDENT (ST_CODE,ST_NAME,ST_TEL,ST_ADDR,ST_GRADE,ST_DCODE) values ('T0042','담장호','010-5657-6859',null,3,'D0004');
Insert into TBL_STUDENT (ST_CODE,ST_NAME,ST_TEL,ST_ADDR,ST_GRADE,ST_DCODE) values ('T0043','삼찬후','010-7041-7466',null,4,'D0003');
Insert into TBL_STUDENT (ST_CODE,ST_NAME,ST_TEL,ST_ADDR,ST_GRADE,ST_DCODE) values ('T0044','지승현','010-6707-3634',null,3,'D0005');
Insert into TBL_STUDENT (ST_CODE,ST_NAME,ST_TEL,ST_ADDR,ST_GRADE,ST_DCODE) values ('T0045','옥원준','010-3064-6721',null,3,'D0003');
Insert into TBL_STUDENT (ST_CODE,ST_NAME,ST_TEL,ST_ADDR,ST_GRADE,ST_DCODE) values ('T0046','제민기','010-7787-6429',null,1,'D0005');
Insert into TBL_STUDENT (ST_CODE,ST_NAME,ST_TEL,ST_ADDR,ST_GRADE,ST_DCODE) values ('T0047','방윤후','010-4975-5266',null,2,'D0001');
Insert into TBL_STUDENT (ST_CODE,ST_NAME,ST_TEL,ST_ADDR,ST_GRADE,ST_DCODE) values ('T0048','판한수','010-6603-6438',null,4,'D0003');
Insert into TBL_STUDENT (ST_CODE,ST_NAME,ST_TEL,ST_ADDR,ST_GRADE,ST_DCODE) values ('T0049','여동은','010-7355-2194',null,2,'D0001');
Insert into TBL_STUDENT (ST_CODE,ST_NAME,ST_TEL,ST_ADDR,ST_GRADE,ST_DCODE) values ('T0050','석서훈','010-7709-9472',null,4,'D0001');
Insert into TBL_STUDENT (ST_CODE,ST_NAME,ST_TEL,ST_ADDR,ST_GRADE,ST_DCODE) values ('T0051','진승우','010-5792-8424',null,2,'D0005');
Insert into TBL_STUDENT (ST_CODE,ST_NAME,ST_TEL,ST_ADDR,ST_GRADE,ST_DCODE) values ('T0052','함민서','010-6615-8022',null,4,'D0003');
Insert into TBL_STUDENT (ST_CODE,ST_NAME,ST_TEL,ST_ADDR,ST_GRADE,ST_DCODE) values ('T0053','초원혁','010-3997-2007',null,4,'D0004');
Insert into TBL_STUDENT (ST_CODE,ST_NAME,ST_TEL,ST_ADDR,ST_GRADE,ST_DCODE) values ('T0054','소윤수','010-3806-1200',null,1,'D0001');
Insert into TBL_STUDENT (ST_CODE,ST_NAME,ST_TEL,ST_ADDR,ST_GRADE,ST_DCODE) values ('T0055','박수혁','010-3897-3648',null,4,'D0002');
Insert into TBL_STUDENT (ST_CODE,ST_NAME,ST_TEL,ST_ADDR,ST_GRADE,ST_DCODE) values ('T0056','춘찬영','010-3055-6942',null,3,'D0003');
Insert into TBL_STUDENT (ST_CODE,ST_NAME,ST_TEL,ST_ADDR,ST_GRADE,ST_DCODE) values ('T0057','은현준','010-7500-1509',null,3,'D0003');
Insert into TBL_STUDENT (ST_CODE,ST_NAME,ST_TEL,ST_ADDR,ST_GRADE,ST_DCODE) values ('T0058','배채호','010-7375-1745',null,2,'D0002');
Insert into TBL_STUDENT (ST_CODE,ST_NAME,ST_TEL,ST_ADDR,ST_GRADE,ST_DCODE) values ('T0059','나한율','010-5781-9246',null,1,'D0006');
Insert into TBL_STUDENT (ST_CODE,ST_NAME,ST_TEL,ST_ADDR,ST_GRADE,ST_DCODE) values ('T0060','경시현','010-8424-3240',null,3,'D0003');
Insert into TBL_STUDENT (ST_CODE,ST_NAME,ST_TEL,ST_ADDR,ST_GRADE,ST_DCODE) values ('T0061','아동은','010-8191-5506',null,2,'D0004');
Insert into TBL_STUDENT (ST_CODE,ST_NAME,ST_TEL,ST_ADDR,ST_GRADE,ST_DCODE) values ('T0062','기원호','010-4660-8884',null,1,'D0003');
Insert into TBL_STUDENT (ST_CODE,ST_NAME,ST_TEL,ST_ADDR,ST_GRADE,ST_DCODE) values ('T0063','단수혁','010-3482-2958',null,3,'D0002');
Insert into TBL_STUDENT (ST_CODE,ST_NAME,ST_TEL,ST_ADDR,ST_GRADE,ST_DCODE) values ('T0064','춘인규','010-3108-8716',null,1,'D0005');
Insert into TBL_STUDENT (ST_CODE,ST_NAME,ST_TEL,ST_ADDR,ST_GRADE,ST_DCODE) values ('T0065','문은진','010-3158-5514',null,1,'D0004');
Insert into TBL_STUDENT (ST_CODE,ST_NAME,ST_TEL,ST_ADDR,ST_GRADE,ST_DCODE) values ('T0066','운윤태','010-5164-9019',null,2,'D0003');
Insert into TBL_STUDENT (ST_CODE,ST_NAME,ST_TEL,ST_ADDR,ST_GRADE,ST_DCODE) values ('T0067','원성빈','010-8055-3685',null,2,'D0002');
Insert into TBL_STUDENT (ST_CODE,ST_NAME,ST_TEL,ST_ADDR,ST_GRADE,ST_DCODE) values ('T0068','모재원','010-9104-8270',null,4,'D0003');
Insert into TBL_STUDENT (ST_CODE,ST_NAME,ST_TEL,ST_ADDR,ST_GRADE,ST_DCODE) values ('T0069','독고예준','010-9505-5844',null,4,'D0003');
Insert into TBL_STUDENT (ST_CODE,ST_NAME,ST_TEL,ST_ADDR,ST_GRADE,ST_DCODE) values ('T0070','유준호','010-5418-8115',null,3,'D0003');
Insert into TBL_STUDENT (ST_CODE,ST_NAME,ST_TEL,ST_ADDR,ST_GRADE,ST_DCODE) values ('T0071','유민국','010-3622-4475',null,2,'D0003');
Insert into TBL_STUDENT (ST_CODE,ST_NAME,ST_TEL,ST_ADDR,ST_GRADE,ST_DCODE) values ('T0072','갈한수','010-3821-7484',null,2,'D0003');
Insert into TBL_STUDENT (ST_CODE,ST_NAME,ST_TEL,ST_ADDR,ST_GRADE,ST_DCODE) values ('T0073','기은성','010-3986-1633',null,4,'D0005');
Insert into TBL_STUDENT (ST_CODE,ST_NAME,ST_TEL,ST_ADDR,ST_GRADE,ST_DCODE) values ('T0074','연연재','010-6682-4383',null,3,'D0001');
Insert into TBL_STUDENT (ST_CODE,ST_NAME,ST_TEL,ST_ADDR,ST_GRADE,ST_DCODE) values ('T0075','최장현','010-4682-4017',null,4,'D0001');
Insert into TBL_STUDENT (ST_CODE,ST_NAME,ST_TEL,ST_ADDR,ST_GRADE,ST_DCODE) values ('T0076','뇌성수','010-8863-3781',null,3,'D0003');
Insert into TBL_STUDENT (ST_CODE,ST_NAME,ST_TEL,ST_ADDR,ST_GRADE,ST_DCODE) values ('T0077','기대연','010-9766-7056',null,1,'D0001');
Insert into TBL_STUDENT (ST_CODE,ST_NAME,ST_TEL,ST_ADDR,ST_GRADE,ST_DCODE) values ('T0078','남동예','010-8191-9391',null,4,'D0006');
Insert into TBL_STUDENT (ST_CODE,ST_NAME,ST_TEL,ST_ADDR,ST_GRADE,ST_DCODE) values ('T0079','성성율','010-1431-7690',null,3,'D0003');
Insert into TBL_STUDENT (ST_CODE,ST_NAME,ST_TEL,ST_ADDR,ST_GRADE,ST_DCODE) values ('T0080','황원혁','010-2782-6561',null,4,'D0002');
Insert into TBL_STUDENT (ST_CODE,ST_NAME,ST_TEL,ST_ADDR,ST_GRADE,ST_DCODE) values ('T0081','내세원','010-9902-5481',null,4,'D0002');
Insert into TBL_STUDENT (ST_CODE,ST_NAME,ST_TEL,ST_ADDR,ST_GRADE,ST_DCODE) values ('T0082','제갈동연','010-2474-8414',null,1,'D0002');
Insert into TBL_STUDENT (ST_CODE,ST_NAME,ST_TEL,ST_ADDR,ST_GRADE,ST_DCODE) values ('T0083','양은성','010-9489-6493',null,2,'D0004');
Insert into TBL_STUDENT (ST_CODE,ST_NAME,ST_TEL,ST_ADDR,ST_GRADE,ST_DCODE) values ('T0084','제영후','010-7016-9266',null,1,'D0003');
Insert into TBL_STUDENT (ST_CODE,ST_NAME,ST_TEL,ST_ADDR,ST_GRADE,ST_DCODE) values ('T0085','초시민','010-8671-6989',null,3,'D0002');
Insert into TBL_STUDENT (ST_CODE,ST_NAME,ST_TEL,ST_ADDR,ST_GRADE,ST_DCODE) values ('T0086','사성준','010-1307-7594',null,4,'D0006');
Insert into TBL_STUDENT (ST_CODE,ST_NAME,ST_TEL,ST_ADDR,ST_GRADE,ST_DCODE) values ('T0087','평윤섭','010-1319-2698',null,4,'D0002');
Insert into TBL_STUDENT (ST_CODE,ST_NAME,ST_TEL,ST_ADDR,ST_GRADE,ST_DCODE) values ('T0088','소대권','010-5981-8474',null,1,'D0004');
Insert into TBL_STUDENT (ST_CODE,ST_NAME,ST_TEL,ST_ADDR,ST_GRADE,ST_DCODE) values ('T0089','피태영','010-6037-3343',null,3,'D0004');
Insert into TBL_STUDENT (ST_CODE,ST_NAME,ST_TEL,ST_ADDR,ST_GRADE,ST_DCODE) values ('T0090','신찬영','010-2873-6034',null,3,'D0006');
Insert into TBL_STUDENT (ST_CODE,ST_NAME,ST_TEL,ST_ADDR,ST_GRADE,ST_DCODE) values ('T0091','옥채훈','010-6747-8188',null,3,'D0006');
Insert into TBL_STUDENT (ST_CODE,ST_NAME,ST_TEL,ST_ADDR,ST_GRADE,ST_DCODE) values ('T0092','복재민','010-1754-4118',null,2,'D0001');
Insert into TBL_STUDENT (ST_CODE,ST_NAME,ST_TEL,ST_ADDR,ST_GRADE,ST_DCODE) values ('T0093','돈송혁','010-3819-1620',null,4,'D0003');
Insert into TBL_STUDENT (ST_CODE,ST_NAME,ST_TEL,ST_ADDR,ST_GRADE,ST_DCODE) values ('T0094','진대원','010-7012-9072',null,1,'D0003');
Insert into TBL_STUDENT (ST_CODE,ST_NAME,ST_TEL,ST_ADDR,ST_GRADE,ST_DCODE) values ('T0095','풍동해','010-7568-7352',null,2,'D0002');
Insert into TBL_STUDENT (ST_CODE,ST_NAME,ST_TEL,ST_ADDR,ST_GRADE,ST_DCODE) values ('T0096','담원준','010-9842-2310',null,1,'D0005');
Insert into TBL_STUDENT (ST_CODE,ST_NAME,ST_TEL,ST_ADDR,ST_GRADE,ST_DCODE) values ('T0097','제유상','010-7917-2754',null,3,'D0004');
Insert into TBL_STUDENT (ST_CODE,ST_NAME,ST_TEL,ST_ADDR,ST_GRADE,ST_DCODE) values ('T0098','양동인','010-8265-4208',null,2,'D0004');
Insert into TBL_STUDENT (ST_CODE,ST_NAME,ST_TEL,ST_ADDR,ST_GRADE,ST_DCODE) values ('T0099','심장호','010-1473-5060',null,3,'D0003');
Insert into TBL_STUDENT (ST_CODE,ST_NAME,ST_TEL,ST_ADDR,ST_GRADE,ST_DCODE) values ('T0100','흥은성','010-9106-3568',null,2,'D0006');
REM INSERTING into TBL_SUBJECT
SET DEFINE OFF;
Insert into TBL_SUBJECT (SB_CODE,SB_NAME,SB_PRO) values ('S0001','국어',null);
Insert into TBL_SUBJECT (SB_CODE,SB_NAME,SB_PRO) values ('S0002','수학',null);
Insert into TBL_SUBJECT (SB_CODE,SB_NAME,SB_PRO) values ('S0003','영어',null);
Insert into TBL_SUBJECT (SB_CODE,SB_NAME,SB_PRO) values ('S0004','과학',null);
Insert into TBL_SUBJECT (SB_CODE,SB_NAME,SB_PRO) values ('S0005','국사',null);
Insert into TBL_SUBJECT (SB_CODE,SB_NAME,SB_PRO) values ('S0006','미술',null);
--------------------------------------------------------
--  DDL for Index SYS_C007190
--------------------------------------------------------

  CREATE UNIQUE INDEX "SYS_C007190" ON "TBL_CBT" ("CB_PCODE") 
  ;
--------------------------------------------------------
--  DDL for Index SYS_C007106
--------------------------------------------------------

  CREATE UNIQUE INDEX "SYS_C007106" ON "TBL_DEPT" ("D_CODE") 
  ;
--------------------------------------------------------
--  DDL for Index SYS_C007187
--------------------------------------------------------

  CREATE UNIQUE INDEX "SYS_C007187" ON "TBL_DETAIL" ("D_SEQ") 
  ;
--------------------------------------------------------
--  DDL for Index SYS_C007095
--------------------------------------------------------

  CREATE UNIQUE INDEX "SYS_C007095" ON "TBL_IOLIST" ("IO_SEQ") 
  ;
--------------------------------------------------------
--  DDL for Index SYS_C007184
--------------------------------------------------------

  CREATE UNIQUE INDEX "SYS_C007184" ON "TBL_MASTER" ("M_SEQ") 
  ;
--------------------------------------------------------
--  DDL for Index SYS_C007103
--------------------------------------------------------

  CREATE UNIQUE INDEX "SYS_C007103" ON "TBL_PRODUCT" ("P_CODE") 
  ;
--------------------------------------------------------
--  DDL for Index SYS_C007120
--------------------------------------------------------

  CREATE UNIQUE INDEX "SYS_C007120" ON "TBL_SCORE" ("SC_SEQ") 
  ;
--------------------------------------------------------
--  DDL for Index SYS_C007126
--------------------------------------------------------

  CREATE UNIQUE INDEX "SYS_C007126" ON "TBL_STUDENT" ("ST_CODE") 
  ;
--------------------------------------------------------
--  DDL for Index SYS_C007122
--------------------------------------------------------

  CREATE UNIQUE INDEX "SYS_C007122" ON "TBL_SUBJECT" ("SB_CODE") 
  ;
--------------------------------------------------------
--  Constraints for Table TBL_CBT
--------------------------------------------------------

  ALTER TABLE "TBL_CBT" ADD PRIMARY KEY ("CB_PCODE") ENABLE;
--------------------------------------------------------
--  Constraints for Table TBL_DEPT
--------------------------------------------------------

  ALTER TABLE "TBL_DEPT" ADD PRIMARY KEY ("D_CODE") ENABLE;
  ALTER TABLE "TBL_DEPT" MODIFY ("D_CEO" NOT NULL ENABLE);
  ALTER TABLE "TBL_DEPT" MODIFY ("D_NAME" NOT NULL ENABLE);
--------------------------------------------------------
--  Constraints for Table TBL_DETAIL
--------------------------------------------------------

  ALTER TABLE "TBL_DETAIL" ADD PRIMARY KEY ("D_SEQ") ENABLE;
  ALTER TABLE "TBL_DETAIL" MODIFY ("D_SUBJECT" NOT NULL ENABLE);
  ALTER TABLE "TBL_DETAIL" MODIFY ("D_M_SEQ" NOT NULL ENABLE);
--------------------------------------------------------
--  Constraints for Table TBL_IOLIST
--------------------------------------------------------

  ALTER TABLE "TBL_IOLIST" ADD PRIMARY KEY ("IO_SEQ") ENABLE;
  ALTER TABLE "TBL_IOLIST" MODIFY ("IO_QTY" NOT NULL ENABLE);
  ALTER TABLE "TBL_IOLIST" MODIFY ("IO_INOUT" NOT NULL ENABLE);
  ALTER TABLE "TBL_IOLIST" MODIFY ("IO_DATE" NOT NULL ENABLE);
--------------------------------------------------------
--  Constraints for Table TBL_MASTER
--------------------------------------------------------

  ALTER TABLE "TBL_MASTER" ADD PRIMARY KEY ("M_SEQ") ENABLE;
  ALTER TABLE "TBL_MASTER" MODIFY ("M_SUBJECT" NOT NULL ENABLE);
--------------------------------------------------------
--  Constraints for Table TBL_PRODUCT
--------------------------------------------------------

  ALTER TABLE "TBL_PRODUCT" ADD PRIMARY KEY ("P_CODE") ENABLE;
  ALTER TABLE "TBL_PRODUCT" MODIFY ("P_NAME" NOT NULL ENABLE);
--------------------------------------------------------
--  Constraints for Table TBL_SCORE
--------------------------------------------------------

  ALTER TABLE "TBL_SCORE" ADD PRIMARY KEY ("SC_SEQ") ENABLE;
  ALTER TABLE "TBL_SCORE" MODIFY ("SC_SCORE" NOT NULL ENABLE);
  ALTER TABLE "TBL_SCORE" MODIFY ("SC_NAME" NOT NULL ENABLE);
--------------------------------------------------------
--  Constraints for Table TBL_STUDENT
--------------------------------------------------------

  ALTER TABLE "TBL_STUDENT" ADD PRIMARY KEY ("ST_CODE") ENABLE;
  ALTER TABLE "TBL_STUDENT" MODIFY ("ST_NAME" NOT NULL ENABLE);
--------------------------------------------------------
--  Constraints for Table TBL_SUBJECT
--------------------------------------------------------

  ALTER TABLE "TBL_SUBJECT" ADD PRIMARY KEY ("SB_CODE") ENABLE;
  ALTER TABLE "TBL_SUBJECT" MODIFY ("SB_NAME" NOT NULL ENABLE);
--------------------------------------------------------
--  Ref Constraints for Table TBL_DETAIL
--------------------------------------------------------

  ALTER TABLE "TBL_DETAIL" ADD CONSTRAINT "FK_MD" FOREIGN KEY ("D_M_SEQ")
	  REFERENCES "TBL_MASTER" ("M_SEQ") ENABLE;
--------------------------------------------------------
--  Ref Constraints for Table TBL_IOLIST
--------------------------------------------------------

  ALTER TABLE "TBL_IOLIST" ADD CONSTRAINT "FK_DEPT" FOREIGN KEY ("IO_DCODE")
	  REFERENCES "TBL_DEPT" ("D_CODE") ENABLE;
  ALTER TABLE "TBL_IOLIST" ADD CONSTRAINT "FK_PRODUCT" FOREIGN KEY ("IO_PCODE")
	  REFERENCES "TBL_PRODUCT" ("P_CODE") ENABLE;
