--------------------------------------------------------
--  파일이 생성됨 - 월요일-12월-23-2019   
--------------------------------------------------------
--------------------------------------------------------
--  DDL for Table TBL_DEPT
--------------------------------------------------------

  CREATE TABLE "TBL_DEPT" 
   (	"D_CODE" VARCHAR2(5 BYTE), 
	"D_NAME" NVARCHAR2(50), 
	"D_CEO" NVARCHAR2(50), 
	"D_TEL" VARCHAR2(20 BYTE), 
	"D_ADDR" NVARCHAR2(50), 
	"D_MAN" NVARCHAR2(50)
   ) ;
--------------------------------------------------------
--  DDL for Table TBL_IOLIST
--------------------------------------------------------

  CREATE TABLE "TBL_IOLIST" 
   (	"IO_SEQ" NUMBER, 
	"IO_DATE" VARCHAR2(10 BYTE), 
	"IO_INOUT" NUMBER(1,0), 
	"IO_QTY" NUMBER, 
	"IO_PRICE" NUMBER, 
	"IO_AMT" NUMBER, 
	"IO_PCODE" VARCHAR2(6 BYTE), 
	"IO_DCODE" VARCHAR2(5 BYTE)
   ) ;
--------------------------------------------------------
--  DDL for Table TBL_PRODUCT
--------------------------------------------------------

  CREATE TABLE "TBL_PRODUCT" 
   (	"P_CODE" VARCHAR2(6 BYTE), 
	"P_NAME" NVARCHAR2(50), 
	"P_IPRICE" NUMBER, 
	"P_OPRICE" NUMBER
   ) ;
REM INSERTING into TBL_DEPT
SET DEFINE OFF;
Insert into TBL_DEPT (D_CODE,D_NAME,D_CEO,D_TEL,D_ADDR,D_MAN) values ('D0001','(구)워터365','정경모','010-4138-5882',null,null);
Insert into TBL_DEPT (D_CODE,D_NAME,D_CEO,D_TEL,D_ADDR,D_MAN) values ('D0002','(주)거창ENG','최운학','010-3858-2970',null,null);
Insert into TBL_DEPT (D_CODE,D_NAME,D_CEO,D_TEL,D_ADDR,D_MAN) values ('D0003','(주)대정이앤씨','이수정','010-7897-3558',null,null);
Insert into TBL_DEPT (D_CODE,D_NAME,D_CEO,D_TEL,D_ADDR,D_MAN) values ('D0004','(주)동양엔지니어링(광주남구롯데)','김기국','010-8789-1367',null,null);
Insert into TBL_DEPT (D_CODE,D_NAME,D_CEO,D_TEL,D_ADDR,D_MAN) values ('D0005','(주)두손템스','손응호','010-5703-9198',null,null);
Insert into TBL_DEPT (D_CODE,D_NAME,D_CEO,D_TEL,D_ADDR,D_MAN) values ('D0006','(주)두원아이스뱅크','장해은','010-7191-3787',null,null);
Insert into TBL_DEPT (D_CODE,D_NAME,D_CEO,D_TEL,D_ADDR,D_MAN) values ('D0007','(주)미래산업','조석현','010-5799-1622',null,null);
Insert into TBL_DEPT (D_CODE,D_NAME,D_CEO,D_TEL,D_ADDR,D_MAN) values ('D0008','(주)미래씨앤에이치','김영현','010-2325-5605',null,null);
Insert into TBL_DEPT (D_CODE,D_NAME,D_CEO,D_TEL,D_ADDR,D_MAN) values ('D0009','(주)삼원자판기','박철현','010-6907-2422',null,null);
Insert into TBL_DEPT (D_CODE,D_NAME,D_CEO,D_TEL,D_ADDR,D_MAN) values ('D0010','(주)성안이엔지(남구롯데)','강성국','010-2843-9277',null,null);
Insert into TBL_DEPT (D_CODE,D_NAME,D_CEO,D_TEL,D_ADDR,D_MAN) values ('D0011','(주)성호','전용식','010-5014-9766',null,null);
Insert into TBL_DEPT (D_CODE,D_NAME,D_CEO,D_TEL,D_ADDR,D_MAN) values ('D0012','(주)티브이푸드','후지타 토시하루','010-7986-8058',null,null);
Insert into TBL_DEPT (D_CODE,D_NAME,D_CEO,D_TEL,D_ADDR,D_MAN) values ('D0013','(주)한에너지시스템','장사윤','010-7519-9239',null,null);
Insert into TBL_DEPT (D_CODE,D_NAME,D_CEO,D_TEL,D_ADDR,D_MAN) values ('D0014','(주)한일엔지니어링','박종필','010-8272-3489',null,null);
Insert into TBL_DEPT (D_CODE,D_NAME,D_CEO,D_TEL,D_ADDR,D_MAN) values ('D0015','COOL 냉난방시스템','권상배','010-1652-4269',null,null);
Insert into TBL_DEPT (D_CODE,D_NAME,D_CEO,D_TEL,D_ADDR,D_MAN) values ('D0016','L&R테크','조남훈','010-3235-8886',null,null);
Insert into TBL_DEPT (D_CODE,D_NAME,D_CEO,D_TEL,D_ADDR,D_MAN) values ('D0017','LG상사(정읍냉기)','차재호','010-6515-7434',null,null);
Insert into TBL_DEPT (D_CODE,D_NAME,D_CEO,D_TEL,D_ADDR,D_MAN) values ('D0018','LG자판기','김용묵','010-3621-5047',null,null);
Insert into TBL_DEPT (D_CODE,D_NAME,D_CEO,D_TEL,D_ADDR,D_MAN) values ('D0019','가나다냉동','김봉길','010-2497-4154',null,null);
Insert into TBL_DEPT (D_CODE,D_NAME,D_CEO,D_TEL,D_ADDR,D_MAN) values ('D0020','가스보일러A/S센타(안산롯데)','지기훈','010-4342-4564',null,null);
Insert into TBL_DEPT (D_CODE,D_NAME,D_CEO,D_TEL,D_ADDR,D_MAN) values ('D0021','가인상사','정수임','010-5402-3758',null,null);
Insert into TBL_DEPT (D_CODE,D_NAME,D_CEO,D_TEL,D_ADDR,D_MAN) values ('D0022','강릉롯데(롯데가스보일러강릉)','이용선','010-6080-8052',null,null);
Insert into TBL_DEPT (D_CODE,D_NAME,D_CEO,D_TEL,D_ADDR,D_MAN) values ('D0023','강북서비스','탁성철','010-2968-6714',null,null);
Insert into TBL_DEPT (D_CODE,D_NAME,D_CEO,D_TEL,D_ADDR,D_MAN) values ('D0024','강서롯데','강명원','010-8497-7791',null,null);
Insert into TBL_DEPT (D_CODE,D_NAME,D_CEO,D_TEL,D_ADDR,D_MAN) values ('D0025','거명ENG롯데보일러','서동근','010-8444-3693',null,null);
Insert into TBL_DEPT (D_CODE,D_NAME,D_CEO,D_TEL,D_ADDR,D_MAN) values ('D0026','거제냉동','홍정배','010-5820-6966',null,null);
Insert into TBL_DEPT (D_CODE,D_NAME,D_CEO,D_TEL,D_ADDR,D_MAN) values ('D0027','건영기업(신노원롯데)','서동권','010-2608-6189',null,null);
Insert into TBL_DEPT (D_CODE,D_NAME,D_CEO,D_TEL,D_ADDR,D_MAN) values ('D0028','경보플랜트설비','김익중','010-4615-4929',null,null);
Insert into TBL_DEPT (D_CODE,D_NAME,D_CEO,D_TEL,D_ADDR,D_MAN) values ('D0029','경북냉열','박준영','010-4642-9329',null,null);
Insert into TBL_DEPT (D_CODE,D_NAME,D_CEO,D_TEL,D_ADDR,D_MAN) values ('D0030','경북유통','주해룡','010-1176-4134',null,null);
Insert into TBL_DEPT (D_CODE,D_NAME,D_CEO,D_TEL,D_ADDR,D_MAN) values ('D0031','경원자판기','백구현','010-7514-7292',null,null);
Insert into TBL_DEPT (D_CODE,D_NAME,D_CEO,D_TEL,D_ADDR,D_MAN) values ('D0032','경인유통','임희재','010-3213-3776',null,null);
Insert into TBL_DEPT (D_CODE,D_NAME,D_CEO,D_TEL,D_ADDR,D_MAN) values ('D0033','계양롯데','강동환','010-1100-3055',null,null);
Insert into TBL_DEPT (D_CODE,D_NAME,D_CEO,D_TEL,D_ADDR,D_MAN) values ('D0034','계현사','김민수','010-4012-2945',null,null);
Insert into TBL_DEPT (D_CODE,D_NAME,D_CEO,D_TEL,D_ADDR,D_MAN) values ('D0035','골드자판기','이철균','010-4517-7039',null,null);
Insert into TBL_DEPT (D_CODE,D_NAME,D_CEO,D_TEL,D_ADDR,D_MAN) values ('D0036','관악롯데냉열기기(관악)','한승환','010-2461-2851',null,null);
Insert into TBL_DEPT (D_CODE,D_NAME,D_CEO,D_TEL,D_ADDR,D_MAN) values ('D0037','광성에너지(부천롯데)','위용환','010-4563-7125',null,null);
Insert into TBL_DEPT (D_CODE,D_NAME,D_CEO,D_TEL,D_ADDR,D_MAN) values ('D0038','광양롯데가스보일러(광양롯데)','오균석','010-5450-2217',null,null);
Insert into TBL_DEPT (D_CODE,D_NAME,D_CEO,D_TEL,D_ADDR,D_MAN) values ('D0039','광역롯데','전미화','010-8626-5917',null,null);
Insert into TBL_DEPT (D_CODE,D_NAME,D_CEO,D_TEL,D_ADDR,D_MAN) values ('D0040','광주북서구롯데(광주북서구롯데)','서진석','010-1994-6881',null,null);
Insert into TBL_DEPT (D_CODE,D_NAME,D_CEO,D_TEL,D_ADDR,D_MAN) values ('D0041','광진냉동','이학수','010-8879-8588',null,null);
Insert into TBL_DEPT (D_CODE,D_NAME,D_CEO,D_TEL,D_ADDR,D_MAN) values ('D0042','광진엔지니어링','신찬철','010-7409-6301',null,null);
Insert into TBL_DEPT (D_CODE,D_NAME,D_CEO,D_TEL,D_ADDR,D_MAN) values ('D0043','구리롯데','박창현','010-8649-2645',null,null);
Insert into TBL_DEPT (D_CODE,D_NAME,D_CEO,D_TEL,D_ADDR,D_MAN) values ('D0044','구미롯데','조준형','010-2835-8542',null,null);
Insert into TBL_DEPT (D_CODE,D_NAME,D_CEO,D_TEL,D_ADDR,D_MAN) values ('D0045','구미종합아이스크림','조옥래','010-4820-4782',null,null);
Insert into TBL_DEPT (D_CODE,D_NAME,D_CEO,D_TEL,D_ADDR,D_MAN) values ('D0046','그린에너텍','박용서','010-9692-5697',null,null);
Insert into TBL_DEPT (D_CODE,D_NAME,D_CEO,D_TEL,D_ADDR,D_MAN) values ('D0047','금성경기서비스','안영철','010-9653-2748',null,null);
Insert into TBL_DEPT (D_CODE,D_NAME,D_CEO,D_TEL,D_ADDR,D_MAN) values ('D0048','기현쇼케이스','이재창','010-2055-9107',null,null);
Insert into TBL_DEPT (D_CODE,D_NAME,D_CEO,D_TEL,D_ADDR,D_MAN) values ('D0049','남구 롯데보일러','장윤정','010-7252-3327',null,null);
Insert into TBL_DEPT (D_CODE,D_NAME,D_CEO,D_TEL,D_ADDR,D_MAN) values ('D0050','남원냉동주방','방명호','010-8880-4266',null,null);
Insert into TBL_DEPT (D_CODE,D_NAME,D_CEO,D_TEL,D_ADDR,D_MAN) values ('D0051','남포항롯데','김원종','010-5200-1397',null,null);
Insert into TBL_DEPT (D_CODE,D_NAME,D_CEO,D_TEL,D_ADDR,D_MAN) values ('D0052','대복엔지니어링(서안양롯데)','배한근','010-8635-8771',null,null);
Insert into TBL_DEPT (D_CODE,D_NAME,D_CEO,D_TEL,D_ADDR,D_MAN) values ('D0053','대성자판기','이기열','010-1384-6702',null,null);
Insert into TBL_DEPT (D_CODE,D_NAME,D_CEO,D_TEL,D_ADDR,D_MAN) values ('D0054','대성종합설비(당진롯데)','박희선','010-9432-2691',null,null);
Insert into TBL_DEPT (D_CODE,D_NAME,D_CEO,D_TEL,D_ADDR,D_MAN) values ('D0055','대신보일러(서구롯데)','하익진','010-5424-6084',null,null);
Insert into TBL_DEPT (D_CODE,D_NAME,D_CEO,D_TEL,D_ADDR,D_MAN) values ('D0056','대진상사','정진원','010-8912-1151',null,null);
Insert into TBL_DEPT (D_CODE,D_NAME,D_CEO,D_TEL,D_ADDR,D_MAN) values ('D0057','대하롯데가스보일러(광주북구롯데)','황정자','010-6606-1323',null,null);
Insert into TBL_DEPT (D_CODE,D_NAME,D_CEO,D_TEL,D_ADDR,D_MAN) values ('D0058','대한에너지(거창롯데)','윤석','010-4232-3760',null,null);
Insert into TBL_DEPT (D_CODE,D_NAME,D_CEO,D_TEL,D_ADDR,D_MAN) values ('D0059','대한종합건재','안향자','010-2882-1453',null,null);
Insert into TBL_DEPT (D_CODE,D_NAME,D_CEO,D_TEL,D_ADDR,D_MAN) values ('D0060','더싼유통','전윤길','010-9594-5569',null,null);
Insert into TBL_DEPT (D_CODE,D_NAME,D_CEO,D_TEL,D_ADDR,D_MAN) values ('D0061','덕인유통','서동국','010-6378-3023',null,null);
Insert into TBL_DEPT (D_CODE,D_NAME,D_CEO,D_TEL,D_ADDR,D_MAN) values ('D0062','도연에너지(광주광산롯데)','박진우','010-1745-4567',null,null);
Insert into TBL_DEPT (D_CODE,D_NAME,D_CEO,D_TEL,D_ADDR,D_MAN) values ('D0063','동구미롯데','김한수','010-9232-9683',null,null);
Insert into TBL_DEPT (D_CODE,D_NAME,D_CEO,D_TEL,D_ADDR,D_MAN) values ('D0064','동부자판기','윤복길','010-6022-6440',null,null);
Insert into TBL_DEPT (D_CODE,D_NAME,D_CEO,D_TEL,D_ADDR,D_MAN) values ('D0065','동양주방인테리어','김정곤','010-7708-2410',null,null);
Insert into TBL_DEPT (D_CODE,D_NAME,D_CEO,D_TEL,D_ADDR,D_MAN) values ('D0066','동일가스상사(제주롯데)','문유진','010-6534-3337',null,null);
Insert into TBL_DEPT (D_CODE,D_NAME,D_CEO,D_TEL,D_ADDR,D_MAN) values ('D0067','두리F&E','이준수','010-7911-2552',null,null);
Insert into TBL_DEPT (D_CODE,D_NAME,D_CEO,D_TEL,D_ADDR,D_MAN) values ('D0068','두영산업','김웅겸','010-5731-3644',null,null);
Insert into TBL_DEPT (D_CODE,D_NAME,D_CEO,D_TEL,D_ADDR,D_MAN) values ('D0069','둔산롯데','박광석','010-1565-1324',null,null);
Insert into TBL_DEPT (D_CODE,D_NAME,D_CEO,D_TEL,D_ADDR,D_MAN) values ('D0070','로얄냉동','권영숙','010-8965-3758',null,null);
Insert into TBL_DEPT (D_CODE,D_NAME,D_CEO,D_TEL,D_ADDR,D_MAN) values ('D0071','롯데SK가스보일러공주지점','송재은','010-5169-3397',null,null);
Insert into TBL_DEPT (D_CODE,D_NAME,D_CEO,D_TEL,D_ADDR,D_MAN) values ('D0072','롯데가스기기(구로)','이기영','010-9818-1391',null,null);
Insert into TBL_DEPT (D_CODE,D_NAME,D_CEO,D_TEL,D_ADDR,D_MAN) values ('D0073','롯데가스기기동구지정점(대전동구롯데)','박옥규','010-3647-5629',null,null);
Insert into TBL_DEPT (D_CODE,D_NAME,D_CEO,D_TEL,D_ADDR,D_MAN) values ('D0074','롯데가스보일러 신북구점','김성열','010-8967-7101',null,null);
Insert into TBL_DEPT (D_CODE,D_NAME,D_CEO,D_TEL,D_ADDR,D_MAN) values ('D0075','롯데가스보일러(김천롯데)','문성식','010-9947-8665',null,null);
Insert into TBL_DEPT (D_CODE,D_NAME,D_CEO,D_TEL,D_ADDR,D_MAN) values ('D0076','롯데가스보일러(달서롯데)','권영대','010-9776-4129',null,null);
Insert into TBL_DEPT (D_CODE,D_NAME,D_CEO,D_TEL,D_ADDR,D_MAN) values ('D0077','롯데가스보일러(대전서구롯데)','김준태','010-5120-8048',null,null);
Insert into TBL_DEPT (D_CODE,D_NAME,D_CEO,D_TEL,D_ADDR,D_MAN) values ('D0078','롯데가스보일러(문막)','최상수','010-6342-8009',null,null);
Insert into TBL_DEPT (D_CODE,D_NAME,D_CEO,D_TEL,D_ADDR,D_MAN) values ('D0079','롯데가스보일러(서산롯데)','이경순','010-2592-6862',null,null);
Insert into TBL_DEPT (D_CODE,D_NAME,D_CEO,D_TEL,D_ADDR,D_MAN) values ('D0080','롯데가스보일러(수성롯데)','호세진','010-9935-6443',null,null);
Insert into TBL_DEPT (D_CODE,D_NAME,D_CEO,D_TEL,D_ADDR,D_MAN) values ('D0081','롯데가스보일러(아산롯데)','차응철','010-1747-2459',null,null);
Insert into TBL_DEPT (D_CODE,D_NAME,D_CEO,D_TEL,D_ADDR,D_MAN) values ('D0082','롯데가스보일러(안성롯데)','김일태','010-8244-5382',null,null);
Insert into TBL_DEPT (D_CODE,D_NAME,D_CEO,D_TEL,D_ADDR,D_MAN) values ('D0083','롯데가스보일러(천안남부롯데)','이강섭','010-1961-1854',null,null);
Insert into TBL_DEPT (D_CODE,D_NAME,D_CEO,D_TEL,D_ADDR,D_MAN) values ('D0084','롯데가스보일러경산대리점','강용진','010-8272-2473',null,null);
Insert into TBL_DEPT (D_CODE,D_NAME,D_CEO,D_TEL,D_ADDR,D_MAN) values ('D0085','롯데가스보일러동부대리점(동부롯데)','공미희','010-4069-9631',null,null);
Insert into TBL_DEPT (D_CODE,D_NAME,D_CEO,D_TEL,D_ADDR,D_MAN) values ('D0086','롯데가스보일러마산(동마산)','박재문','010-5186-6171',null,null);
Insert into TBL_DEPT (D_CODE,D_NAME,D_CEO,D_TEL,D_ADDR,D_MAN) values ('D0087','롯데가스보일러마산내서롯데(서마산롯데)','이종길','010-2937-9358',null,null);
Insert into TBL_DEPT (D_CODE,D_NAME,D_CEO,D_TEL,D_ADDR,D_MAN) values ('D0088','롯데가스보일러서부대리점(서부롯데)','김명숙','010-7425-2877',null,null);
Insert into TBL_DEPT (D_CODE,D_NAME,D_CEO,D_TEL,D_ADDR,D_MAN) values ('D0089','롯데가스보일러서비스센타J(김제롯데)','박형준','010-9302-3763',null,null);
Insert into TBL_DEPT (D_CODE,D_NAME,D_CEO,D_TEL,D_ADDR,D_MAN) values ('D0090','롯데가스보일러설비(서수원롯데)','모인환','010-8779-8908',null,null);
Insert into TBL_DEPT (D_CODE,D_NAME,D_CEO,D_TEL,D_ADDR,D_MAN) values ('D0091','롯데가스보일러첨단점(광주첨단롯데)','진영호','010-7924-2824',null,null);
Insert into TBL_DEPT (D_CODE,D_NAME,D_CEO,D_TEL,D_ADDR,D_MAN) values ('D0092','롯데가스텍(김해롯데)','김용권','010-8556-8382',null,null);
Insert into TBL_DEPT (D_CODE,D_NAME,D_CEO,D_TEL,D_ADDR,D_MAN) values ('D0093','롯데강북서비스','박성철','010-7743-4907',null,null);
Insert into TBL_DEPT (D_CODE,D_NAME,D_CEO,D_TEL,D_ADDR,D_MAN) values ('D0094','롯데냉동','문현철','010-5426-4903',null,null);
Insert into TBL_DEPT (D_CODE,D_NAME,D_CEO,D_TEL,D_ADDR,D_MAN) values ('D0095','롯데냉동공조(포항)','이정식','010-3404-3955',null,null);
Insert into TBL_DEPT (D_CODE,D_NAME,D_CEO,D_TEL,D_ADDR,D_MAN) values ('D0096','롯데냉동설비(동래)','김상옥','010-8555-4800',null,null);
Insert into TBL_DEPT (D_CODE,D_NAME,D_CEO,D_TEL,D_ADDR,D_MAN) values ('D0097','롯데냉열기기(서부산냉기)','사공경훈','010-4807-5184',null,null);
Insert into TBL_DEPT (D_CODE,D_NAME,D_CEO,D_TEL,D_ADDR,D_MAN) values ('D0098','롯데대성가스보일러(신제천롯데)','김현철','010-7317-7623',null,null);
Insert into TBL_DEPT (D_CODE,D_NAME,D_CEO,D_TEL,D_ADDR,D_MAN) values ('D0099','롯데벤슨(춘천)','박재현','010-8538-6745',null,null);
Insert into TBL_DEPT (D_CODE,D_NAME,D_CEO,D_TEL,D_ADDR,D_MAN) values ('D0100','롯데보일러(거제롯데(신규)','김동언','010-9871-2481',null,null);
Insert into TBL_DEPT (D_CODE,D_NAME,D_CEO,D_TEL,D_ADDR,D_MAN) values ('D0101','롯데보일러(성남수정)','김옥희','010-2029-9337',null,null);
Insert into TBL_DEPT (D_CODE,D_NAME,D_CEO,D_TEL,D_ADDR,D_MAN) values ('D0102','롯데보일러원주지점(원주남부)','원동빈','010-4798-1113',null,null);
Insert into TBL_DEPT (D_CODE,D_NAME,D_CEO,D_TEL,D_ADDR,D_MAN) values ('D0103','롯데사상대리점(사상롯데)','박봉희','010-6697-9364',null,null);
Insert into TBL_DEPT (D_CODE,D_NAME,D_CEO,D_TEL,D_ADDR,D_MAN) values ('D0104','롯데엔지니어링(금천)','정옥균','010-6230-3844',null,null);
Insert into TBL_DEPT (D_CODE,D_NAME,D_CEO,D_TEL,D_ADDR,D_MAN) values ('D0105','롯데엔지니어링(신광주남부)','허영만','010-4045-3236',null,null);
Insert into TBL_DEPT (D_CODE,D_NAME,D_CEO,D_TEL,D_ADDR,D_MAN) values ('D0106','롯데엔지니어링(양천)','백성갑','010-7714-3989',null,null);
Insert into TBL_DEPT (D_CODE,D_NAME,D_CEO,D_TEL,D_ADDR,D_MAN) values ('D0107','롯데유통','천용성','010-9453-4858',null,null);
Insert into TBL_DEPT (D_CODE,D_NAME,D_CEO,D_TEL,D_ADDR,D_MAN) values ('D0108','롯데자판기','김옥연','010-7658-3034',null,null);
Insert into TBL_DEPT (D_CODE,D_NAME,D_CEO,D_TEL,D_ADDR,D_MAN) values ('D0109','롯데자판기제일상사','김병진','010-1920-1195',null,null);
Insert into TBL_DEPT (D_CODE,D_NAME,D_CEO,D_TEL,D_ADDR,D_MAN) values ('D0110','리사이클플러스','홍성만','010-3985-1615',null,null);
Insert into TBL_DEPT (D_CODE,D_NAME,D_CEO,D_TEL,D_ADDR,D_MAN) values ('D0111','명대상사(보령롯데)','이창수','010-4351-4776',null,null);
Insert into TBL_DEPT (D_CODE,D_NAME,D_CEO,D_TEL,D_ADDR,D_MAN) values ('D0112','명도상사','유기현','010-5010-5520',null,null);
Insert into TBL_DEPT (D_CODE,D_NAME,D_CEO,D_TEL,D_ADDR,D_MAN) values ('D0113','명성냉열기상사','김정호','010-8471-2656',null,null);
Insert into TBL_DEPT (D_CODE,D_NAME,D_CEO,D_TEL,D_ADDR,D_MAN) values ('D0114','명성에이치앤피','신성숙','010-9908-7482',null,null);
Insert into TBL_DEPT (D_CODE,D_NAME,D_CEO,D_TEL,D_ADDR,D_MAN) values ('D0115','명일엔지니어링(서초강남)','서동일','010-1665-6453',null,null);
Insert into TBL_DEPT (D_CODE,D_NAME,D_CEO,D_TEL,D_ADDR,D_MAN) values ('D0116','모든ENG(서전주롯데)','김현준','010-1342-1101',null,null);
Insert into TBL_DEPT (D_CODE,D_NAME,D_CEO,D_TEL,D_ADDR,D_MAN) values ('D0117','모악ENG(남전주롯데)','서인호','010-7099-4625',null,null);
Insert into TBL_DEPT (D_CODE,D_NAME,D_CEO,D_TEL,D_ADDR,D_MAN) values ('D0118','모우종합설비(완도롯데)','윤성남','010-7415-4778',null,null);
Insert into TBL_DEPT (D_CODE,D_NAME,D_CEO,D_TEL,D_ADDR,D_MAN) values ('D0119','목포자판기','박병섭','010-2593-9855',null,null);
Insert into TBL_DEPT (D_CODE,D_NAME,D_CEO,D_TEL,D_ADDR,D_MAN) values ('D0120','문진냉기','나문진','010-9057-5470',null,null);
Insert into TBL_DEPT (D_CODE,D_NAME,D_CEO,D_TEL,D_ADDR,D_MAN) values ('D0121','미래냉동','오세영','010-3276-4838',null,null);
Insert into TBL_DEPT (D_CODE,D_NAME,D_CEO,D_TEL,D_ADDR,D_MAN) values ('D0122','미래자판기랜드','김종원','010-7142-9621',null,null);
Insert into TBL_DEPT (D_CODE,D_NAME,D_CEO,D_TEL,D_ADDR,D_MAN) values ('D0123','벤도피아','김태우','010-4223-1378',null,null);
Insert into TBL_DEPT (D_CODE,D_NAME,D_CEO,D_TEL,D_ADDR,D_MAN) values ('D0124','벤딩테크(동광주자판)','이이형','010-2588-8269',null,null);
Insert into TBL_DEPT (D_CODE,D_NAME,D_CEO,D_TEL,D_ADDR,D_MAN) values ('D0125','보일러상사(정읍롯데)','여현식','010-2120-6432',null,null);
Insert into TBL_DEPT (D_CODE,D_NAME,D_CEO,D_TEL,D_ADDR,D_MAN) values ('D0126','복산기기(울산중구롯데)','박차환','010-8381-4896',null,null);
Insert into TBL_DEPT (D_CODE,D_NAME,D_CEO,D_TEL,D_ADDR,D_MAN) values ('D0127','부경롯데(남구롯데)','정진호','010-9604-5758',null,null);
Insert into TBL_DEPT (D_CODE,D_NAME,D_CEO,D_TEL,D_ADDR,D_MAN) values ('D0128','부산특판','박종규','010-8918-2479',null,null);
Insert into TBL_DEPT (D_CODE,D_NAME,D_CEO,D_TEL,D_ADDR,D_MAN) values ('D0129','부성벤더','신기식','010-2085-1881',null,null);
Insert into TBL_DEPT (D_CODE,D_NAME,D_CEO,D_TEL,D_ADDR,D_MAN) values ('D0130','부평롯데','허빈','010-6841-5288',null,null);
Insert into TBL_DEPT (D_CODE,D_NAME,D_CEO,D_TEL,D_ADDR,D_MAN) values ('D0131','북부롯데가스보일러(광주서북구롯데)','박기영','010-6868-7412',null,null);
Insert into TBL_DEPT (D_CODE,D_NAME,D_CEO,D_TEL,D_ADDR,D_MAN) values ('D0132','북인천롯데','김미순','010-1920-2069',null,null);
Insert into TBL_DEPT (D_CODE,D_NAME,D_CEO,D_TEL,D_ADDR,D_MAN) values ('D0133','삼성자판','박희대','010-6350-4258',null,null);
Insert into TBL_DEPT (D_CODE,D_NAME,D_CEO,D_TEL,D_ADDR,D_MAN) values ('D0134','삼성자판기서비스지정점(군산자판)','탁목곤','010-3272-9292',null,null);
Insert into TBL_DEPT (D_CODE,D_NAME,D_CEO,D_TEL,D_ADDR,D_MAN) values ('D0135','삼성자판서비스','이강춘','010-8787-5932',null,null);
Insert into TBL_DEPT (D_CODE,D_NAME,D_CEO,D_TEL,D_ADDR,D_MAN) values ('D0136','삼영냉동산업','이혜숙','010-2072-6723',null,null);
Insert into TBL_DEPT (D_CODE,D_NAME,D_CEO,D_TEL,D_ADDR,D_MAN) values ('D0137','삼인ENG(북전주롯데)','김성주','010-3798-5251',null,null);
Insert into TBL_DEPT (D_CODE,D_NAME,D_CEO,D_TEL,D_ADDR,D_MAN) values ('D0138','삼학ENG(목포롯데)','서병연','010-3699-5997',null,null);
Insert into TBL_DEPT (D_CODE,D_NAME,D_CEO,D_TEL,D_ADDR,D_MAN) values ('D0139','새부산롯데(금정롯데)','박민갑','010-5107-6381',null,null);
Insert into TBL_DEPT (D_CODE,D_NAME,D_CEO,D_TEL,D_ADDR,D_MAN) values ('D0140','서경냉열','김성근','010-2339-3693',null,null);
Insert into TBL_DEPT (D_CODE,D_NAME,D_CEO,D_TEL,D_ADDR,D_MAN) values ('D0141','서대문롯데','임병수','010-6286-8183',null,null);
Insert into TBL_DEPT (D_CODE,D_NAME,D_CEO,D_TEL,D_ADDR,D_MAN) values ('D0142','서비스메카','김연기','010-7865-2768',null,null);
Insert into TBL_DEPT (D_CODE,D_NAME,D_CEO,D_TEL,D_ADDR,D_MAN) values ('D0143','서비스뱅크','유택근','010-6717-9024',null,null);
Insert into TBL_DEPT (D_CODE,D_NAME,D_CEO,D_TEL,D_ADDR,D_MAN) values ('D0144','서원상사','김종석','010-3842-2337',null,null);
Insert into TBL_DEPT (D_CODE,D_NAME,D_CEO,D_TEL,D_ADDR,D_MAN) values ('D0145','성보공업사','윤정모','010-8031-7309',null,null);
Insert into TBL_DEPT (D_CODE,D_NAME,D_CEO,D_TEL,D_ADDR,D_MAN) values ('D0146','성북보일러(성북롯데)','심공보','010-1779-7158',null,null);
Insert into TBL_DEPT (D_CODE,D_NAME,D_CEO,D_TEL,D_ADDR,D_MAN) values ('D0147','성운이엔지','양회석','010-4028-2385',null,null);
Insert into TBL_DEPT (D_CODE,D_NAME,D_CEO,D_TEL,D_ADDR,D_MAN) values ('D0148','세림상사(중랑롯데)','장선구','010-8802-9801',null,null);
Insert into TBL_DEPT (D_CODE,D_NAME,D_CEO,D_TEL,D_ADDR,D_MAN) values ('D0149','세원냉동설비수리','정명호','010-1982-9681',null,null);
Insert into TBL_DEPT (D_CODE,D_NAME,D_CEO,D_TEL,D_ADDR,D_MAN) values ('D0150','센텀냉동','이광수','010-2292-8014',null,null);
Insert into TBL_DEPT (D_CODE,D_NAME,D_CEO,D_TEL,D_ADDR,D_MAN) values ('D0151','소리냉기','강성훈','010-6959-4274',null,null);
Insert into TBL_DEPT (D_CODE,D_NAME,D_CEO,D_TEL,D_ADDR,D_MAN) values ('D0152','소리종합주방','홍성예','010-1498-6159',null,null);
Insert into TBL_DEPT (D_CODE,D_NAME,D_CEO,D_TEL,D_ADDR,D_MAN) values ('D0153','속초롯데','박용광','010-4899-5365',null,null);
Insert into TBL_DEPT (D_CODE,D_NAME,D_CEO,D_TEL,D_ADDR,D_MAN) values ('D0154','신갈롯데','권영기','010-3020-4867',null,null);
Insert into TBL_DEPT (D_CODE,D_NAME,D_CEO,D_TEL,D_ADDR,D_MAN) values ('D0155','신부산롯데(서사하롯데)','정재곤','010-4182-2872',null,null);
Insert into TBL_DEPT (D_CODE,D_NAME,D_CEO,D_TEL,D_ADDR,D_MAN) values ('D0156','신세계종합주방','오동준','010-7651-9837',null,null);
Insert into TBL_DEPT (D_CODE,D_NAME,D_CEO,D_TEL,D_ADDR,D_MAN) values ('D0157','신순천롯데(롯데가스보일러)','김미희','010-6878-1313',null,null);
Insert into TBL_DEPT (D_CODE,D_NAME,D_CEO,D_TEL,D_ADDR,D_MAN) values ('D0158','신영사','이주경','010-2615-7287',null,null);
Insert into TBL_DEPT (D_CODE,D_NAME,D_CEO,D_TEL,D_ADDR,D_MAN) values ('D0159','신일산냉기(신영자동판매기)','황선태','010-7347-2233',null,null);
Insert into TBL_DEPT (D_CODE,D_NAME,D_CEO,D_TEL,D_ADDR,D_MAN) values ('D0160','신진엔지니어링(용인롯데)','유행수','010-1874-2253',null,null);
Insert into TBL_DEPT (D_CODE,D_NAME,D_CEO,D_TEL,D_ADDR,D_MAN) values ('D0161','신창냉동설비산업','황규정','010-3374-9902',null,null);
Insert into TBL_DEPT (D_CODE,D_NAME,D_CEO,D_TEL,D_ADDR,D_MAN) values ('D0162','싱싱냉동','박강희','010-2068-8967',null,null);
Insert into TBL_DEPT (D_CODE,D_NAME,D_CEO,D_TEL,D_ADDR,D_MAN) values ('D0163','썬웨이일등보일러(신남원롯데)','정경호','010-6630-1131',null,null);
Insert into TBL_DEPT (D_CODE,D_NAME,D_CEO,D_TEL,D_ADDR,D_MAN) values ('D0164','씨.엠.브이시스템','박달희','010-4971-7301',null,null);
Insert into TBL_DEPT (D_CODE,D_NAME,D_CEO,D_TEL,D_ADDR,D_MAN) values ('D0165','씽씽냉동','김성표','010-7197-7122',null,null);
Insert into TBL_DEPT (D_CODE,D_NAME,D_CEO,D_TEL,D_ADDR,D_MAN) values ('D0166','아이에스','김인수','010-5164-9465',null,null);
Insert into TBL_DEPT (D_CODE,D_NAME,D_CEO,D_TEL,D_ADDR,D_MAN) values ('D0167','안동서비스','장형구','010-1037-8068',null,null);
Insert into TBL_DEPT (D_CODE,D_NAME,D_CEO,D_TEL,D_ADDR,D_MAN) values ('D0168','안산냉기','배연산','010-9797-8725',null,null);
Insert into TBL_DEPT (D_CODE,D_NAME,D_CEO,D_TEL,D_ADDR,D_MAN) values ('D0169','에이스주방냉동백화점','정순태','010-1001-7283',null,null);
Insert into TBL_DEPT (D_CODE,D_NAME,D_CEO,D_TEL,D_ADDR,D_MAN) values ('D0170','엘씨밴딩','최선영','010-1603-8917',null,null);
Insert into TBL_DEPT (D_CODE,D_NAME,D_CEO,D_TEL,D_ADDR,D_MAN) values ('D0171','엘지냉동','김송실','010-2663-1038',null,null);
Insert into TBL_DEPT (D_CODE,D_NAME,D_CEO,D_TEL,D_ADDR,D_MAN) values ('D0172','여수중앙자판','송춘식','010-9330-1840',null,null);
Insert into TBL_DEPT (D_CODE,D_NAME,D_CEO,D_TEL,D_ADDR,D_MAN) values ('D0173','영인냉열상사(춘천)','정인영','010-4029-4963',null,null);
Insert into TBL_DEPT (D_CODE,D_NAME,D_CEO,D_TEL,D_ADDR,D_MAN) values ('D0174','영진에너지(광주동구롯데)','김선석','010-1081-2637',null,null);
Insert into TBL_DEPT (D_CODE,D_NAME,D_CEO,D_TEL,D_ADDR,D_MAN) values ('D0175','온달가스텍(경남롯데)','최규철','010-2646-9044',null,null);
Insert into TBL_DEPT (D_CODE,D_NAME,D_CEO,D_TEL,D_ADDR,D_MAN) values ('D0176','우리냉동','김선옥','010-3232-8093',null,null);
Insert into TBL_DEPT (D_CODE,D_NAME,D_CEO,D_TEL,D_ADDR,D_MAN) values ('D0177','우리냉동','유익','010-7288-6598',null,null);
Insert into TBL_DEPT (D_CODE,D_NAME,D_CEO,D_TEL,D_ADDR,D_MAN) values ('D0178','우리상사','민성필','010-3577-2119',null,null);
Insert into TBL_DEPT (D_CODE,D_NAME,D_CEO,D_TEL,D_ADDR,D_MAN) values ('D0179','우진냉동','심재용','010-2856-4437',null,null);
Insert into TBL_DEPT (D_CODE,D_NAME,D_CEO,D_TEL,D_ADDR,D_MAN) values ('D0180','우진정밀(광명롯데)','이호문','010-3131-4775',null,null);
Insert into TBL_DEPT (D_CODE,D_NAME,D_CEO,D_TEL,D_ADDR,D_MAN) values ('D0181','울산남구롯데','이복남','010-7659-2070',null,null);
Insert into TBL_DEPT (D_CODE,D_NAME,D_CEO,D_TEL,D_ADDR,D_MAN) values ('D0182','원명보일러총판(의정부)','서승권','010-6463-3768',null,null);
Insert into TBL_DEPT (D_CODE,D_NAME,D_CEO,D_TEL,D_ADDR,D_MAN) values ('D0183','원에이티엠(주)','서현규','010-8080-3776',null,null);
Insert into TBL_DEPT (D_CODE,D_NAME,D_CEO,D_TEL,D_ADDR,D_MAN) values ('D0184','원엔지니어링(일산롯데)','이명진','010-4661-6539',null,null);
Insert into TBL_DEPT (D_CODE,D_NAME,D_CEO,D_TEL,D_ADDR,D_MAN) values ('D0185','원주삼성벤딩','최병규','010-8895-6879',null,null);
Insert into TBL_DEPT (D_CODE,D_NAME,D_CEO,D_TEL,D_ADDR,D_MAN) values ('D0186','월드냉동','신경식','010-1318-6255',null,null);
Insert into TBL_DEPT (D_CODE,D_NAME,D_CEO,D_TEL,D_ADDR,D_MAN) values ('D0187','유성ENG(북전주롯데)','홍성경','010-5438-1210',null,null);
Insert into TBL_DEPT (D_CODE,D_NAME,D_CEO,D_TEL,D_ADDR,D_MAN) values ('D0188','유성수도상사(동래롯데)','김효진','010-7365-4396',null,null);
Insert into TBL_DEPT (D_CODE,D_NAME,D_CEO,D_TEL,D_ADDR,D_MAN) values ('D0189','일도벤딩','안영덕','010-3769-8717',null,null);
Insert into TBL_DEPT (D_CODE,D_NAME,D_CEO,D_TEL,D_ADDR,D_MAN) values ('D0190','일조유통','이진현','010-7475-3350',null,null);
Insert into TBL_DEPT (D_CODE,D_NAME,D_CEO,D_TEL,D_ADDR,D_MAN) values ('D0191','일호서비스','김일호','010-3869-9244',null,null);
Insert into TBL_DEPT (D_CODE,D_NAME,D_CEO,D_TEL,D_ADDR,D_MAN) values ('D0192','일화종합설비(서익산롯데)','이정범','010-8988-2126',null,null);
Insert into TBL_DEPT (D_CODE,D_NAME,D_CEO,D_TEL,D_ADDR,D_MAN) values ('D0193','자판기서비스','권오석','010-1801-9985',null,null);
Insert into TBL_DEPT (D_CODE,D_NAME,D_CEO,D_TEL,D_ADDR,D_MAN) values ('D0194','자판기월드','황성욱','010-3396-8037',null,null);
Insert into TBL_DEPT (D_CODE,D_NAME,D_CEO,D_TEL,D_ADDR,D_MAN) values ('D0195','자판판매(주)','이정숙','010-9781-6450',null,null);
Insert into TBL_DEPT (D_CODE,D_NAME,D_CEO,D_TEL,D_ADDR,D_MAN) values ('D0196','전북기공','정원조','010-7520-7245',null,null);
Insert into TBL_DEPT (D_CODE,D_NAME,D_CEO,D_TEL,D_ADDR,D_MAN) values ('D0197','전북롯데냉기(전북냉기)','공태식','010-5570-4421',null,null);
Insert into TBL_DEPT (D_CODE,D_NAME,D_CEO,D_TEL,D_ADDR,D_MAN) values ('D0198','정민냉열','오세철','010-2828-3878',null,null);
Insert into TBL_DEPT (D_CODE,D_NAME,D_CEO,D_TEL,D_ADDR,D_MAN) values ('D0199','정우유통','이정우','010-6425-5959',null,null);
Insert into TBL_DEPT (D_CODE,D_NAME,D_CEO,D_TEL,D_ADDR,D_MAN) values ('D0200','정일상사(남양주롯데)','김상균','010-2302-5262',null,null);
Insert into TBL_DEPT (D_CODE,D_NAME,D_CEO,D_TEL,D_ADDR,D_MAN) values ('D0201','제이엘엔지니어링','이종배','010-4378-9458',null,null);
Insert into TBL_DEPT (D_CODE,D_NAME,D_CEO,D_TEL,D_ADDR,D_MAN) values ('D0202','제일기업(연제롯데)','정광휘','010-6482-4543',null,null);
Insert into TBL_DEPT (D_CODE,D_NAME,D_CEO,D_TEL,D_ADDR,D_MAN) values ('D0203','제일보일러(울산울주롯데)','곽문진','010-8851-9487',null,null);
Insert into TBL_DEPT (D_CODE,D_NAME,D_CEO,D_TEL,D_ADDR,D_MAN) values ('D0204','제일상사(북익산롯데)','최세연','010-9165-8766',null,null);
Insert into TBL_DEPT (D_CODE,D_NAME,D_CEO,D_TEL,D_ADDR,D_MAN) values ('D0205','제일설비(예산롯데)','김인환','010-3692-6443',null,null);
Insert into TBL_DEPT (D_CODE,D_NAME,D_CEO,D_TEL,D_ADDR,D_MAN) values ('D0206','제일종합상사','이경수','010-8714-1854',null,null);
Insert into TBL_DEPT (D_CODE,D_NAME,D_CEO,D_TEL,D_ADDR,D_MAN) values ('D0207','제주냉동','강정일','010-9363-5273',null,null);
Insert into TBL_DEPT (D_CODE,D_NAME,D_CEO,D_TEL,D_ADDR,D_MAN) values ('D0208','제주판매(주)','이상형','010-2778-9007',null,null);
Insert into TBL_DEPT (D_CODE,D_NAME,D_CEO,D_TEL,D_ADDR,D_MAN) values ('D0209','조성엔지니어링(대전중구롯데)','정회순','010-1231-9939',null,null);
Insert into TBL_DEPT (D_CODE,D_NAME,D_CEO,D_TEL,D_ADDR,D_MAN) values ('D0210','조은에너지(광진롯데)','정석순','010-8375-1369',null,null);
Insert into TBL_DEPT (D_CODE,D_NAME,D_CEO,D_TEL,D_ADDR,D_MAN) values ('D0211','중부서비스','민원기','010-5088-4782',null,null);
Insert into TBL_DEPT (D_CODE,D_NAME,D_CEO,D_TEL,D_ADDR,D_MAN) values ('D0212','진우ENG','이진우','010-7088-8886',null,null);
Insert into TBL_DEPT (D_CODE,D_NAME,D_CEO,D_TEL,D_ADDR,D_MAN) values ('D0213','진우전자','이광재','010-9419-6838',null,null);
Insert into TBL_DEPT (D_CODE,D_NAME,D_CEO,D_TEL,D_ADDR,D_MAN) values ('D0214','진주롯데기공냉동서비스','방성원','010-7511-5286',null,null);
Insert into TBL_DEPT (D_CODE,D_NAME,D_CEO,D_TEL,D_ADDR,D_MAN) values ('D0215','진흥자판기','김복자','010-6400-3428',null,null);
Insert into TBL_DEPT (D_CODE,D_NAME,D_CEO,D_TEL,D_ADDR,D_MAN) values ('D0216','창원롯데','박준수','010-5069-2415',null,null);
Insert into TBL_DEPT (D_CODE,D_NAME,D_CEO,D_TEL,D_ADDR,D_MAN) values ('D0217','천안북부롯데','배정호','010-7695-5384',null,null);
Insert into TBL_DEPT (D_CODE,D_NAME,D_CEO,D_TEL,D_ADDR,D_MAN) values ('D0218','청인(동구롯데)','한규식','010-6238-8164',null,null);
Insert into TBL_DEPT (D_CODE,D_NAME,D_CEO,D_TEL,D_ADDR,D_MAN) values ('D0219','청주롯데보일러','주장섭','010-6042-5913',null,null);
Insert into TBL_DEPT (D_CODE,D_NAME,D_CEO,D_TEL,D_ADDR,D_MAN) values ('D0220','충주대리점','박정용','010-4358-4847',null,null);
Insert into TBL_DEPT (D_CODE,D_NAME,D_CEO,D_TEL,D_ADDR,D_MAN) values ('D0221','코리아냉.난방(군산남부롯데)','이종현','010-8589-3515',null,null);
Insert into TBL_DEPT (D_CODE,D_NAME,D_CEO,D_TEL,D_ADDR,D_MAN) values ('D0222','태성에너지','이태근','010-4093-5641',null,null);
Insert into TBL_DEPT (D_CODE,D_NAME,D_CEO,D_TEL,D_ADDR,D_MAN) values ('D0223','태양열기(김포롯데)','김미숙','010-7904-1457',null,null);
Insert into TBL_DEPT (D_CODE,D_NAME,D_CEO,D_TEL,D_ADDR,D_MAN) values ('D0224','태양자판기서비스','허성원','010-3601-2124',null,null);
Insert into TBL_DEPT (D_CODE,D_NAME,D_CEO,D_TEL,D_ADDR,D_MAN) values ('D0225','태양전기판넬','성경희','010-6907-6140',null,null);
Insert into TBL_DEPT (D_CODE,D_NAME,D_CEO,D_TEL,D_ADDR,D_MAN) values ('D0226','텐플러스 시스템','임순희','010-8408-6475',null,null);
Insert into TBL_DEPT (D_CODE,D_NAME,D_CEO,D_TEL,D_ADDR,D_MAN) values ('D0227','플러스상사(광주북부)','명종학','010-8235-1838',null,null);
Insert into TBL_DEPT (D_CODE,D_NAME,D_CEO,D_TEL,D_ADDR,D_MAN) values ('D0228','하나벤딩(주)','박진구','010-4073-2135',null,null);
Insert into TBL_DEPT (D_CODE,D_NAME,D_CEO,D_TEL,D_ADDR,D_MAN) values ('D0229','하린냉동','김종율','010-4224-9189',null,null);
Insert into TBL_DEPT (D_CODE,D_NAME,D_CEO,D_TEL,D_ADDR,D_MAN) values ('D0230','한성냉열인슈로(주)','김광영','010-4990-3641',null,null);
Insert into TBL_DEPT (D_CODE,D_NAME,D_CEO,D_TEL,D_ADDR,D_MAN) values ('D0231','한솔종합상사','이홍수','010-5748-8709',null,null);
Insert into TBL_DEPT (D_CODE,D_NAME,D_CEO,D_TEL,D_ADDR,D_MAN) values ('D0232','해태자판기전남지점','김진용','010-9596-3097',null,null);
Insert into TBL_DEPT (D_CODE,D_NAME,D_CEO,D_TEL,D_ADDR,D_MAN) values ('D0233','현대상사','이채욱','010-4082-2807',null,null);
Insert into TBL_DEPT (D_CODE,D_NAME,D_CEO,D_TEL,D_ADDR,D_MAN) values ('D0234','협승냉열','김미용','010-6202-6503',null,null);
Insert into TBL_DEPT (D_CODE,D_NAME,D_CEO,D_TEL,D_ADDR,D_MAN) values ('D0235','협신상사','백경목','010-4518-7485',null,null);
Insert into TBL_DEPT (D_CODE,D_NAME,D_CEO,D_TEL,D_ADDR,D_MAN) values ('D0236','화명롯데가스보일러(화명롯데)','김영화','010-3230-5191',null,null);
REM INSERTING into TBL_IOLIST
SET DEFINE OFF;
Insert into TBL_IOLIST (IO_SEQ,IO_DATE,IO_INOUT,IO_QTY,IO_PRICE,IO_AMT,IO_PCODE,IO_DCODE) values (362,'2018-04-26',2,68,1500,102000,'P00236','D0010');
Insert into TBL_IOLIST (IO_SEQ,IO_DATE,IO_INOUT,IO_QTY,IO_PRICE,IO_AMT,IO_PCODE,IO_DCODE) values (363,'2018-04-26',2,90,1100,99000,'P00091','D0080');
Insert into TBL_IOLIST (IO_SEQ,IO_DATE,IO_INOUT,IO_QTY,IO_PRICE,IO_AMT,IO_PCODE,IO_DCODE) values (364,'2018-04-27',2,70,1000,70000,'P00015','D0128');
Insert into TBL_IOLIST (IO_SEQ,IO_DATE,IO_INOUT,IO_QTY,IO_PRICE,IO_AMT,IO_PCODE,IO_DCODE) values (365,'2018-04-28',2,95,1500,142500,'P00305','D0004');
Insert into TBL_IOLIST (IO_SEQ,IO_DATE,IO_INOUT,IO_QTY,IO_PRICE,IO_AMT,IO_PCODE,IO_DCODE) values (366,'2018-04-28',2,69,500,34500,'P00081','D0046');
Insert into TBL_IOLIST (IO_SEQ,IO_DATE,IO_INOUT,IO_QTY,IO_PRICE,IO_AMT,IO_PCODE,IO_DCODE) values (367,'2018-05-01',2,69,2300,158700,'P00233','D0057');
Insert into TBL_IOLIST (IO_SEQ,IO_DATE,IO_INOUT,IO_QTY,IO_PRICE,IO_AMT,IO_PCODE,IO_DCODE) values (368,'2018-05-01',2,56,1500,84000,'P00121','D0077');
Insert into TBL_IOLIST (IO_SEQ,IO_DATE,IO_INOUT,IO_QTY,IO_PRICE,IO_AMT,IO_PCODE,IO_DCODE) values (369,'2018-05-01',2,95,10000,950000,'P00217','D0177');
Insert into TBL_IOLIST (IO_SEQ,IO_DATE,IO_INOUT,IO_QTY,IO_PRICE,IO_AMT,IO_PCODE,IO_DCODE) values (370,'2018-05-02',2,59,1300,76700,'P00200','D0004');
Insert into TBL_IOLIST (IO_SEQ,IO_DATE,IO_INOUT,IO_QTY,IO_PRICE,IO_AMT,IO_PCODE,IO_DCODE) values (371,'2018-05-02',2,54,1500,81000,'P00221','D0083');
Insert into TBL_IOLIST (IO_SEQ,IO_DATE,IO_INOUT,IO_QTY,IO_PRICE,IO_AMT,IO_PCODE,IO_DCODE) values (372,'2018-05-21',2,70,1000,70000,'P00170','D0107');
Insert into TBL_IOLIST (IO_SEQ,IO_DATE,IO_INOUT,IO_QTY,IO_PRICE,IO_AMT,IO_PCODE,IO_DCODE) values (373,'2018-05-22',2,93,1800,167400,'P00353','D0049');
Insert into TBL_IOLIST (IO_SEQ,IO_DATE,IO_INOUT,IO_QTY,IO_PRICE,IO_AMT,IO_PCODE,IO_DCODE) values (374,'2018-05-23',2,69,500,34500,'P00073','D0198');
Insert into TBL_IOLIST (IO_SEQ,IO_DATE,IO_INOUT,IO_QTY,IO_PRICE,IO_AMT,IO_PCODE,IO_DCODE) values (375,'2018-05-24',2,58,6000,348000,'P00083','D0055');
Insert into TBL_IOLIST (IO_SEQ,IO_DATE,IO_INOUT,IO_QTY,IO_PRICE,IO_AMT,IO_PCODE,IO_DCODE) values (376,'2018-05-24',2,65,500,32500,'P00108','D0191');
Insert into TBL_IOLIST (IO_SEQ,IO_DATE,IO_INOUT,IO_QTY,IO_PRICE,IO_AMT,IO_PCODE,IO_DCODE) values (377,'2018-05-24',2,78,2500,195000,'P00251','D0149');
Insert into TBL_IOLIST (IO_SEQ,IO_DATE,IO_INOUT,IO_QTY,IO_PRICE,IO_AMT,IO_PCODE,IO_DCODE) values (378,'2018-05-26',2,66,2800,184800,'P00186','D0129');
Insert into TBL_IOLIST (IO_SEQ,IO_DATE,IO_INOUT,IO_QTY,IO_PRICE,IO_AMT,IO_PCODE,IO_DCODE) values (379,'2018-05-27',2,100,3800,380000,'P00230','D0085');
Insert into TBL_IOLIST (IO_SEQ,IO_DATE,IO_INOUT,IO_QTY,IO_PRICE,IO_AMT,IO_PCODE,IO_DCODE) values (380,'2018-05-27',2,56,500,28000,'P00094','D0134');
Insert into TBL_IOLIST (IO_SEQ,IO_DATE,IO_INOUT,IO_QTY,IO_PRICE,IO_AMT,IO_PCODE,IO_DCODE) values (381,'2018-05-27',2,79,2500,197500,'P00125','D0053');
Insert into TBL_IOLIST (IO_SEQ,IO_DATE,IO_INOUT,IO_QTY,IO_PRICE,IO_AMT,IO_PCODE,IO_DCODE) values (382,'2018-05-28',2,79,4000,316000,'P00034','D0012');
Insert into TBL_IOLIST (IO_SEQ,IO_DATE,IO_INOUT,IO_QTY,IO_PRICE,IO_AMT,IO_PCODE,IO_DCODE) values (383,'2018-05-28',2,99,800,79200,'P00351','D0097');
Insert into TBL_IOLIST (IO_SEQ,IO_DATE,IO_INOUT,IO_QTY,IO_PRICE,IO_AMT,IO_PCODE,IO_DCODE) values (384,'2018-06-01',2,81,2500,202500,'P00155','D0144');
Insert into TBL_IOLIST (IO_SEQ,IO_DATE,IO_INOUT,IO_QTY,IO_PRICE,IO_AMT,IO_PCODE,IO_DCODE) values (385,'2018-06-03',2,77,2500,192500,'P00159','D0089');
Insert into TBL_IOLIST (IO_SEQ,IO_DATE,IO_INOUT,IO_QTY,IO_PRICE,IO_AMT,IO_PCODE,IO_DCODE) values (386,'2018-06-03',2,60,1500,90000,'P00061','D0225');
Insert into TBL_IOLIST (IO_SEQ,IO_DATE,IO_INOUT,IO_QTY,IO_PRICE,IO_AMT,IO_PCODE,IO_DCODE) values (387,'2018-06-03',2,77,1500,115500,'P00289','D0113');
Insert into TBL_IOLIST (IO_SEQ,IO_DATE,IO_INOUT,IO_QTY,IO_PRICE,IO_AMT,IO_PCODE,IO_DCODE) values (388,'2018-06-04',2,53,700,37100,'P00098','D0206');
Insert into TBL_IOLIST (IO_SEQ,IO_DATE,IO_INOUT,IO_QTY,IO_PRICE,IO_AMT,IO_PCODE,IO_DCODE) values (389,'2018-06-05',2,91,2000,182000,'P00328','D0232');
Insert into TBL_IOLIST (IO_SEQ,IO_DATE,IO_INOUT,IO_QTY,IO_PRICE,IO_AMT,IO_PCODE,IO_DCODE) values (390,'2018-06-05',2,55,1000,55000,'P00393','D0055');
Insert into TBL_IOLIST (IO_SEQ,IO_DATE,IO_INOUT,IO_QTY,IO_PRICE,IO_AMT,IO_PCODE,IO_DCODE) values (391,'2018-06-05',2,67,1000,67000,'P00211','D0161');
Insert into TBL_IOLIST (IO_SEQ,IO_DATE,IO_INOUT,IO_QTY,IO_PRICE,IO_AMT,IO_PCODE,IO_DCODE) values (392,'2018-06-05',2,66,700,46200,'P00266','D0188');
Insert into TBL_IOLIST (IO_SEQ,IO_DATE,IO_INOUT,IO_QTY,IO_PRICE,IO_AMT,IO_PCODE,IO_DCODE) values (393,'2018-06-05',2,53,1500,79500,'P00209','D0172');
Insert into TBL_IOLIST (IO_SEQ,IO_DATE,IO_INOUT,IO_QTY,IO_PRICE,IO_AMT,IO_PCODE,IO_DCODE) values (394,'2018-06-05',2,97,1000,97000,'P00113','D0001');
Insert into TBL_IOLIST (IO_SEQ,IO_DATE,IO_INOUT,IO_QTY,IO_PRICE,IO_AMT,IO_PCODE,IO_DCODE) values (395,'2018-06-06',2,65,12000,780000,'P00337','D0087');
Insert into TBL_IOLIST (IO_SEQ,IO_DATE,IO_INOUT,IO_QTY,IO_PRICE,IO_AMT,IO_PCODE,IO_DCODE) values (396,'2018-06-07',2,67,1000,67000,'P00203','D0020');
Insert into TBL_IOLIST (IO_SEQ,IO_DATE,IO_INOUT,IO_QTY,IO_PRICE,IO_AMT,IO_PCODE,IO_DCODE) values (397,'2018-06-07',2,89,500,44500,'P00096','D0126');
Insert into TBL_IOLIST (IO_SEQ,IO_DATE,IO_INOUT,IO_QTY,IO_PRICE,IO_AMT,IO_PCODE,IO_DCODE) values (398,'2018-06-08',2,80,900,72000,'P00161','D0069');
Insert into TBL_IOLIST (IO_SEQ,IO_DATE,IO_INOUT,IO_QTY,IO_PRICE,IO_AMT,IO_PCODE,IO_DCODE) values (399,'2018-06-14',2,68,3000,204000,'P00333','D0178');
Insert into TBL_IOLIST (IO_SEQ,IO_DATE,IO_INOUT,IO_QTY,IO_PRICE,IO_AMT,IO_PCODE,IO_DCODE) values (400,'2018-06-16',2,60,1100,66000,'P00216','D0091');
Insert into TBL_IOLIST (IO_SEQ,IO_DATE,IO_INOUT,IO_QTY,IO_PRICE,IO_AMT,IO_PCODE,IO_DCODE) values (401,'2018-06-16',2,50,13000,650000,'P00299','D0205');
Insert into TBL_IOLIST (IO_SEQ,IO_DATE,IO_INOUT,IO_QTY,IO_PRICE,IO_AMT,IO_PCODE,IO_DCODE) values (402,'2018-06-17',2,59,900,53100,'P00041','D0009');
Insert into TBL_IOLIST (IO_SEQ,IO_DATE,IO_INOUT,IO_QTY,IO_PRICE,IO_AMT,IO_PCODE,IO_DCODE) values (403,'2018-06-17',2,52,2000,104000,'P00193','D0230');
Insert into TBL_IOLIST (IO_SEQ,IO_DATE,IO_INOUT,IO_QTY,IO_PRICE,IO_AMT,IO_PCODE,IO_DCODE) values (404,'2018-06-18',2,54,1000,54000,'P00309','D0094');
Insert into TBL_IOLIST (IO_SEQ,IO_DATE,IO_INOUT,IO_QTY,IO_PRICE,IO_AMT,IO_PCODE,IO_DCODE) values (405,'2018-06-19',2,78,1500,117000,'P00180','D0071');
Insert into TBL_IOLIST (IO_SEQ,IO_DATE,IO_INOUT,IO_QTY,IO_PRICE,IO_AMT,IO_PCODE,IO_DCODE) values (406,'2018-06-19',2,93,3000,279000,'P00244','D0002');
Insert into TBL_IOLIST (IO_SEQ,IO_DATE,IO_INOUT,IO_QTY,IO_PRICE,IO_AMT,IO_PCODE,IO_DCODE) values (407,'2018-06-20',2,54,800,43200,'P00106','D0137');
Insert into TBL_IOLIST (IO_SEQ,IO_DATE,IO_INOUT,IO_QTY,IO_PRICE,IO_AMT,IO_PCODE,IO_DCODE) values (408,'2018-06-20',2,61,5000,305000,'P00011','D0102');
Insert into TBL_IOLIST (IO_SEQ,IO_DATE,IO_INOUT,IO_QTY,IO_PRICE,IO_AMT,IO_PCODE,IO_DCODE) values (409,'2018-06-21',2,75,1200,90000,'P00183','D0018');
Insert into TBL_IOLIST (IO_SEQ,IO_DATE,IO_INOUT,IO_QTY,IO_PRICE,IO_AMT,IO_PCODE,IO_DCODE) values (410,'2018-06-22',2,70,800,56000,'P00044','D0068');
Insert into TBL_IOLIST (IO_SEQ,IO_DATE,IO_INOUT,IO_QTY,IO_PRICE,IO_AMT,IO_PCODE,IO_DCODE) values (411,'2018-06-22',2,99,2500,247500,'P00143','D0203');
Insert into TBL_IOLIST (IO_SEQ,IO_DATE,IO_INOUT,IO_QTY,IO_PRICE,IO_AMT,IO_PCODE,IO_DCODE) values (412,'2018-06-23',2,72,2500,180000,'P00156','D0012');
Insert into TBL_IOLIST (IO_SEQ,IO_DATE,IO_INOUT,IO_QTY,IO_PRICE,IO_AMT,IO_PCODE,IO_DCODE) values (413,'2018-06-23',2,94,1500,141000,'P00285','D0217');
Insert into TBL_IOLIST (IO_SEQ,IO_DATE,IO_INOUT,IO_QTY,IO_PRICE,IO_AMT,IO_PCODE,IO_DCODE) values (414,'2018-06-23',2,99,2500,247500,'P00148','D0041');
Insert into TBL_IOLIST (IO_SEQ,IO_DATE,IO_INOUT,IO_QTY,IO_PRICE,IO_AMT,IO_PCODE,IO_DCODE) values (415,'2018-06-23',2,100,1500,150000,'P00313','D0224');
Insert into TBL_IOLIST (IO_SEQ,IO_DATE,IO_INOUT,IO_QTY,IO_PRICE,IO_AMT,IO_PCODE,IO_DCODE) values (416,'2018-06-24',2,94,500,47000,'P00150','D0071');
Insert into TBL_IOLIST (IO_SEQ,IO_DATE,IO_INOUT,IO_QTY,IO_PRICE,IO_AMT,IO_PCODE,IO_DCODE) values (417,'2018-06-25',2,74,1000,74000,'P00347','D0216');
Insert into TBL_IOLIST (IO_SEQ,IO_DATE,IO_INOUT,IO_QTY,IO_PRICE,IO_AMT,IO_PCODE,IO_DCODE) values (418,'2018-06-25',2,75,2500,187500,'P00129','D0024');
Insert into TBL_IOLIST (IO_SEQ,IO_DATE,IO_INOUT,IO_QTY,IO_PRICE,IO_AMT,IO_PCODE,IO_DCODE) values (419,'2018-06-28',2,93,1800,167400,'P00065','D0190');
Insert into TBL_IOLIST (IO_SEQ,IO_DATE,IO_INOUT,IO_QTY,IO_PRICE,IO_AMT,IO_PCODE,IO_DCODE) values (420,'2018-07-06',2,87,1000,87000,'P00213','D0236');
Insert into TBL_IOLIST (IO_SEQ,IO_DATE,IO_INOUT,IO_QTY,IO_PRICE,IO_AMT,IO_PCODE,IO_DCODE) values (421,'2018-07-08',2,52,9000,468000,'P00361','D0170');
Insert into TBL_IOLIST (IO_SEQ,IO_DATE,IO_INOUT,IO_QTY,IO_PRICE,IO_AMT,IO_PCODE,IO_DCODE) values (422,'2018-07-09',2,64,2000,128000,'P00141','D0231');
Insert into TBL_IOLIST (IO_SEQ,IO_DATE,IO_INOUT,IO_QTY,IO_PRICE,IO_AMT,IO_PCODE,IO_DCODE) values (423,'2018-07-09',2,71,600,42600,'P00043','D0226');
Insert into TBL_IOLIST (IO_SEQ,IO_DATE,IO_INOUT,IO_QTY,IO_PRICE,IO_AMT,IO_PCODE,IO_DCODE) values (424,'2018-07-09',2,78,1500,117000,'P00387','D0050');
Insert into TBL_IOLIST (IO_SEQ,IO_DATE,IO_INOUT,IO_QTY,IO_PRICE,IO_AMT,IO_PCODE,IO_DCODE) values (425,'2018-07-12',2,78,2000,156000,'P00229','D0133');
Insert into TBL_IOLIST (IO_SEQ,IO_DATE,IO_INOUT,IO_QTY,IO_PRICE,IO_AMT,IO_PCODE,IO_DCODE) values (426,'2018-07-12',2,73,800,58400,'P00310','D0102');
Insert into TBL_IOLIST (IO_SEQ,IO_DATE,IO_INOUT,IO_QTY,IO_PRICE,IO_AMT,IO_PCODE,IO_DCODE) values (427,'2018-07-13',2,73,1200,87600,'P00107','D0012');
Insert into TBL_IOLIST (IO_SEQ,IO_DATE,IO_INOUT,IO_QTY,IO_PRICE,IO_AMT,IO_PCODE,IO_DCODE) values (428,'2018-07-14',2,64,5500,352000,'P00296','D0135');
Insert into TBL_IOLIST (IO_SEQ,IO_DATE,IO_INOUT,IO_QTY,IO_PRICE,IO_AMT,IO_PCODE,IO_DCODE) values (429,'2018-07-14',2,51,1000,51000,'P00013','D0095');
Insert into TBL_IOLIST (IO_SEQ,IO_DATE,IO_INOUT,IO_QTY,IO_PRICE,IO_AMT,IO_PCODE,IO_DCODE) values (430,'2018-07-15',2,61,1000,61000,'P00054','D0058');
Insert into TBL_IOLIST (IO_SEQ,IO_DATE,IO_INOUT,IO_QTY,IO_PRICE,IO_AMT,IO_PCODE,IO_DCODE) values (431,'2018-07-17',2,90,2000,180000,'P00339','D0145');
Insert into TBL_IOLIST (IO_SEQ,IO_DATE,IO_INOUT,IO_QTY,IO_PRICE,IO_AMT,IO_PCODE,IO_DCODE) values (432,'2018-07-18',2,86,800,68800,'P00147','D0140');
Insert into TBL_IOLIST (IO_SEQ,IO_DATE,IO_INOUT,IO_QTY,IO_PRICE,IO_AMT,IO_PCODE,IO_DCODE) values (433,'2018-07-18',2,51,1200,61200,'P00277','D0110');
Insert into TBL_IOLIST (IO_SEQ,IO_DATE,IO_INOUT,IO_QTY,IO_PRICE,IO_AMT,IO_PCODE,IO_DCODE) values (434,'2018-07-18',2,94,2800,263200,'P00187','D0047');
Insert into TBL_IOLIST (IO_SEQ,IO_DATE,IO_INOUT,IO_QTY,IO_PRICE,IO_AMT,IO_PCODE,IO_DCODE) values (435,'2018-07-19',2,72,1000,72000,'P00093','D0081');
Insert into TBL_IOLIST (IO_SEQ,IO_DATE,IO_INOUT,IO_QTY,IO_PRICE,IO_AMT,IO_PCODE,IO_DCODE) values (436,'2018-07-19',2,71,5500,390500,'P00295','D0061');
Insert into TBL_IOLIST (IO_SEQ,IO_DATE,IO_INOUT,IO_QTY,IO_PRICE,IO_AMT,IO_PCODE,IO_DCODE) values (437,'2018-07-20',2,93,900,83700,'P00041','D0090');
Insert into TBL_IOLIST (IO_SEQ,IO_DATE,IO_INOUT,IO_QTY,IO_PRICE,IO_AMT,IO_PCODE,IO_DCODE) values (438,'2018-07-20',2,79,1000,79000,'P00318','D0076');
Insert into TBL_IOLIST (IO_SEQ,IO_DATE,IO_INOUT,IO_QTY,IO_PRICE,IO_AMT,IO_PCODE,IO_DCODE) values (439,'2018-07-20',2,97,2500,242500,'P00174','D0210');
Insert into TBL_IOLIST (IO_SEQ,IO_DATE,IO_INOUT,IO_QTY,IO_PRICE,IO_AMT,IO_PCODE,IO_DCODE) values (440,'2018-07-20',2,72,8000,576000,'P00088','D0013');
Insert into TBL_IOLIST (IO_SEQ,IO_DATE,IO_INOUT,IO_QTY,IO_PRICE,IO_AMT,IO_PCODE,IO_DCODE) values (441,'2018-07-21',2,73,2000,146000,'P00316','D0060');
Insert into TBL_IOLIST (IO_SEQ,IO_DATE,IO_INOUT,IO_QTY,IO_PRICE,IO_AMT,IO_PCODE,IO_DCODE) values (442,'2018-07-21',2,89,1500,133500,'P00386','D0201');
Insert into TBL_IOLIST (IO_SEQ,IO_DATE,IO_INOUT,IO_QTY,IO_PRICE,IO_AMT,IO_PCODE,IO_DCODE) values (443,'2018-07-22',2,82,1800,147600,'P00275','D0172');
Insert into TBL_IOLIST (IO_SEQ,IO_DATE,IO_INOUT,IO_QTY,IO_PRICE,IO_AMT,IO_PCODE,IO_DCODE) values (444,'2018-07-22',2,61,500,30500,'P00017','D0055');
Insert into TBL_IOLIST (IO_SEQ,IO_DATE,IO_INOUT,IO_QTY,IO_PRICE,IO_AMT,IO_PCODE,IO_DCODE) values (445,'2018-07-22',2,61,1200,73200,'P00300','D0191');
Insert into TBL_IOLIST (IO_SEQ,IO_DATE,IO_INOUT,IO_QTY,IO_PRICE,IO_AMT,IO_PCODE,IO_DCODE) values (446,'2018-07-25',2,95,2500,237500,'P00153','D0149');
Insert into TBL_IOLIST (IO_SEQ,IO_DATE,IO_INOUT,IO_QTY,IO_PRICE,IO_AMT,IO_PCODE,IO_DCODE) values (447,'2018-07-25',2,70,600,42000,'P00258','D0133');
Insert into TBL_IOLIST (IO_SEQ,IO_DATE,IO_INOUT,IO_QTY,IO_PRICE,IO_AMT,IO_PCODE,IO_DCODE) values (448,'2018-07-25',2,77,2500,192500,'P00151','D0114');
Insert into TBL_IOLIST (IO_SEQ,IO_DATE,IO_INOUT,IO_QTY,IO_PRICE,IO_AMT,IO_PCODE,IO_DCODE) values (449,'2018-07-26',2,83,6000,498000,'P00083','D0056');
Insert into TBL_IOLIST (IO_SEQ,IO_DATE,IO_INOUT,IO_QTY,IO_PRICE,IO_AMT,IO_PCODE,IO_DCODE) values (450,'2018-07-26',2,72,700,50400,'P00116','D0072');
Insert into TBL_IOLIST (IO_SEQ,IO_DATE,IO_INOUT,IO_QTY,IO_PRICE,IO_AMT,IO_PCODE,IO_DCODE) values (451,'2018-07-28',2,79,1000,79000,'P00247','D0048');
Insert into TBL_IOLIST (IO_SEQ,IO_DATE,IO_INOUT,IO_QTY,IO_PRICE,IO_AMT,IO_PCODE,IO_DCODE) values (452,'2018-07-28',2,91,2500,227500,'P00127','D0233');
Insert into TBL_IOLIST (IO_SEQ,IO_DATE,IO_INOUT,IO_QTY,IO_PRICE,IO_AMT,IO_PCODE,IO_DCODE) values (453,'2018-08-08',2,70,3000,210000,'P00188','D0161');
Insert into TBL_IOLIST (IO_SEQ,IO_DATE,IO_INOUT,IO_QTY,IO_PRICE,IO_AMT,IO_PCODE,IO_DCODE) values (454,'2018-08-08',2,70,3000,210000,'P00304','D0006');
Insert into TBL_IOLIST (IO_SEQ,IO_DATE,IO_INOUT,IO_QTY,IO_PRICE,IO_AMT,IO_PCODE,IO_DCODE) values (455,'2018-08-10',2,82,3000,246000,'P00346','D0234');
Insert into TBL_IOLIST (IO_SEQ,IO_DATE,IO_INOUT,IO_QTY,IO_PRICE,IO_AMT,IO_PCODE,IO_DCODE) values (456,'2018-08-11',2,92,3000,276000,'P00391','D0184');
Insert into TBL_IOLIST (IO_SEQ,IO_DATE,IO_INOUT,IO_QTY,IO_PRICE,IO_AMT,IO_PCODE,IO_DCODE) values (457,'2018-08-11',2,85,600,51000,'P00177','D0100');
Insert into TBL_IOLIST (IO_SEQ,IO_DATE,IO_INOUT,IO_QTY,IO_PRICE,IO_AMT,IO_PCODE,IO_DCODE) values (458,'2018-08-12',2,51,600,30600,'P00038','D0220');
Insert into TBL_IOLIST (IO_SEQ,IO_DATE,IO_INOUT,IO_QTY,IO_PRICE,IO_AMT,IO_PCODE,IO_DCODE) values (459,'2018-08-12',2,83,1000,83000,'P00113','D0057');
Insert into TBL_IOLIST (IO_SEQ,IO_DATE,IO_INOUT,IO_QTY,IO_PRICE,IO_AMT,IO_PCODE,IO_DCODE) values (460,'2018-08-12',2,90,2000,180000,'P00312','D0230');
Insert into TBL_IOLIST (IO_SEQ,IO_DATE,IO_INOUT,IO_QTY,IO_PRICE,IO_AMT,IO_PCODE,IO_DCODE) values (461,'2018-08-13',2,83,1800,149400,'P00303','D0034');
Insert into TBL_IOLIST (IO_SEQ,IO_DATE,IO_INOUT,IO_QTY,IO_PRICE,IO_AMT,IO_PCODE,IO_DCODE) values (462,'2018-08-13',2,70,1800,126000,'P00201','D0003');
Insert into TBL_IOLIST (IO_SEQ,IO_DATE,IO_INOUT,IO_QTY,IO_PRICE,IO_AMT,IO_PCODE,IO_DCODE) values (463,'2018-08-15',2,59,600,35400,'P00145','D0164');
Insert into TBL_IOLIST (IO_SEQ,IO_DATE,IO_INOUT,IO_QTY,IO_PRICE,IO_AMT,IO_PCODE,IO_DCODE) values (464,'2018-08-15',2,57,1000,57000,'P00288','D0156');
Insert into TBL_IOLIST (IO_SEQ,IO_DATE,IO_INOUT,IO_QTY,IO_PRICE,IO_AMT,IO_PCODE,IO_DCODE) values (465,'2018-08-15',2,82,500,41000,'P00380','D0201');
Insert into TBL_IOLIST (IO_SEQ,IO_DATE,IO_INOUT,IO_QTY,IO_PRICE,IO_AMT,IO_PCODE,IO_DCODE) values (466,'2018-08-15',2,90,2000,180000,'P00366','D0063');
Insert into TBL_IOLIST (IO_SEQ,IO_DATE,IO_INOUT,IO_QTY,IO_PRICE,IO_AMT,IO_PCODE,IO_DCODE) values (467,'2018-08-15',2,86,3000,258000,'P00333','D0029');
Insert into TBL_IOLIST (IO_SEQ,IO_DATE,IO_INOUT,IO_QTY,IO_PRICE,IO_AMT,IO_PCODE,IO_DCODE) values (468,'2018-08-16',2,80,300,24000,'P00214','D0181');
Insert into TBL_IOLIST (IO_SEQ,IO_DATE,IO_INOUT,IO_QTY,IO_PRICE,IO_AMT,IO_PCODE,IO_DCODE) values (469,'2018-08-17',2,75,20000,1500000,'P00218','D0019');
Insert into TBL_IOLIST (IO_SEQ,IO_DATE,IO_INOUT,IO_QTY,IO_PRICE,IO_AMT,IO_PCODE,IO_DCODE) values (470,'2018-08-17',2,90,12000,1080000,'P00047','D0002');
Insert into TBL_IOLIST (IO_SEQ,IO_DATE,IO_INOUT,IO_QTY,IO_PRICE,IO_AMT,IO_PCODE,IO_DCODE) values (471,'2018-08-17',2,93,1000,93000,'P00049','D0204');
Insert into TBL_IOLIST (IO_SEQ,IO_DATE,IO_INOUT,IO_QTY,IO_PRICE,IO_AMT,IO_PCODE,IO_DCODE) values (472,'2018-08-18',2,53,5000,265000,'P00020','D0061');
Insert into TBL_IOLIST (IO_SEQ,IO_DATE,IO_INOUT,IO_QTY,IO_PRICE,IO_AMT,IO_PCODE,IO_DCODE) values (473,'2018-08-18',2,93,2500,232500,'P00149','D0225');
Insert into TBL_IOLIST (IO_SEQ,IO_DATE,IO_INOUT,IO_QTY,IO_PRICE,IO_AMT,IO_PCODE,IO_DCODE) values (474,'2018-08-18',2,94,700,65800,'P00246','D0135');
Insert into TBL_IOLIST (IO_SEQ,IO_DATE,IO_INOUT,IO_QTY,IO_PRICE,IO_AMT,IO_PCODE,IO_DCODE) values (475,'2018-08-20',2,50,800,40000,'P00048','D0169');
Insert into TBL_IOLIST (IO_SEQ,IO_DATE,IO_INOUT,IO_QTY,IO_PRICE,IO_AMT,IO_PCODE,IO_DCODE) values (476,'2018-08-21',2,95,1500,142500,'P00256','D0230');
Insert into TBL_IOLIST (IO_SEQ,IO_DATE,IO_INOUT,IO_QTY,IO_PRICE,IO_AMT,IO_PCODE,IO_DCODE) values (477,'2018-08-22',2,52,1000,52000,'P00122','D0185');
Insert into TBL_IOLIST (IO_SEQ,IO_DATE,IO_INOUT,IO_QTY,IO_PRICE,IO_AMT,IO_PCODE,IO_DCODE) values (478,'2018-08-22',2,53,4000,212000,'P00026','D0051');
Insert into TBL_IOLIST (IO_SEQ,IO_DATE,IO_INOUT,IO_QTY,IO_PRICE,IO_AMT,IO_PCODE,IO_DCODE) values (479,'2018-08-23',2,83,2800,232400,'P00186','D0109');
Insert into TBL_IOLIST (IO_SEQ,IO_DATE,IO_INOUT,IO_QTY,IO_PRICE,IO_AMT,IO_PCODE,IO_DCODE) values (480,'2018-08-24',2,97,1200,116400,'P00124','D0084');
Insert into TBL_IOLIST (IO_SEQ,IO_DATE,IO_INOUT,IO_QTY,IO_PRICE,IO_AMT,IO_PCODE,IO_DCODE) values (481,'2018-08-24',2,59,2500,147500,'P00089','D0042');
Insert into TBL_IOLIST (IO_SEQ,IO_DATE,IO_INOUT,IO_QTY,IO_PRICE,IO_AMT,IO_PCODE,IO_DCODE) values (482,'2018-08-24',2,61,1000,61000,'P00117','D0067');
Insert into TBL_IOLIST (IO_SEQ,IO_DATE,IO_INOUT,IO_QTY,IO_PRICE,IO_AMT,IO_PCODE,IO_DCODE) values (483,'2018-08-24',2,84,1500,126000,'P00198','D0152');
Insert into TBL_IOLIST (IO_SEQ,IO_DATE,IO_INOUT,IO_QTY,IO_PRICE,IO_AMT,IO_PCODE,IO_DCODE) values (484,'2018-08-25',2,97,1000,97000,'P00382','D0169');
Insert into TBL_IOLIST (IO_SEQ,IO_DATE,IO_INOUT,IO_QTY,IO_PRICE,IO_AMT,IO_PCODE,IO_DCODE) values (485,'2018-08-27',2,95,1800,171000,'P00175','D0001');
Insert into TBL_IOLIST (IO_SEQ,IO_DATE,IO_INOUT,IO_QTY,IO_PRICE,IO_AMT,IO_PCODE,IO_DCODE) values (486,'2018-08-27',2,64,2500,160000,'P00158','D0143');
Insert into TBL_IOLIST (IO_SEQ,IO_DATE,IO_INOUT,IO_QTY,IO_PRICE,IO_AMT,IO_PCODE,IO_DCODE) values (487,'2018-08-28',2,54,500,27000,'P00079','D0182');
Insert into TBL_IOLIST (IO_SEQ,IO_DATE,IO_INOUT,IO_QTY,IO_PRICE,IO_AMT,IO_PCODE,IO_DCODE) values (488,'2018-08-28',2,75,1500,112500,'P00063','D0002');
Insert into TBL_IOLIST (IO_SEQ,IO_DATE,IO_INOUT,IO_QTY,IO_PRICE,IO_AMT,IO_PCODE,IO_DCODE) values (489,'2018-08-28',2,59,1500,88500,'P00343','D0161');
Insert into TBL_IOLIST (IO_SEQ,IO_DATE,IO_INOUT,IO_QTY,IO_PRICE,IO_AMT,IO_PCODE,IO_DCODE) values (490,'2018-09-01',2,66,600,39600,'P00035','D0147');
Insert into TBL_IOLIST (IO_SEQ,IO_DATE,IO_INOUT,IO_QTY,IO_PRICE,IO_AMT,IO_PCODE,IO_DCODE) values (491,'2018-09-22',2,55,1800,99000,'P00168','D0069');
Insert into TBL_IOLIST (IO_SEQ,IO_DATE,IO_INOUT,IO_QTY,IO_PRICE,IO_AMT,IO_PCODE,IO_DCODE) values (492,'2018-09-23',2,85,4000,340000,'P00029','D0080');
Insert into TBL_IOLIST (IO_SEQ,IO_DATE,IO_INOUT,IO_QTY,IO_PRICE,IO_AMT,IO_PCODE,IO_DCODE) values (493,'2018-09-23',2,85,1000,85000,'P00327','D0115');
Insert into TBL_IOLIST (IO_SEQ,IO_DATE,IO_INOUT,IO_QTY,IO_PRICE,IO_AMT,IO_PCODE,IO_DCODE) values (494,'2018-09-23',2,85,700,59500,'P00238','D0162');
Insert into TBL_IOLIST (IO_SEQ,IO_DATE,IO_INOUT,IO_QTY,IO_PRICE,IO_AMT,IO_PCODE,IO_DCODE) values (495,'2018-09-23',2,50,800,40000,'P00237','D0015');
Insert into TBL_IOLIST (IO_SEQ,IO_DATE,IO_INOUT,IO_QTY,IO_PRICE,IO_AMT,IO_PCODE,IO_DCODE) values (496,'2018-09-23',2,83,1000,83000,'P00364','D0088');
Insert into TBL_IOLIST (IO_SEQ,IO_DATE,IO_INOUT,IO_QTY,IO_PRICE,IO_AMT,IO_PCODE,IO_DCODE) values (497,'2018-09-24',2,89,1500,133500,'P00278','D0123');
Insert into TBL_IOLIST (IO_SEQ,IO_DATE,IO_INOUT,IO_QTY,IO_PRICE,IO_AMT,IO_PCODE,IO_DCODE) values (498,'2018-09-25',2,72,600,43200,'P00035','D0168');
Insert into TBL_IOLIST (IO_SEQ,IO_DATE,IO_INOUT,IO_QTY,IO_PRICE,IO_AMT,IO_PCODE,IO_DCODE) values (499,'2018-09-25',2,60,500,30000,'P00380','D0123');
Insert into TBL_IOLIST (IO_SEQ,IO_DATE,IO_INOUT,IO_QTY,IO_PRICE,IO_AMT,IO_PCODE,IO_DCODE) values (500,'2018-09-25',2,97,1500,145500,'P00095','D0081');
Insert into TBL_IOLIST (IO_SEQ,IO_DATE,IO_INOUT,IO_QTY,IO_PRICE,IO_AMT,IO_PCODE,IO_DCODE) values (501,'2018-09-25',2,72,1000,72000,'P00327','D0176');
Insert into TBL_IOLIST (IO_SEQ,IO_DATE,IO_INOUT,IO_QTY,IO_PRICE,IO_AMT,IO_PCODE,IO_DCODE) values (502,'2018-09-26',2,95,1200,114000,'P00135','D0046');
Insert into TBL_IOLIST (IO_SEQ,IO_DATE,IO_INOUT,IO_QTY,IO_PRICE,IO_AMT,IO_PCODE,IO_DCODE) values (503,'2018-09-27',2,96,2500,240000,'P00293','D0224');
Insert into TBL_IOLIST (IO_SEQ,IO_DATE,IO_INOUT,IO_QTY,IO_PRICE,IO_AMT,IO_PCODE,IO_DCODE) values (504,'2018-09-27',2,90,800,72000,'P00139','D0067');
Insert into TBL_IOLIST (IO_SEQ,IO_DATE,IO_INOUT,IO_QTY,IO_PRICE,IO_AMT,IO_PCODE,IO_DCODE) values (505,'2018-09-28',2,93,500,46500,'P00306','D0062');
Insert into TBL_IOLIST (IO_SEQ,IO_DATE,IO_INOUT,IO_QTY,IO_PRICE,IO_AMT,IO_PCODE,IO_DCODE) values (506,'2018-09-28',2,53,2500,132500,'P00126','D0038');
Insert into TBL_IOLIST (IO_SEQ,IO_DATE,IO_INOUT,IO_QTY,IO_PRICE,IO_AMT,IO_PCODE,IO_DCODE) values (507,'2018-09-28',2,86,1500,129000,'P00270','D0033');
Insert into TBL_IOLIST (IO_SEQ,IO_DATE,IO_INOUT,IO_QTY,IO_PRICE,IO_AMT,IO_PCODE,IO_DCODE) values (508,'2018-09-28',2,57,18000,1026000,'P00138','D0122');
Insert into TBL_IOLIST (IO_SEQ,IO_DATE,IO_INOUT,IO_QTY,IO_PRICE,IO_AMT,IO_PCODE,IO_DCODE) values (509,'2018-09-28',2,94,800,75200,'P00240','D0209');
Insert into TBL_IOLIST (IO_SEQ,IO_DATE,IO_INOUT,IO_QTY,IO_PRICE,IO_AMT,IO_PCODE,IO_DCODE) values (510,'2018-10-01',2,99,500,49500,'P00094','D0102');
Insert into TBL_IOLIST (IO_SEQ,IO_DATE,IO_INOUT,IO_QTY,IO_PRICE,IO_AMT,IO_PCODE,IO_DCODE) values (511,'2018-10-01',2,96,1200,115200,'P00205','D0210');
Insert into TBL_IOLIST (IO_SEQ,IO_DATE,IO_INOUT,IO_QTY,IO_PRICE,IO_AMT,IO_PCODE,IO_DCODE) values (512,'2018-10-02',2,97,3000,291000,'P00196','D0044');
Insert into TBL_IOLIST (IO_SEQ,IO_DATE,IO_INOUT,IO_QTY,IO_PRICE,IO_AMT,IO_PCODE,IO_DCODE) values (513,'2018-10-03',2,57,5000,285000,'P00099','D0105');
Insert into TBL_IOLIST (IO_SEQ,IO_DATE,IO_INOUT,IO_QTY,IO_PRICE,IO_AMT,IO_PCODE,IO_DCODE) values (514,'2018-10-03',2,66,700,46200,'P00087','D0199');
Insert into TBL_IOLIST (IO_SEQ,IO_DATE,IO_INOUT,IO_QTY,IO_PRICE,IO_AMT,IO_PCODE,IO_DCODE) values (515,'2018-10-03',2,79,1300,102700,'P00232','D0069');
Insert into TBL_IOLIST (IO_SEQ,IO_DATE,IO_INOUT,IO_QTY,IO_PRICE,IO_AMT,IO_PCODE,IO_DCODE) values (516,'2018-10-04',2,95,3000,285000,'P00105','D0002');
Insert into TBL_IOLIST (IO_SEQ,IO_DATE,IO_INOUT,IO_QTY,IO_PRICE,IO_AMT,IO_PCODE,IO_DCODE) values (517,'2018-10-04',2,51,7000,357000,'P00335','D0182');
Insert into TBL_IOLIST (IO_SEQ,IO_DATE,IO_INOUT,IO_QTY,IO_PRICE,IO_AMT,IO_PCODE,IO_DCODE) values (518,'2018-10-05',2,82,1500,123000,'P00257','D0236');
Insert into TBL_IOLIST (IO_SEQ,IO_DATE,IO_INOUT,IO_QTY,IO_PRICE,IO_AMT,IO_PCODE,IO_DCODE) values (519,'2018-10-05',2,62,2500,155000,'P00128','D0091');
Insert into TBL_IOLIST (IO_SEQ,IO_DATE,IO_INOUT,IO_QTY,IO_PRICE,IO_AMT,IO_PCODE,IO_DCODE) values (520,'2018-10-06',2,63,700,44100,'P00112','D0005');
Insert into TBL_IOLIST (IO_SEQ,IO_DATE,IO_INOUT,IO_QTY,IO_PRICE,IO_AMT,IO_PCODE,IO_DCODE) values (521,'2018-10-06',2,55,1000,55000,'P00292','D0182');
Insert into TBL_IOLIST (IO_SEQ,IO_DATE,IO_INOUT,IO_QTY,IO_PRICE,IO_AMT,IO_PCODE,IO_DCODE) values (522,'2018-11-08',2,50,1000,50000,'P00224','D0154');
Insert into TBL_IOLIST (IO_SEQ,IO_DATE,IO_INOUT,IO_QTY,IO_PRICE,IO_AMT,IO_PCODE,IO_DCODE) values (523,'2018-11-08',2,70,1500,105000,'P00102','D0057');
Insert into TBL_IOLIST (IO_SEQ,IO_DATE,IO_INOUT,IO_QTY,IO_PRICE,IO_AMT,IO_PCODE,IO_DCODE) values (524,'2018-11-09',2,59,3000,177000,'P00391','D0111');
Insert into TBL_IOLIST (IO_SEQ,IO_DATE,IO_INOUT,IO_QTY,IO_PRICE,IO_AMT,IO_PCODE,IO_DCODE) values (525,'2018-11-10',2,50,1000,50000,'P00383','D0233');
Insert into TBL_IOLIST (IO_SEQ,IO_DATE,IO_INOUT,IO_QTY,IO_PRICE,IO_AMT,IO_PCODE,IO_DCODE) values (526,'2018-11-11',2,90,800,72000,'P00264','D0021');
Insert into TBL_IOLIST (IO_SEQ,IO_DATE,IO_INOUT,IO_QTY,IO_PRICE,IO_AMT,IO_PCODE,IO_DCODE) values (527,'2018-11-13',2,75,5000,375000,'P00290','D0141');
Insert into TBL_IOLIST (IO_SEQ,IO_DATE,IO_INOUT,IO_QTY,IO_PRICE,IO_AMT,IO_PCODE,IO_DCODE) values (528,'2018-11-13',2,77,1000,77000,'P00050','D0155');
Insert into TBL_IOLIST (IO_SEQ,IO_DATE,IO_INOUT,IO_QTY,IO_PRICE,IO_AMT,IO_PCODE,IO_DCODE) values (529,'2018-11-14',2,81,1500,121500,'P00329','D0075');
Insert into TBL_IOLIST (IO_SEQ,IO_DATE,IO_INOUT,IO_QTY,IO_PRICE,IO_AMT,IO_PCODE,IO_DCODE) values (530,'2018-11-15',2,80,1500,120000,'P00036','D0077');
Insert into TBL_IOLIST (IO_SEQ,IO_DATE,IO_INOUT,IO_QTY,IO_PRICE,IO_AMT,IO_PCODE,IO_DCODE) values (531,'2018-11-17',2,97,1000,97000,'P00326','D0042');
Insert into TBL_IOLIST (IO_SEQ,IO_DATE,IO_INOUT,IO_QTY,IO_PRICE,IO_AMT,IO_PCODE,IO_DCODE) values (532,'2018-11-17',2,100,1500,150000,'P00110','D0028');
Insert into TBL_IOLIST (IO_SEQ,IO_DATE,IO_INOUT,IO_QTY,IO_PRICE,IO_AMT,IO_PCODE,IO_DCODE) values (533,'2018-11-17',2,55,1200,66000,'P00225','D0196');
Insert into TBL_IOLIST (IO_SEQ,IO_DATE,IO_INOUT,IO_QTY,IO_PRICE,IO_AMT,IO_PCODE,IO_DCODE) values (534,'2018-11-20',2,82,2500,205000,'P00390','D0046');
Insert into TBL_IOLIST (IO_SEQ,IO_DATE,IO_INOUT,IO_QTY,IO_PRICE,IO_AMT,IO_PCODE,IO_DCODE) values (535,'2018-11-20',2,62,1300,80600,'P00212','D0001');
Insert into TBL_IOLIST (IO_SEQ,IO_DATE,IO_INOUT,IO_QTY,IO_PRICE,IO_AMT,IO_PCODE,IO_DCODE) values (536,'2018-11-20',2,100,600,60000,'P00043','D0223');
Insert into TBL_IOLIST (IO_SEQ,IO_DATE,IO_INOUT,IO_QTY,IO_PRICE,IO_AMT,IO_PCODE,IO_DCODE) values (537,'2018-11-20',2,62,1500,93000,'P00321','D0032');
Insert into TBL_IOLIST (IO_SEQ,IO_DATE,IO_INOUT,IO_QTY,IO_PRICE,IO_AMT,IO_PCODE,IO_DCODE) values (538,'2018-11-21',2,67,500,33500,'P00308','D0141');
Insert into TBL_IOLIST (IO_SEQ,IO_DATE,IO_INOUT,IO_QTY,IO_PRICE,IO_AMT,IO_PCODE,IO_DCODE) values (539,'2018-11-23',2,73,1500,109500,'P00030','D0006');
Insert into TBL_IOLIST (IO_SEQ,IO_DATE,IO_INOUT,IO_QTY,IO_PRICE,IO_AMT,IO_PCODE,IO_DCODE) values (540,'2018-11-23',2,57,1500,85500,'P00320','D0158');
Insert into TBL_IOLIST (IO_SEQ,IO_DATE,IO_INOUT,IO_QTY,IO_PRICE,IO_AMT,IO_PCODE,IO_DCODE) values (541,'2018-11-23',2,93,2800,260400,'P00187','D0136');
Insert into TBL_IOLIST (IO_SEQ,IO_DATE,IO_INOUT,IO_QTY,IO_PRICE,IO_AMT,IO_PCODE,IO_DCODE) values (542,'2018-11-23',2,93,1500,139500,'P00036','D0117');
Insert into TBL_IOLIST (IO_SEQ,IO_DATE,IO_INOUT,IO_QTY,IO_PRICE,IO_AMT,IO_PCODE,IO_DCODE) values (543,'2018-11-25',2,95,1000,95000,'P00194','D0077');
Insert into TBL_IOLIST (IO_SEQ,IO_DATE,IO_INOUT,IO_QTY,IO_PRICE,IO_AMT,IO_PCODE,IO_DCODE) values (544,'2018-11-28',2,59,1800,106200,'P00175','D0140');
Insert into TBL_IOLIST (IO_SEQ,IO_DATE,IO_INOUT,IO_QTY,IO_PRICE,IO_AMT,IO_PCODE,IO_DCODE) values (545,'2018-11-28',2,78,1000,78000,'P00347','D0138');
Insert into TBL_IOLIST (IO_SEQ,IO_DATE,IO_INOUT,IO_QTY,IO_PRICE,IO_AMT,IO_PCODE,IO_DCODE) values (546,'2018-12-01',2,68,15000,1020000,'P00274','D0160');
Insert into TBL_IOLIST (IO_SEQ,IO_DATE,IO_INOUT,IO_QTY,IO_PRICE,IO_AMT,IO_PCODE,IO_DCODE) values (547,'2018-12-02',2,74,1500,111000,'P00061','D0045');
Insert into TBL_IOLIST (IO_SEQ,IO_DATE,IO_INOUT,IO_QTY,IO_PRICE,IO_AMT,IO_PCODE,IO_DCODE) values (548,'2018-12-02',2,86,2500,215000,'P00155','D0229');
Insert into TBL_IOLIST (IO_SEQ,IO_DATE,IO_INOUT,IO_QTY,IO_PRICE,IO_AMT,IO_PCODE,IO_DCODE) values (549,'2018-12-04',2,55,1200,66000,'P00199','D0106');
Insert into TBL_IOLIST (IO_SEQ,IO_DATE,IO_INOUT,IO_QTY,IO_PRICE,IO_AMT,IO_PCODE,IO_DCODE) values (550,'2018-12-04',2,54,1500,81000,'P00363','D0131');
Insert into TBL_IOLIST (IO_SEQ,IO_DATE,IO_INOUT,IO_QTY,IO_PRICE,IO_AMT,IO_PCODE,IO_DCODE) values (551,'2018-12-08',2,85,1000,85000,'P00190','D0105');
Insert into TBL_IOLIST (IO_SEQ,IO_DATE,IO_INOUT,IO_QTY,IO_PRICE,IO_AMT,IO_PCODE,IO_DCODE) values (552,'2018-12-08',2,87,1500,130500,'P00363','D0020');
Insert into TBL_IOLIST (IO_SEQ,IO_DATE,IO_INOUT,IO_QTY,IO_PRICE,IO_AMT,IO_PCODE,IO_DCODE) values (553,'2018-12-09',2,93,1200,111600,'P00234','D0165');
Insert into TBL_IOLIST (IO_SEQ,IO_DATE,IO_INOUT,IO_QTY,IO_PRICE,IO_AMT,IO_PCODE,IO_DCODE) values (554,'2018-12-09',2,88,1000,88000,'P00338','D0087');
Insert into TBL_IOLIST (IO_SEQ,IO_DATE,IO_INOUT,IO_QTY,IO_PRICE,IO_AMT,IO_PCODE,IO_DCODE) values (555,'2018-12-09',2,92,5000,460000,'P00077','D0172');
Insert into TBL_IOLIST (IO_SEQ,IO_DATE,IO_INOUT,IO_QTY,IO_PRICE,IO_AMT,IO_PCODE,IO_DCODE) values (556,'2018-12-11',2,77,500,38500,'P00380','D0121');
Insert into TBL_IOLIST (IO_SEQ,IO_DATE,IO_INOUT,IO_QTY,IO_PRICE,IO_AMT,IO_PCODE,IO_DCODE) values (557,'2018-12-11',2,89,1500,133500,'P00171','D0147');
Insert into TBL_IOLIST (IO_SEQ,IO_DATE,IO_INOUT,IO_QTY,IO_PRICE,IO_AMT,IO_PCODE,IO_DCODE) values (558,'2018-12-13',2,77,1000,77000,'P00109','D0168');
Insert into TBL_IOLIST (IO_SEQ,IO_DATE,IO_INOUT,IO_QTY,IO_PRICE,IO_AMT,IO_PCODE,IO_DCODE) values (1,'2018-01-02',1,66,497,32802,'P00037','D0197');
Insert into TBL_IOLIST (IO_SEQ,IO_DATE,IO_INOUT,IO_QTY,IO_PRICE,IO_AMT,IO_PCODE,IO_DCODE) values (2,'2018-01-02',1,89,245,21805,'P00167','D0214');
Insert into TBL_IOLIST (IO_SEQ,IO_DATE,IO_INOUT,IO_QTY,IO_PRICE,IO_AMT,IO_PCODE,IO_DCODE) values (3,'2018-01-02',1,94,295,27730,'P00215','D0164');
Insert into TBL_IOLIST (IO_SEQ,IO_DATE,IO_INOUT,IO_QTY,IO_PRICE,IO_AMT,IO_PCODE,IO_DCODE) values (4,'2018-01-03',1,87,2745,238815,'P00019','D0033');
Insert into TBL_IOLIST (IO_SEQ,IO_DATE,IO_INOUT,IO_QTY,IO_PRICE,IO_AMT,IO_PCODE,IO_DCODE) values (5,'2018-01-04',1,94,155,14570,'P00355','D0018');
Insert into TBL_IOLIST (IO_SEQ,IO_DATE,IO_INOUT,IO_QTY,IO_PRICE,IO_AMT,IO_PCODE,IO_DCODE) values (6,'2018-01-06',1,66,622,41052,'P00268','D0053');
Insert into TBL_IOLIST (IO_SEQ,IO_DATE,IO_INOUT,IO_QTY,IO_PRICE,IO_AMT,IO_PCODE,IO_DCODE) values (7,'2018-01-07',1,100,1885,188500,'P00273','D0111');
Insert into TBL_IOLIST (IO_SEQ,IO_DATE,IO_INOUT,IO_QTY,IO_PRICE,IO_AMT,IO_PCODE,IO_DCODE) values (8,'2018-01-07',1,84,491,41244,'P00115','D0136');
Insert into TBL_IOLIST (IO_SEQ,IO_DATE,IO_INOUT,IO_QTY,IO_PRICE,IO_AMT,IO_PCODE,IO_DCODE) values (9,'2018-01-07',1,78,591,46098,'P00050','D0183');
Insert into TBL_IOLIST (IO_SEQ,IO_DATE,IO_INOUT,IO_QTY,IO_PRICE,IO_AMT,IO_PCODE,IO_DCODE) values (10,'2018-01-10',1,93,1520,141360,'P00085','D0163');
Insert into TBL_IOLIST (IO_SEQ,IO_DATE,IO_INOUT,IO_QTY,IO_PRICE,IO_AMT,IO_PCODE,IO_DCODE) values (11,'2018-01-10',1,73,8240,601520,'P00195','D0070');
Insert into TBL_IOLIST (IO_SEQ,IO_DATE,IO_INOUT,IO_QTY,IO_PRICE,IO_AMT,IO_PCODE,IO_DCODE) values (12,'2018-01-11',1,89,1844,164116,'P00368','D0077');
Insert into TBL_IOLIST (IO_SEQ,IO_DATE,IO_INOUT,IO_QTY,IO_PRICE,IO_AMT,IO_PCODE,IO_DCODE) values (13,'2018-01-12',1,73,409,29857,'P00331','D0115');
Insert into TBL_IOLIST (IO_SEQ,IO_DATE,IO_INOUT,IO_QTY,IO_PRICE,IO_AMT,IO_PCODE,IO_DCODE) values (14,'2018-01-12',1,78,2196,171288,'P00005','D0160');
Insert into TBL_IOLIST (IO_SEQ,IO_DATE,IO_INOUT,IO_QTY,IO_PRICE,IO_AMT,IO_PCODE,IO_DCODE) values (15,'2018-01-12',1,68,655,44540,'P00113','D0070');
Insert into TBL_IOLIST (IO_SEQ,IO_DATE,IO_INOUT,IO_QTY,IO_PRICE,IO_AMT,IO_PCODE,IO_DCODE) values (16,'2018-01-15',1,79,311,24569,'P00241','D0235');
Insert into TBL_IOLIST (IO_SEQ,IO_DATE,IO_INOUT,IO_QTY,IO_PRICE,IO_AMT,IO_PCODE,IO_DCODE) values (17,'2018-01-15',1,64,436,27904,'P00086','D0068');
Insert into TBL_IOLIST (IO_SEQ,IO_DATE,IO_INOUT,IO_QTY,IO_PRICE,IO_AMT,IO_PCODE,IO_DCODE) values (18,'2018-01-16',1,60,647,38820,'P00184','D0205');
Insert into TBL_IOLIST (IO_SEQ,IO_DATE,IO_INOUT,IO_QTY,IO_PRICE,IO_AMT,IO_PCODE,IO_DCODE) values (19,'2018-01-17',1,56,2065,115640,'P00185','D0101');
Insert into TBL_IOLIST (IO_SEQ,IO_DATE,IO_INOUT,IO_QTY,IO_PRICE,IO_AMT,IO_PCODE,IO_DCODE) values (20,'2018-01-17',1,88,887,78056,'P00033','D0234');
Insert into TBL_IOLIST (IO_SEQ,IO_DATE,IO_INOUT,IO_QTY,IO_PRICE,IO_AMT,IO_PCODE,IO_DCODE) values (21,'2018-01-18',1,50,245,12250,'P00283','D0102');
Insert into TBL_IOLIST (IO_SEQ,IO_DATE,IO_INOUT,IO_QTY,IO_PRICE,IO_AMT,IO_PCODE,IO_DCODE) values (22,'2018-01-19',1,77,1844,141988,'P00359','D0226');
Insert into TBL_IOLIST (IO_SEQ,IO_DATE,IO_INOUT,IO_QTY,IO_PRICE,IO_AMT,IO_PCODE,IO_DCODE) values (23,'2018-01-19',1,54,286,15444,'P00382','D0200');
Insert into TBL_IOLIST (IO_SEQ,IO_DATE,IO_INOUT,IO_QTY,IO_PRICE,IO_AMT,IO_PCODE,IO_DCODE) values (24,'2018-01-24',1,58,327,18966,'P00007','D0172');
Insert into TBL_IOLIST (IO_SEQ,IO_DATE,IO_INOUT,IO_QTY,IO_PRICE,IO_AMT,IO_PCODE,IO_DCODE) values (25,'2018-01-24',1,78,436,34008,'P00354','D0221');
Insert into TBL_IOLIST (IO_SEQ,IO_DATE,IO_INOUT,IO_QTY,IO_PRICE,IO_AMT,IO_PCODE,IO_DCODE) values (26,'2018-01-26',1,72,2049,147528,'P00076','D0208');
Insert into TBL_IOLIST (IO_SEQ,IO_DATE,IO_INOUT,IO_QTY,IO_PRICE,IO_AMT,IO_PCODE,IO_DCODE) values (27,'2018-01-27',1,97,614,59558,'P00068','D0173');
Insert into TBL_IOLIST (IO_SEQ,IO_DATE,IO_INOUT,IO_QTY,IO_PRICE,IO_AMT,IO_PCODE,IO_DCODE) values (28,'2018-01-27',1,52,4500,234000,'P00146','D0198');
Insert into TBL_IOLIST (IO_SEQ,IO_DATE,IO_INOUT,IO_QTY,IO_PRICE,IO_AMT,IO_PCODE,IO_DCODE) values (29,'2018-02-03',1,100,245,24500,'P00123','D0145');
Insert into TBL_IOLIST (IO_SEQ,IO_DATE,IO_INOUT,IO_QTY,IO_PRICE,IO_AMT,IO_PCODE,IO_DCODE) values (30,'2018-02-04',1,87,655,56985,'P00051','D0219');
Insert into TBL_IOLIST (IO_SEQ,IO_DATE,IO_INOUT,IO_QTY,IO_PRICE,IO_AMT,IO_PCODE,IO_DCODE) values (31,'2018-02-04',1,89,300,26700,'P00260','D0194');
Insert into TBL_IOLIST (IO_SEQ,IO_DATE,IO_INOUT,IO_QTY,IO_PRICE,IO_AMT,IO_PCODE,IO_DCODE) values (32,'2018-02-05',1,73,409,29857,'P00315','D0124');
Insert into TBL_IOLIST (IO_SEQ,IO_DATE,IO_INOUT,IO_QTY,IO_PRICE,IO_AMT,IO_PCODE,IO_DCODE) values (33,'2018-02-05',1,81,1311,106191,'P00312','D0219');
Insert into TBL_IOLIST (IO_SEQ,IO_DATE,IO_INOUT,IO_QTY,IO_PRICE,IO_AMT,IO_PCODE,IO_DCODE) values (34,'2018-02-07',1,93,655,60915,'P00228','D0203');
Insert into TBL_IOLIST (IO_SEQ,IO_DATE,IO_INOUT,IO_QTY,IO_PRICE,IO_AMT,IO_PCODE,IO_DCODE) values (35,'2018-02-07',1,78,384,29952,'P00009','D0103');
Insert into TBL_IOLIST (IO_SEQ,IO_DATE,IO_INOUT,IO_QTY,IO_PRICE,IO_AMT,IO_PCODE,IO_DCODE) values (36,'2018-02-08',1,71,1647,116937,'P00021','D0182');
Insert into TBL_IOLIST (IO_SEQ,IO_DATE,IO_INOUT,IO_QTY,IO_PRICE,IO_AMT,IO_PCODE,IO_DCODE) values (37,'2018-02-09',1,54,327,17658,'P00286','D0090');
Insert into TBL_IOLIST (IO_SEQ,IO_DATE,IO_INOUT,IO_QTY,IO_PRICE,IO_AMT,IO_PCODE,IO_DCODE) values (38,'2018-02-09',1,100,655,65500,'P00207','D0074');
Insert into TBL_IOLIST (IO_SEQ,IO_DATE,IO_INOUT,IO_QTY,IO_PRICE,IO_AMT,IO_PCODE,IO_DCODE) values (39,'2018-02-19',1,88,2745,241560,'P00003','D0148');
Insert into TBL_IOLIST (IO_SEQ,IO_DATE,IO_INOUT,IO_QTY,IO_PRICE,IO_AMT,IO_PCODE,IO_DCODE) values (40,'2018-02-19',1,71,491,34861,'P00140','D0138');
Insert into TBL_IOLIST (IO_SEQ,IO_DATE,IO_INOUT,IO_QTY,IO_PRICE,IO_AMT,IO_PCODE,IO_DCODE) values (41,'2018-02-19',1,69,311,21459,'P00265','D0098');
Insert into TBL_IOLIST (IO_SEQ,IO_DATE,IO_INOUT,IO_QTY,IO_PRICE,IO_AMT,IO_PCODE,IO_DCODE) values (42,'2018-02-20',1,88,2049,180312,'P00084','D0167');
Insert into TBL_IOLIST (IO_SEQ,IO_DATE,IO_INOUT,IO_QTY,IO_PRICE,IO_AMT,IO_PCODE,IO_DCODE) values (43,'2018-02-21',1,69,327,22563,'P00261','D0138');
Insert into TBL_IOLIST (IO_SEQ,IO_DATE,IO_INOUT,IO_QTY,IO_PRICE,IO_AMT,IO_PCODE,IO_DCODE) values (44,'2018-02-23',1,55,655,36025,'P00134','D0215');
Insert into TBL_IOLIST (IO_SEQ,IO_DATE,IO_INOUT,IO_QTY,IO_PRICE,IO_AMT,IO_PCODE,IO_DCODE) values (45,'2018-02-24',1,90,887,79830,'P00033','D0039');
Insert into TBL_IOLIST (IO_SEQ,IO_DATE,IO_INOUT,IO_QTY,IO_PRICE,IO_AMT,IO_PCODE,IO_DCODE) values (46,'2018-02-25',1,82,650,53300,'P00053','D0113');
Insert into TBL_IOLIST (IO_SEQ,IO_DATE,IO_INOUT,IO_QTY,IO_PRICE,IO_AMT,IO_PCODE,IO_DCODE) values (47,'2018-02-26',1,84,1844,154896,'P00159','D0048');
Insert into TBL_IOLIST (IO_SEQ,IO_DATE,IO_INOUT,IO_QTY,IO_PRICE,IO_AMT,IO_PCODE,IO_DCODE) values (48,'2018-03-01',1,95,655,62225,'P00142','D0084');
Insert into TBL_IOLIST (IO_SEQ,IO_DATE,IO_INOUT,IO_QTY,IO_PRICE,IO_AMT,IO_PCODE,IO_DCODE) values (49,'2018-03-01',1,89,573,50997,'P00118','D0039');
Insert into TBL_IOLIST (IO_SEQ,IO_DATE,IO_INOUT,IO_QTY,IO_PRICE,IO_AMT,IO_PCODE,IO_DCODE) values (50,'2018-03-01',1,90,7377,663930,'P00182','D0186');
Insert into TBL_IOLIST (IO_SEQ,IO_DATE,IO_INOUT,IO_QTY,IO_PRICE,IO_AMT,IO_PCODE,IO_DCODE) values (51,'2018-03-01',1,76,384,29184,'P00001','D0066');
Insert into TBL_IOLIST (IO_SEQ,IO_DATE,IO_INOUT,IO_QTY,IO_PRICE,IO_AMT,IO_PCODE,IO_DCODE) values (52,'2018-03-02',1,100,204,20400,'P00199','D0179');
Insert into TBL_IOLIST (IO_SEQ,IO_DATE,IO_INOUT,IO_QTY,IO_PRICE,IO_AMT,IO_PCODE,IO_DCODE) values (53,'2018-03-03',1,91,5778,525798,'P00361','D0192');
Insert into TBL_IOLIST (IO_SEQ,IO_DATE,IO_INOUT,IO_QTY,IO_PRICE,IO_AMT,IO_PCODE,IO_DCODE) values (54,'2018-03-03',1,89,491,43699,'P00225','D0022');
Insert into TBL_IOLIST (IO_SEQ,IO_DATE,IO_INOUT,IO_QTY,IO_PRICE,IO_AMT,IO_PCODE,IO_DCODE) values (55,'2018-03-04',1,54,1803,97362,'P00371','D0152');
Insert into TBL_IOLIST (IO_SEQ,IO_DATE,IO_INOUT,IO_QTY,IO_PRICE,IO_AMT,IO_PCODE,IO_DCODE) values (56,'2018-03-05',1,73,901,65773,'P00193','D0153');
Insert into TBL_IOLIST (IO_SEQ,IO_DATE,IO_INOUT,IO_QTY,IO_PRICE,IO_AMT,IO_PCODE,IO_DCODE) values (57,'2018-03-05',1,73,311,22703,'P00385','D0076');
Insert into TBL_IOLIST (IO_SEQ,IO_DATE,IO_INOUT,IO_QTY,IO_PRICE,IO_AMT,IO_PCODE,IO_DCODE) values (58,'2018-03-05',1,50,819,40950,'P00325','D0001');
Insert into TBL_IOLIST (IO_SEQ,IO_DATE,IO_INOUT,IO_QTY,IO_PRICE,IO_AMT,IO_PCODE,IO_DCODE) values (59,'2018-03-07',1,55,976,53680,'P00059','D0184');
Insert into TBL_IOLIST (IO_SEQ,IO_DATE,IO_INOUT,IO_QTY,IO_PRICE,IO_AMT,IO_PCODE,IO_DCODE) values (60,'2018-03-07',1,81,286,23166,'P00382','D0132');
Insert into TBL_IOLIST (IO_SEQ,IO_DATE,IO_INOUT,IO_QTY,IO_PRICE,IO_AMT,IO_PCODE,IO_DCODE) values (61,'2018-03-10',1,64,2622,167808,'P00100','D0019');
Insert into TBL_IOLIST (IO_SEQ,IO_DATE,IO_INOUT,IO_QTY,IO_PRICE,IO_AMT,IO_PCODE,IO_DCODE) values (62,'2018-03-11',1,98,983,96334,'P00302','D0137');
Insert into TBL_IOLIST (IO_SEQ,IO_DATE,IO_INOUT,IO_QTY,IO_PRICE,IO_AMT,IO_PCODE,IO_DCODE) values (63,'2018-03-12',1,62,2407,149234,'P00120','D0072');
Insert into TBL_IOLIST (IO_SEQ,IO_DATE,IO_INOUT,IO_QTY,IO_PRICE,IO_AMT,IO_PCODE,IO_DCODE) values (64,'2018-03-22',1,59,409,24131,'P00161','D0139');
Insert into TBL_IOLIST (IO_SEQ,IO_DATE,IO_INOUT,IO_QTY,IO_PRICE,IO_AMT,IO_PCODE,IO_DCODE) values (65,'2018-03-22',1,93,586,54498,'P00239','D0227');
Insert into TBL_IOLIST (IO_SEQ,IO_DATE,IO_INOUT,IO_QTY,IO_PRICE,IO_AMT,IO_PCODE,IO_DCODE) values (66,'2018-03-24',1,72,655,47160,'P00307','D0014');
Insert into TBL_IOLIST (IO_SEQ,IO_DATE,IO_INOUT,IO_QTY,IO_PRICE,IO_AMT,IO_PCODE,IO_DCODE) values (67,'2018-03-24',1,82,344,28208,'P00280','D0167');
Insert into TBL_IOLIST (IO_SEQ,IO_DATE,IO_INOUT,IO_QTY,IO_PRICE,IO_AMT,IO_PCODE,IO_DCODE) values (68,'2018-03-24',1,69,1844,127236,'P00291','D0157');
Insert into TBL_IOLIST (IO_SEQ,IO_DATE,IO_INOUT,IO_QTY,IO_PRICE,IO_AMT,IO_PCODE,IO_DCODE) values (69,'2018-03-26',1,83,286,23738,'P00258','D0174');
Insert into TBL_IOLIST (IO_SEQ,IO_DATE,IO_INOUT,IO_QTY,IO_PRICE,IO_AMT,IO_PCODE,IO_DCODE) values (70,'2018-03-26',1,80,655,52400,'P00133','D0124');
Insert into TBL_IOLIST (IO_SEQ,IO_DATE,IO_INOUT,IO_QTY,IO_PRICE,IO_AMT,IO_PCODE,IO_DCODE) values (71,'2018-03-26',1,85,245,20825,'P00163','D0001');
Insert into TBL_IOLIST (IO_SEQ,IO_DATE,IO_INOUT,IO_QTY,IO_PRICE,IO_AMT,IO_PCODE,IO_DCODE) values (72,'2018-03-27',1,99,311,30789,'P00385','D0173');
Insert into TBL_IOLIST (IO_SEQ,IO_DATE,IO_INOUT,IO_QTY,IO_PRICE,IO_AMT,IO_PCODE,IO_DCODE) values (73,'2018-03-28',1,97,983,95351,'P00301','D0219');
Insert into TBL_IOLIST (IO_SEQ,IO_DATE,IO_INOUT,IO_QTY,IO_PRICE,IO_AMT,IO_PCODE,IO_DCODE) values (74,'2018-04-01',1,53,901,47753,'P00365','D0197');
Insert into TBL_IOLIST (IO_SEQ,IO_DATE,IO_INOUT,IO_QTY,IO_PRICE,IO_AMT,IO_PCODE,IO_DCODE) values (75,'2018-04-02',1,100,896,89600,'P00189','D0171');
Insert into TBL_IOLIST (IO_SEQ,IO_DATE,IO_INOUT,IO_QTY,IO_PRICE,IO_AMT,IO_PCODE,IO_DCODE) values (76,'2018-04-02',1,77,1775,136675,'P00072','D0007');
Insert into TBL_IOLIST (IO_SEQ,IO_DATE,IO_INOUT,IO_QTY,IO_PRICE,IO_AMT,IO_PCODE,IO_DCODE) values (77,'2018-04-03',1,88,1311,115368,'P00312','D0074');
Insert into TBL_IOLIST (IO_SEQ,IO_DATE,IO_INOUT,IO_QTY,IO_PRICE,IO_AMT,IO_PCODE,IO_DCODE) values (78,'2018-04-04',1,79,1475,116525,'P00390','D0227');
Insert into TBL_IOLIST (IO_SEQ,IO_DATE,IO_INOUT,IO_QTY,IO_PRICE,IO_AMT,IO_PCODE,IO_DCODE) values (79,'2018-04-05',1,76,1121,85196,'P00067','D0016');
Insert into TBL_IOLIST (IO_SEQ,IO_DATE,IO_INOUT,IO_QTY,IO_PRICE,IO_AMT,IO_PCODE,IO_DCODE) values (80,'2018-04-05',1,50,655,32750,'P00309','D0174');
Insert into TBL_IOLIST (IO_SEQ,IO_DATE,IO_INOUT,IO_QTY,IO_PRICE,IO_AMT,IO_PCODE,IO_DCODE) values (81,'2018-04-05',1,61,2065,125965,'P00186','D0087');
Insert into TBL_IOLIST (IO_SEQ,IO_DATE,IO_INOUT,IO_QTY,IO_PRICE,IO_AMT,IO_PCODE,IO_DCODE) values (82,'2018-04-06',1,84,2196,184464,'P00027','D0006');
Insert into TBL_IOLIST (IO_SEQ,IO_DATE,IO_INOUT,IO_QTY,IO_PRICE,IO_AMT,IO_PCODE,IO_DCODE) values (83,'2018-04-07',1,72,573,41256,'P00389','D0193');
Insert into TBL_IOLIST (IO_SEQ,IO_DATE,IO_INOUT,IO_QTY,IO_PRICE,IO_AMT,IO_PCODE,IO_DCODE) values (84,'2018-04-08',1,75,386,28950,'P00210','D0169');
Insert into TBL_IOLIST (IO_SEQ,IO_DATE,IO_INOUT,IO_QTY,IO_PRICE,IO_AMT,IO_PCODE,IO_DCODE) values (85,'2018-04-09',1,93,4918,457374,'P00276','D0020');
Insert into TBL_IOLIST (IO_SEQ,IO_DATE,IO_INOUT,IO_QTY,IO_PRICE,IO_AMT,IO_PCODE,IO_DCODE) values (86,'2018-04-10',1,98,491,48118,'P00069','D0155');
Insert into TBL_IOLIST (IO_SEQ,IO_DATE,IO_INOUT,IO_QTY,IO_PRICE,IO_AMT,IO_PCODE,IO_DCODE) values (87,'2018-04-11',1,99,1844,182556,'P00160','D0071');
Insert into TBL_IOLIST (IO_SEQ,IO_DATE,IO_INOUT,IO_QTY,IO_PRICE,IO_AMT,IO_PCODE,IO_DCODE) values (88,'2018-05-03',1,57,655,37335,'P00010','D0056');
Insert into TBL_IOLIST (IO_SEQ,IO_DATE,IO_INOUT,IO_QTY,IO_PRICE,IO_AMT,IO_PCODE,IO_DCODE) values (89,'2018-05-03',1,81,1639,132759,'P00172','D0202');
Insert into TBL_IOLIST (IO_SEQ,IO_DATE,IO_INOUT,IO_QTY,IO_PRICE,IO_AMT,IO_PCODE,IO_DCODE) values (90,'2018-05-04',1,62,655,40610,'P00223','D0074');
Insert into TBL_IOLIST (IO_SEQ,IO_DATE,IO_INOUT,IO_QTY,IO_PRICE,IO_AMT,IO_PCODE,IO_DCODE) values (91,'2018-05-05',1,75,1704,127800,'P00373','D0108');
Insert into TBL_IOLIST (IO_SEQ,IO_DATE,IO_INOUT,IO_QTY,IO_PRICE,IO_AMT,IO_PCODE,IO_DCODE) values (92,'2018-05-05',1,51,860,43860,'P00077','D0020');
Insert into TBL_IOLIST (IO_SEQ,IO_DATE,IO_INOUT,IO_QTY,IO_PRICE,IO_AMT,IO_PCODE,IO_DCODE) values (93,'2018-05-05',1,89,409,36401,'P00247','D0112');
Insert into TBL_IOLIST (IO_SEQ,IO_DATE,IO_INOUT,IO_QTY,IO_PRICE,IO_AMT,IO_PCODE,IO_DCODE) values (94,'2018-05-05',1,58,1844,106952,'P00192','D0008');
Insert into TBL_IOLIST (IO_SEQ,IO_DATE,IO_INOUT,IO_QTY,IO_PRICE,IO_AMT,IO_PCODE,IO_DCODE) values (95,'2018-05-06',1,62,327,20274,'P00176','D0149');
Insert into TBL_IOLIST (IO_SEQ,IO_DATE,IO_INOUT,IO_QTY,IO_PRICE,IO_AMT,IO_PCODE,IO_DCODE) values (96,'2018-05-07',1,82,368,30176,'P00341','D0141');
Insert into TBL_IOLIST (IO_SEQ,IO_DATE,IO_INOUT,IO_QTY,IO_PRICE,IO_AMT,IO_PCODE,IO_DCODE) values (97,'2018-05-08',1,65,1844,119860,'P00220','D0124');
Insert into TBL_IOLIST (IO_SEQ,IO_DATE,IO_INOUT,IO_QTY,IO_PRICE,IO_AMT,IO_PCODE,IO_DCODE) values (98,'2018-05-09',1,65,614,39910,'P00256','D0078');
Insert into TBL_IOLIST (IO_SEQ,IO_DATE,IO_INOUT,IO_QTY,IO_PRICE,IO_AMT,IO_PCODE,IO_DCODE) values (99,'2018-05-09',1,97,286,27742,'P00382','D0044');
Insert into TBL_IOLIST (IO_SEQ,IO_DATE,IO_INOUT,IO_QTY,IO_PRICE,IO_AMT,IO_PCODE,IO_DCODE) values (100,'2018-05-10',1,85,737,62645,'P00297','D0173');
Insert into TBL_IOLIST (IO_SEQ,IO_DATE,IO_INOUT,IO_QTY,IO_PRICE,IO_AMT,IO_PCODE,IO_DCODE) values (101,'2018-05-10',1,76,295,22420,'P00075','D0067');
Insert into TBL_IOLIST (IO_SEQ,IO_DATE,IO_INOUT,IO_QTY,IO_PRICE,IO_AMT,IO_PCODE,IO_DCODE) values (102,'2018-05-11',1,70,411,28770,'P00039','D0126');
Insert into TBL_IOLIST (IO_SEQ,IO_DATE,IO_INOUT,IO_QTY,IO_PRICE,IO_AMT,IO_PCODE,IO_DCODE) values (103,'2018-05-11',1,58,1803,104574,'P00230','D0059');
Insert into TBL_IOLIST (IO_SEQ,IO_DATE,IO_INOUT,IO_QTY,IO_PRICE,IO_AMT,IO_PCODE,IO_DCODE) values (104,'2018-05-11',1,74,1647,121878,'P00004','D0036');
Insert into TBL_IOLIST (IO_SEQ,IO_DATE,IO_INOUT,IO_QTY,IO_PRICE,IO_AMT,IO_PCODE,IO_DCODE) values (105,'2018-05-11',1,85,901,76585,'P00367','D0062');
Insert into TBL_IOLIST (IO_SEQ,IO_DATE,IO_INOUT,IO_QTY,IO_PRICE,IO_AMT,IO_PCODE,IO_DCODE) values (106,'2018-05-12',1,76,1172,89072,'P00066','D0023');
Insert into TBL_IOLIST (IO_SEQ,IO_DATE,IO_INOUT,IO_QTY,IO_PRICE,IO_AMT,IO_PCODE,IO_DCODE) values (107,'2018-05-12',1,70,322,22540,'P00242','D0104');
Insert into TBL_IOLIST (IO_SEQ,IO_DATE,IO_INOUT,IO_QTY,IO_PRICE,IO_AMT,IO_PCODE,IO_DCODE) values (108,'2018-05-13',1,66,737,48642,'P00235','D0060');
Insert into TBL_IOLIST (IO_SEQ,IO_DATE,IO_INOUT,IO_QTY,IO_PRICE,IO_AMT,IO_PCODE,IO_DCODE) values (109,'2018-05-16',1,66,622,41052,'P00317','D0057');
Insert into TBL_IOLIST (IO_SEQ,IO_DATE,IO_INOUT,IO_QTY,IO_PRICE,IO_AMT,IO_PCODE,IO_DCODE) values (110,'2018-05-17',1,67,491,32897,'P00198','D0218');
Insert into TBL_IOLIST (IO_SEQ,IO_DATE,IO_INOUT,IO_QTY,IO_PRICE,IO_AMT,IO_PCODE,IO_DCODE) values (111,'2018-05-17',1,82,709,58138,'P00057','D0093');
Insert into TBL_IOLIST (IO_SEQ,IO_DATE,IO_INOUT,IO_QTY,IO_PRICE,IO_AMT,IO_PCODE,IO_DCODE) values (112,'2018-05-19',1,86,622,53492,'P00179','D0166');
Insert into TBL_IOLIST (IO_SEQ,IO_DATE,IO_INOUT,IO_QTY,IO_PRICE,IO_AMT,IO_PCODE,IO_DCODE) values (113,'2018-05-20',1,73,512,37376,'P00358','D0017');
Insert into TBL_IOLIST (IO_SEQ,IO_DATE,IO_INOUT,IO_QTY,IO_PRICE,IO_AMT,IO_PCODE,IO_DCODE) values (114,'2018-05-20',1,98,245,24010,'P00167','D0028');
Insert into TBL_IOLIST (IO_SEQ,IO_DATE,IO_INOUT,IO_QTY,IO_PRICE,IO_AMT,IO_PCODE,IO_DCODE) values (115,'2018-05-21',1,52,549,28548,'P00032','D0166');
Insert into TBL_IOLIST (IO_SEQ,IO_DATE,IO_INOUT,IO_QTY,IO_PRICE,IO_AMT,IO_PCODE,IO_DCODE) values (116,'2018-06-09',1,60,901,54060,'P00193','D0037');
Insert into TBL_IOLIST (IO_SEQ,IO_DATE,IO_INOUT,IO_QTY,IO_PRICE,IO_AMT,IO_PCODE,IO_DCODE) values (117,'2018-06-10',1,74,651,48174,'P00092','D0026');
Insert into TBL_IOLIST (IO_SEQ,IO_DATE,IO_INOUT,IO_QTY,IO_PRICE,IO_AMT,IO_PCODE,IO_DCODE) values (118,'2018-06-10',1,96,655,62880,'P00309','D0021');
Insert into TBL_IOLIST (IO_SEQ,IO_DATE,IO_INOUT,IO_QTY,IO_PRICE,IO_AMT,IO_PCODE,IO_DCODE) values (119,'2018-06-11',1,56,7377,413112,'P00299','D0149');
Insert into TBL_IOLIST (IO_SEQ,IO_DATE,IO_INOUT,IO_QTY,IO_PRICE,IO_AMT,IO_PCODE,IO_DCODE) values (120,'2018-06-12',1,54,573,30942,'P00260','D0195');
Insert into TBL_IOLIST (IO_SEQ,IO_DATE,IO_INOUT,IO_QTY,IO_PRICE,IO_AMT,IO_PCODE,IO_DCODE) values (121,'2018-06-13',1,71,368,26128,'P00388','D0035');
Insert into TBL_IOLIST (IO_SEQ,IO_DATE,IO_INOUT,IO_QTY,IO_PRICE,IO_AMT,IO_PCODE,IO_DCODE) values (122,'2018-06-13',1,65,491,31915,'P00212','D0229');
Insert into TBL_IOLIST (IO_SEQ,IO_DATE,IO_INOUT,IO_QTY,IO_PRICE,IO_AMT,IO_PCODE,IO_DCODE) values (123,'2018-06-14',1,78,409,31902,'P00392','D0118');
Insert into TBL_IOLIST (IO_SEQ,IO_DATE,IO_INOUT,IO_QTY,IO_PRICE,IO_AMT,IO_PCODE,IO_DCODE) values (124,'2018-06-28',1,57,352,20064,'P00243','D0012');
Insert into TBL_IOLIST (IO_SEQ,IO_DATE,IO_INOUT,IO_QTY,IO_PRICE,IO_AMT,IO_PCODE,IO_DCODE) values (125,'2018-07-01',1,68,386,26248,'P00045','D0094');
Insert into TBL_IOLIST (IO_SEQ,IO_DATE,IO_INOUT,IO_QTY,IO_PRICE,IO_AMT,IO_PCODE,IO_DCODE) values (126,'2018-07-02',1,58,591,34278,'P00378','D0134');
Insert into TBL_IOLIST (IO_SEQ,IO_DATE,IO_INOUT,IO_QTY,IO_PRICE,IO_AMT,IO_PCODE,IO_DCODE) values (127,'2018-07-03',1,89,622,55358,'P00055','D0233');
Insert into TBL_IOLIST (IO_SEQ,IO_DATE,IO_INOUT,IO_QTY,IO_PRICE,IO_AMT,IO_PCODE,IO_DCODE) values (128,'2018-07-03',1,62,1844,114328,'P00368','D0031');
Insert into TBL_IOLIST (IO_SEQ,IO_DATE,IO_INOUT,IO_QTY,IO_PRICE,IO_AMT,IO_PCODE,IO_DCODE) values (129,'2018-07-05',1,87,180,15660,'P00255','D0024');
Insert into TBL_IOLIST (IO_SEQ,IO_DATE,IO_INOUT,IO_QTY,IO_PRICE,IO_AMT,IO_PCODE,IO_DCODE) values (130,'2018-07-05',1,75,413,30975,'P00202','D0090');
Insert into TBL_IOLIST (IO_SEQ,IO_DATE,IO_INOUT,IO_QTY,IO_PRICE,IO_AMT,IO_PCODE,IO_DCODE) values (131,'2018-07-28',1,59,622,36698,'P00269','D0147');
Insert into TBL_IOLIST (IO_SEQ,IO_DATE,IO_INOUT,IO_QTY,IO_PRICE,IO_AMT,IO_PCODE,IO_DCODE) values (132,'2018-08-01',1,54,1549,83646,'P00137','D0177');
Insert into TBL_IOLIST (IO_SEQ,IO_DATE,IO_INOUT,IO_QTY,IO_PRICE,IO_AMT,IO_PCODE,IO_DCODE) values (133,'2018-08-01',1,67,2704,181168,'P00162','D0131');
Insert into TBL_IOLIST (IO_SEQ,IO_DATE,IO_INOUT,IO_QTY,IO_PRICE,IO_AMT,IO_PCODE,IO_DCODE) values (134,'2018-08-02',1,61,614,37454,'P00226','D0234');
Insert into TBL_IOLIST (IO_SEQ,IO_DATE,IO_INOUT,IO_QTY,IO_PRICE,IO_AMT,IO_PCODE,IO_DCODE) values (135,'2018-08-02',1,73,1885,137605,'P00219','D0200');
Insert into TBL_IOLIST (IO_SEQ,IO_DATE,IO_INOUT,IO_QTY,IO_PRICE,IO_AMT,IO_PCODE,IO_DCODE) values (136,'2018-08-02',1,95,1758,167010,'P00349','D0185');
Insert into TBL_IOLIST (IO_SEQ,IO_DATE,IO_INOUT,IO_QTY,IO_PRICE,IO_AMT,IO_PCODE,IO_DCODE) values (137,'2018-08-03',1,52,272,14144,'P00344','D0031');
Insert into TBL_IOLIST (IO_SEQ,IO_DATE,IO_INOUT,IO_QTY,IO_PRICE,IO_AMT,IO_PCODE,IO_DCODE) values (138,'2018-08-03',1,95,413,39235,'P00245','D0230');
Insert into TBL_IOLIST (IO_SEQ,IO_DATE,IO_INOUT,IO_QTY,IO_PRICE,IO_AMT,IO_PCODE,IO_DCODE) values (139,'2018-08-03',1,93,450,41850,'P00370','D0070');
Insert into TBL_IOLIST (IO_SEQ,IO_DATE,IO_INOUT,IO_QTY,IO_PRICE,IO_AMT,IO_PCODE,IO_DCODE) values (140,'2018-08-03',1,79,341,26939,'P00131','D0151');
Insert into TBL_IOLIST (IO_SEQ,IO_DATE,IO_INOUT,IO_QTY,IO_PRICE,IO_AMT,IO_PCODE,IO_DCODE) values (141,'2018-08-03',1,82,286,23452,'P00324','D0042');
Insert into TBL_IOLIST (IO_SEQ,IO_DATE,IO_INOUT,IO_QTY,IO_PRICE,IO_AMT,IO_PCODE,IO_DCODE) values (142,'2018-08-04',1,79,450,35550,'P00362','D0025');
Insert into TBL_IOLIST (IO_SEQ,IO_DATE,IO_INOUT,IO_QTY,IO_PRICE,IO_AMT,IO_PCODE,IO_DCODE) values (143,'2018-08-04',1,87,1180,102660,'P00103','D0125');
Insert into TBL_IOLIST (IO_SEQ,IO_DATE,IO_INOUT,IO_QTY,IO_PRICE,IO_AMT,IO_PCODE,IO_DCODE) values (144,'2018-08-04',1,60,1475,88500,'P00136','D0096');
Insert into TBL_IOLIST (IO_SEQ,IO_DATE,IO_INOUT,IO_QTY,IO_PRICE,IO_AMT,IO_PCODE,IO_DCODE) values (145,'2018-08-04',1,82,426,34932,'P00279','D0080');
Insert into TBL_IOLIST (IO_SEQ,IO_DATE,IO_INOUT,IO_QTY,IO_PRICE,IO_AMT,IO_PCODE,IO_DCODE) values (146,'2018-08-05',1,58,614,35612,'P00227','D0030');
Insert into TBL_IOLIST (IO_SEQ,IO_DATE,IO_INOUT,IO_QTY,IO_PRICE,IO_AMT,IO_PCODE,IO_DCODE) values (147,'2018-08-05',1,99,9016,892584,'P00071','D0150');
Insert into TBL_IOLIST (IO_SEQ,IO_DATE,IO_INOUT,IO_QTY,IO_PRICE,IO_AMT,IO_PCODE,IO_DCODE) values (148,'2018-08-08',1,90,491,44190,'P00181','D0189');
Insert into TBL_IOLIST (IO_SEQ,IO_DATE,IO_INOUT,IO_QTY,IO_PRICE,IO_AMT,IO_PCODE,IO_DCODE) values (149,'2018-09-02',1,86,622,53492,'P00387','D0221');
Insert into TBL_IOLIST (IO_SEQ,IO_DATE,IO_INOUT,IO_QTY,IO_PRICE,IO_AMT,IO_PCODE,IO_DCODE) values (150,'2018-09-02',1,90,327,29430,'P00012','D0027');
Insert into TBL_IOLIST (IO_SEQ,IO_DATE,IO_INOUT,IO_QTY,IO_PRICE,IO_AMT,IO_PCODE,IO_DCODE) values (151,'2018-09-02',1,99,532,52668,'P00041','D0059');
Insert into TBL_IOLIST (IO_SEQ,IO_DATE,IO_INOUT,IO_QTY,IO_PRICE,IO_AMT,IO_PCODE,IO_DCODE) values (152,'2018-09-03',1,63,327,20601,'P00287','D0180');
Insert into TBL_IOLIST (IO_SEQ,IO_DATE,IO_INOUT,IO_QTY,IO_PRICE,IO_AMT,IO_PCODE,IO_DCODE) values (153,'2018-09-03',1,80,976,78080,'P00060','D0146');
Insert into TBL_IOLIST (IO_SEQ,IO_DATE,IO_INOUT,IO_QTY,IO_PRICE,IO_AMT,IO_PCODE,IO_DCODE) values (154,'2018-09-04',1,69,1696,117024,'P00379','D0116');
Insert into TBL_IOLIST (IO_SEQ,IO_DATE,IO_INOUT,IO_QTY,IO_PRICE,IO_AMT,IO_PCODE,IO_DCODE) values (155,'2018-09-05',1,86,1844,158584,'P00250','D0205');
Insert into TBL_IOLIST (IO_SEQ,IO_DATE,IO_INOUT,IO_QTY,IO_PRICE,IO_AMT,IO_PCODE,IO_DCODE) values (156,'2018-09-06',1,62,1967,121954,'P00206','D0187');
Insert into TBL_IOLIST (IO_SEQ,IO_DATE,IO_INOUT,IO_QTY,IO_PRICE,IO_AMT,IO_PCODE,IO_DCODE) values (157,'2018-09-06',1,93,1844,171492,'P00154','D0007');
Insert into TBL_IOLIST (IO_SEQ,IO_DATE,IO_INOUT,IO_QTY,IO_PRICE,IO_AMT,IO_PCODE,IO_DCODE) values (158,'2018-09-06',1,71,1844,130924,'P00192','D0094');
Insert into TBL_IOLIST (IO_SEQ,IO_DATE,IO_INOUT,IO_QTY,IO_PRICE,IO_AMT,IO_PCODE,IO_DCODE) values (159,'2018-09-06',1,65,819,53235,'P00330','D0032');
Insert into TBL_IOLIST (IO_SEQ,IO_DATE,IO_INOUT,IO_QTY,IO_PRICE,IO_AMT,IO_PCODE,IO_DCODE) values (160,'2018-09-07',1,72,221,15912,'P00097','D0106');
Insert into TBL_IOLIST (IO_SEQ,IO_DATE,IO_INOUT,IO_QTY,IO_PRICE,IO_AMT,IO_PCODE,IO_DCODE) values (161,'2018-09-07',1,95,386,36670,'P00042','D0163');
Insert into TBL_IOLIST (IO_SEQ,IO_DATE,IO_INOUT,IO_QTY,IO_PRICE,IO_AMT,IO_PCODE,IO_DCODE) values (162,'2018-09-08',1,67,586,39262,'P00314','D0127');
Insert into TBL_IOLIST (IO_SEQ,IO_DATE,IO_INOUT,IO_QTY,IO_PRICE,IO_AMT,IO_PCODE,IO_DCODE) values (163,'2018-09-08',1,91,436,39676,'P00087','D0042');
Insert into TBL_IOLIST (IO_SEQ,IO_DATE,IO_INOUT,IO_QTY,IO_PRICE,IO_AMT,IO_PCODE,IO_DCODE) values (164,'2018-09-08',1,89,341,30349,'P00132','D0068');
Insert into TBL_IOLIST (IO_SEQ,IO_DATE,IO_INOUT,IO_QTY,IO_PRICE,IO_AMT,IO_PCODE,IO_DCODE) values (165,'2018-09-09',1,79,413,32627,'P00119','D0143');
Insert into TBL_IOLIST (IO_SEQ,IO_DATE,IO_INOUT,IO_QTY,IO_PRICE,IO_AMT,IO_PCODE,IO_DCODE) values (166,'2018-09-09',1,60,655,39300,'P00024','D0017');
Insert into TBL_IOLIST (IO_SEQ,IO_DATE,IO_INOUT,IO_QTY,IO_PRICE,IO_AMT,IO_PCODE,IO_DCODE) values (167,'2018-09-09',1,75,1844,138300,'P00157','D0099');
Insert into TBL_IOLIST (IO_SEQ,IO_DATE,IO_INOUT,IO_QTY,IO_PRICE,IO_AMT,IO_PCODE,IO_DCODE) values (168,'2018-09-12',1,63,655,41265,'P00051','D0088');
Insert into TBL_IOLIST (IO_SEQ,IO_DATE,IO_INOUT,IO_QTY,IO_PRICE,IO_AMT,IO_PCODE,IO_DCODE) values (169,'2018-09-12',1,98,386,37828,'P00046','D0026');
Insert into TBL_IOLIST (IO_SEQ,IO_DATE,IO_INOUT,IO_QTY,IO_PRICE,IO_AMT,IO_PCODE,IO_DCODE) values (170,'2018-09-12',1,77,1147,88319,'P00111','D0176');
Insert into TBL_IOLIST (IO_SEQ,IO_DATE,IO_INOUT,IO_QTY,IO_PRICE,IO_AMT,IO_PCODE,IO_DCODE) values (171,'2018-09-13',1,72,1844,132768,'P00253','D0103');
Insert into TBL_IOLIST (IO_SEQ,IO_DATE,IO_INOUT,IO_QTY,IO_PRICE,IO_AMT,IO_PCODE,IO_DCODE) values (172,'2018-09-14',1,58,622,36076,'P00109','D0099');
Insert into TBL_IOLIST (IO_SEQ,IO_DATE,IO_INOUT,IO_QTY,IO_PRICE,IO_AMT,IO_PCODE,IO_DCODE) values (173,'2018-09-14',1,86,1311,112746,'P00252','D0133');
Insert into TBL_IOLIST (IO_SEQ,IO_DATE,IO_INOUT,IO_QTY,IO_PRICE,IO_AMT,IO_PCODE,IO_DCODE) values (174,'2018-09-16',1,58,614,35612,'P00323','D0075');
Insert into TBL_IOLIST (IO_SEQ,IO_DATE,IO_INOUT,IO_QTY,IO_PRICE,IO_AMT,IO_PCODE,IO_DCODE) values (175,'2018-09-17',1,74,1803,133422,'P00165','D0098');
Insert into TBL_IOLIST (IO_SEQ,IO_DATE,IO_INOUT,IO_QTY,IO_PRICE,IO_AMT,IO_PCODE,IO_DCODE) values (176,'2018-09-18',1,78,1183,92274,'P00316','D0128');
Insert into TBL_IOLIST (IO_SEQ,IO_DATE,IO_INOUT,IO_QTY,IO_PRICE,IO_AMT,IO_PCODE,IO_DCODE) values (177,'2018-09-19',1,59,1758,103722,'P00349','D0143');
Insert into TBL_IOLIST (IO_SEQ,IO_DATE,IO_INOUT,IO_QTY,IO_PRICE,IO_AMT,IO_PCODE,IO_DCODE) values (178,'2018-09-19',1,60,655,39300,'P00018','D0205');
Insert into TBL_IOLIST (IO_SEQ,IO_DATE,IO_INOUT,IO_QTY,IO_PRICE,IO_AMT,IO_PCODE,IO_DCODE) values (179,'2018-09-20',1,58,6557,380306,'P00064','D0133');
Insert into TBL_IOLIST (IO_SEQ,IO_DATE,IO_INOUT,IO_QTY,IO_PRICE,IO_AMT,IO_PCODE,IO_DCODE) values (180,'2018-09-21',1,86,13934,1198324,'P00208','D0024');
Insert into TBL_IOLIST (IO_SEQ,IO_DATE,IO_INOUT,IO_QTY,IO_PRICE,IO_AMT,IO_PCODE,IO_DCODE) values (181,'2018-09-22',1,57,1647,93879,'P00021','D0065');
Insert into TBL_IOLIST (IO_SEQ,IO_DATE,IO_INOUT,IO_QTY,IO_PRICE,IO_AMT,IO_PCODE,IO_DCODE) values (182,'2018-10-07',1,51,327,16677,'P00022','D0007');
Insert into TBL_IOLIST (IO_SEQ,IO_DATE,IO_INOUT,IO_QTY,IO_PRICE,IO_AMT,IO_PCODE,IO_DCODE) values (183,'2018-10-07',1,77,651,50127,'P00091','D0184');
Insert into TBL_IOLIST (IO_SEQ,IO_DATE,IO_INOUT,IO_QTY,IO_PRICE,IO_AMT,IO_PCODE,IO_DCODE) values (184,'2018-10-08',1,86,983,84538,'P00302','D0227');
Insert into TBL_IOLIST (IO_SEQ,IO_DATE,IO_INOUT,IO_QTY,IO_PRICE,IO_AMT,IO_PCODE,IO_DCODE) values (185,'2018-10-08',1,68,1639,111452,'P00204','D0064');
Insert into TBL_IOLIST (IO_SEQ,IO_DATE,IO_INOUT,IO_QTY,IO_PRICE,IO_AMT,IO_PCODE,IO_DCODE) values (186,'2018-10-08',1,94,1844,173336,'P00281','D0046');
Insert into TBL_IOLIST (IO_SEQ,IO_DATE,IO_INOUT,IO_QTY,IO_PRICE,IO_AMT,IO_PCODE,IO_DCODE) values (187,'2018-10-09',1,71,409,29039,'P00170','D0162');
Insert into TBL_IOLIST (IO_SEQ,IO_DATE,IO_INOUT,IO_QTY,IO_PRICE,IO_AMT,IO_PCODE,IO_DCODE) values (188,'2018-10-10',1,69,295,20355,'P00080','D0057');
Insert into TBL_IOLIST (IO_SEQ,IO_DATE,IO_INOUT,IO_QTY,IO_PRICE,IO_AMT,IO_PCODE,IO_DCODE) values (189,'2018-10-11',1,79,587,46373,'P00356','D0186');
Insert into TBL_IOLIST (IO_SEQ,IO_DATE,IO_INOUT,IO_QTY,IO_PRICE,IO_AMT,IO_PCODE,IO_DCODE) values (190,'2018-10-14',1,91,919,83629,'P00267','D0109');
Insert into TBL_IOLIST (IO_SEQ,IO_DATE,IO_INOUT,IO_QTY,IO_PRICE,IO_AMT,IO_PCODE,IO_DCODE) values (191,'2018-10-16',1,99,491,48609,'P00384','D0201');
Insert into TBL_IOLIST (IO_SEQ,IO_DATE,IO_INOUT,IO_QTY,IO_PRICE,IO_AMT,IO_PCODE,IO_DCODE) values (192,'2018-10-18',1,98,274,26852,'P00023','D0142');
Insert into TBL_IOLIST (IO_SEQ,IO_DATE,IO_INOUT,IO_QTY,IO_PRICE,IO_AMT,IO_PCODE,IO_DCODE) values (193,'2018-10-18',1,83,524,43492,'P00357','D0054');
Insert into TBL_IOLIST (IO_SEQ,IO_DATE,IO_INOUT,IO_QTY,IO_PRICE,IO_AMT,IO_PCODE,IO_DCODE) values (194,'2018-10-18',1,57,614,34998,'P00226','D0074');
Insert into TBL_IOLIST (IO_SEQ,IO_DATE,IO_INOUT,IO_QTY,IO_PRICE,IO_AMT,IO_PCODE,IO_DCODE) values (195,'2018-10-18',1,99,341,33759,'P00197','D0118');
Insert into TBL_IOLIST (IO_SEQ,IO_DATE,IO_INOUT,IO_QTY,IO_PRICE,IO_AMT,IO_PCODE,IO_DCODE) values (196,'2018-10-19',1,84,327,27468,'P00081','D0093');
Insert into TBL_IOLIST (IO_SEQ,IO_DATE,IO_INOUT,IO_QTY,IO_PRICE,IO_AMT,IO_PCODE,IO_DCODE) values (197,'2018-10-20',1,80,368,29440,'P00341','D0194');
Insert into TBL_IOLIST (IO_SEQ,IO_DATE,IO_INOUT,IO_QTY,IO_PRICE,IO_AMT,IO_PCODE,IO_DCODE) values (198,'2018-10-20',1,55,1465,80575,'P00294','D0209');
Insert into TBL_IOLIST (IO_SEQ,IO_DATE,IO_INOUT,IO_QTY,IO_PRICE,IO_AMT,IO_PCODE,IO_DCODE) values (199,'2018-10-22',1,71,651,46221,'P00091','D0036');
Insert into TBL_IOLIST (IO_SEQ,IO_DATE,IO_INOUT,IO_QTY,IO_PRICE,IO_AMT,IO_PCODE,IO_DCODE) values (200,'2018-10-23',1,69,1803,124407,'P00230','D0231');
Insert into TBL_IOLIST (IO_SEQ,IO_DATE,IO_INOUT,IO_QTY,IO_PRICE,IO_AMT,IO_PCODE,IO_DCODE) values (201,'2018-10-24',1,67,2213,148271,'P00345','D0162');
Insert into TBL_IOLIST (IO_SEQ,IO_DATE,IO_INOUT,IO_QTY,IO_PRICE,IO_AMT,IO_PCODE,IO_DCODE) values (202,'2018-10-25',1,82,573,46986,'P00114','D0143');
Insert into TBL_IOLIST (IO_SEQ,IO_DATE,IO_INOUT,IO_QTY,IO_PRICE,IO_AMT,IO_PCODE,IO_DCODE) values (203,'2018-10-25',1,68,1696,115328,'P00233','D0183');
Insert into TBL_IOLIST (IO_SEQ,IO_DATE,IO_INOUT,IO_QTY,IO_PRICE,IO_AMT,IO_PCODE,IO_DCODE) values (204,'2018-10-26',1,85,6557,557345,'P00104','D0213');
Insert into TBL_IOLIST (IO_SEQ,IO_DATE,IO_INOUT,IO_QTY,IO_PRICE,IO_AMT,IO_PCODE,IO_DCODE) values (205,'2018-10-27',1,81,2459,199179,'P00334','D0097');
Insert into TBL_IOLIST (IO_SEQ,IO_DATE,IO_INOUT,IO_QTY,IO_PRICE,IO_AMT,IO_PCODE,IO_DCODE) values (206,'2018-10-28',1,91,6557,596687,'P00064','D0120');
Insert into TBL_IOLIST (IO_SEQ,IO_DATE,IO_INOUT,IO_QTY,IO_PRICE,IO_AMT,IO_PCODE,IO_DCODE) values (207,'2018-10-28',1,57,2065,117705,'P00186','D0008');
Insert into TBL_IOLIST (IO_SEQ,IO_DATE,IO_INOUT,IO_QTY,IO_PRICE,IO_AMT,IO_PCODE,IO_DCODE) values (208,'2018-10-29',1,90,384,34560,'P00008','D0086');
Insert into TBL_IOLIST (IO_SEQ,IO_DATE,IO_INOUT,IO_QTY,IO_PRICE,IO_AMT,IO_PCODE,IO_DCODE) values (209,'2018-10-29',1,60,368,22080,'P00351','D0089');
Insert into TBL_IOLIST (IO_SEQ,IO_DATE,IO_INOUT,IO_QTY,IO_PRICE,IO_AMT,IO_PCODE,IO_DCODE) values (210,'2018-11-01',1,98,549,53802,'P00006','D0228');
Insert into TBL_IOLIST (IO_SEQ,IO_DATE,IO_INOUT,IO_QTY,IO_PRICE,IO_AMT,IO_PCODE,IO_DCODE) values (211,'2018-11-01',1,86,591,50826,'P00052','D0235');
Insert into TBL_IOLIST (IO_SEQ,IO_DATE,IO_INOUT,IO_QTY,IO_PRICE,IO_AMT,IO_PCODE,IO_DCODE) values (212,'2018-11-02',1,58,1844,106952,'P00126','D0129');
Insert into TBL_IOLIST (IO_SEQ,IO_DATE,IO_INOUT,IO_QTY,IO_PRICE,IO_AMT,IO_PCODE,IO_DCODE) values (213,'2018-11-02',1,50,409,20450,'P00331','D0075');
Insert into TBL_IOLIST (IO_SEQ,IO_DATE,IO_INOUT,IO_QTY,IO_PRICE,IO_AMT,IO_PCODE,IO_DCODE) values (214,'2018-11-03',1,99,555,54945,'P00231','D0205');
Insert into TBL_IOLIST (IO_SEQ,IO_DATE,IO_INOUT,IO_QTY,IO_PRICE,IO_AMT,IO_PCODE,IO_DCODE) values (215,'2018-11-03',1,87,1844,160428,'P00281','D0200');
Insert into TBL_IOLIST (IO_SEQ,IO_DATE,IO_INOUT,IO_QTY,IO_PRICE,IO_AMT,IO_PCODE,IO_DCODE) values (216,'2018-11-03',1,56,8240,461440,'P00195','D0210');
Insert into TBL_IOLIST (IO_SEQ,IO_DATE,IO_INOUT,IO_QTY,IO_PRICE,IO_AMT,IO_PCODE,IO_DCODE) values (217,'2018-11-05',1,68,5327,362236,'P00058','D0155');
Insert into TBL_IOLIST (IO_SEQ,IO_DATE,IO_INOUT,IO_QTY,IO_PRICE,IO_AMT,IO_PCODE,IO_DCODE) values (218,'2018-12-16',1,98,1549,151802,'P00137','D0139');
Insert into TBL_IOLIST (IO_SEQ,IO_DATE,IO_INOUT,IO_QTY,IO_PRICE,IO_AMT,IO_PCODE,IO_DCODE) values (219,'2018-12-16',1,66,295,19470,'P00078','D0132');
Insert into TBL_IOLIST (IO_SEQ,IO_DATE,IO_INOUT,IO_QTY,IO_PRICE,IO_AMT,IO_PCODE,IO_DCODE) values (220,'2018-12-17',1,69,327,22563,'P00262','D0159');
Insert into TBL_IOLIST (IO_SEQ,IO_DATE,IO_INOUT,IO_QTY,IO_PRICE,IO_AMT,IO_PCODE,IO_DCODE) values (221,'2018-12-20',1,88,311,27368,'P00178','D0211');
Insert into TBL_IOLIST (IO_SEQ,IO_DATE,IO_INOUT,IO_QTY,IO_PRICE,IO_AMT,IO_PCODE,IO_DCODE) values (222,'2018-12-22',1,72,450,32400,'P00350','D0174');
Insert into TBL_IOLIST (IO_SEQ,IO_DATE,IO_INOUT,IO_QTY,IO_PRICE,IO_AMT,IO_PCODE,IO_DCODE) values (223,'2018-12-22',1,84,524,44016,'P00016','D0123');
Insert into TBL_IOLIST (IO_SEQ,IO_DATE,IO_INOUT,IO_QTY,IO_PRICE,IO_AMT,IO_PCODE,IO_DCODE) values (224,'2018-12-23',1,69,311,21459,'P00074','D0158');
Insert into TBL_IOLIST (IO_SEQ,IO_DATE,IO_INOUT,IO_QTY,IO_PRICE,IO_AMT,IO_PCODE,IO_DCODE) values (225,'2018-12-23',1,86,1721,148006,'P00360','D0211');
Insert into TBL_IOLIST (IO_SEQ,IO_DATE,IO_INOUT,IO_QTY,IO_PRICE,IO_AMT,IO_PCODE,IO_DCODE) values (226,'2018-12-24',1,65,1434,93210,'P00130','D0182');
Insert into TBL_IOLIST (IO_SEQ,IO_DATE,IO_INOUT,IO_QTY,IO_PRICE,IO_AMT,IO_PCODE,IO_DCODE) values (227,'2018-12-25',1,81,1885,152685,'P00217','D0146');
Insert into TBL_IOLIST (IO_SEQ,IO_DATE,IO_INOUT,IO_QTY,IO_PRICE,IO_AMT,IO_PCODE,IO_DCODE) values (228,'2018-12-27',1,87,515,44805,'P00144','D0032');
Insert into TBL_IOLIST (IO_SEQ,IO_DATE,IO_INOUT,IO_QTY,IO_PRICE,IO_AMT,IO_PCODE,IO_DCODE) values (229,'2018-12-27',1,93,591,54963,'P00056','D0202');
Insert into TBL_IOLIST (IO_SEQ,IO_DATE,IO_INOUT,IO_QTY,IO_PRICE,IO_AMT,IO_PCODE,IO_DCODE) values (230,'2018-12-27',1,61,9016,549976,'P00298','D0035');
Insert into TBL_IOLIST (IO_SEQ,IO_DATE,IO_INOUT,IO_QTY,IO_PRICE,IO_AMT,IO_PCODE,IO_DCODE) values (231,'2018-12-28',1,96,491,47136,'P00234','D0040');
Insert into TBL_IOLIST (IO_SEQ,IO_DATE,IO_INOUT,IO_QTY,IO_PRICE,IO_AMT,IO_PCODE,IO_DCODE) values (232,'2018-12-29',1,69,1639,113091,'P00254','D0186');
Insert into TBL_IOLIST (IO_SEQ,IO_DATE,IO_INOUT,IO_QTY,IO_PRICE,IO_AMT,IO_PCODE,IO_DCODE) values (300,'2018-01-01',2,51,500,25500,'P00014','D0172');
Insert into TBL_IOLIST (IO_SEQ,IO_DATE,IO_INOUT,IO_QTY,IO_PRICE,IO_AMT,IO_PCODE,IO_DCODE) values (301,'2018-01-09',2,91,1000,91000,'P00031','D0071');
Insert into TBL_IOLIST (IO_SEQ,IO_DATE,IO_INOUT,IO_QTY,IO_PRICE,IO_AMT,IO_PCODE,IO_DCODE) values (302,'2018-01-09',2,86,1500,129000,'P00372','D0059');
Insert into TBL_IOLIST (IO_SEQ,IO_DATE,IO_INOUT,IO_QTY,IO_PRICE,IO_AMT,IO_PCODE,IO_DCODE) values (303,'2018-01-23',2,87,1500,130500,'P00387','D0123');
Insert into TBL_IOLIST (IO_SEQ,IO_DATE,IO_INOUT,IO_QTY,IO_PRICE,IO_AMT,IO_PCODE,IO_DCODE) values (304,'2018-01-23',2,74,2000,148000,'P00376','D0137');
Insert into TBL_IOLIST (IO_SEQ,IO_DATE,IO_INOUT,IO_QTY,IO_PRICE,IO_AMT,IO_PCODE,IO_DCODE) values (305,'2018-01-24',2,58,1500,87000,'P00271','D0097');
Insert into TBL_IOLIST (IO_SEQ,IO_DATE,IO_INOUT,IO_QTY,IO_PRICE,IO_AMT,IO_PCODE,IO_DCODE) values (306,'2018-01-24',2,81,700,56700,'P00164','D0043');
Insert into TBL_IOLIST (IO_SEQ,IO_DATE,IO_INOUT,IO_QTY,IO_PRICE,IO_AMT,IO_PCODE,IO_DCODE) values (307,'2018-01-28',2,97,700,67900,'P00169','D0092');
Insert into TBL_IOLIST (IO_SEQ,IO_DATE,IO_INOUT,IO_QTY,IO_PRICE,IO_AMT,IO_PCODE,IO_DCODE) values (308,'2018-01-29',2,60,2500,150000,'P00149','D0119');
Insert into TBL_IOLIST (IO_SEQ,IO_DATE,IO_INOUT,IO_QTY,IO_PRICE,IO_AMT,IO_PCODE,IO_DCODE) values (309,'2018-02-02',2,95,700,66500,'P00002','D0207');
Insert into TBL_IOLIST (IO_SEQ,IO_DATE,IO_INOUT,IO_QTY,IO_PRICE,IO_AMT,IO_PCODE,IO_DCODE) values (310,'2018-02-03',2,66,1500,99000,'P00191','D0187');
Insert into TBL_IOLIST (IO_SEQ,IO_DATE,IO_INOUT,IO_QTY,IO_PRICE,IO_AMT,IO_PCODE,IO_DCODE) values (311,'2018-02-09',2,68,2500,170000,'P00249','D0082');
Insert into TBL_IOLIST (IO_SEQ,IO_DATE,IO_INOUT,IO_QTY,IO_PRICE,IO_AMT,IO_PCODE,IO_DCODE) values (312,'2018-02-09',2,98,500,49000,'P00284','D0163');
Insert into TBL_IOLIST (IO_SEQ,IO_DATE,IO_INOUT,IO_QTY,IO_PRICE,IO_AMT,IO_PCODE,IO_DCODE) values (313,'2018-02-10',2,51,1500,76500,'P00375','D0052');
Insert into TBL_IOLIST (IO_SEQ,IO_DATE,IO_INOUT,IO_QTY,IO_PRICE,IO_AMT,IO_PCODE,IO_DCODE) values (314,'2018-02-11',2,75,12000,900000,'P00337','D0047');
Insert into TBL_IOLIST (IO_SEQ,IO_DATE,IO_INOUT,IO_QTY,IO_PRICE,IO_AMT,IO_PCODE,IO_DCODE) values (315,'2018-02-11',2,58,12000,696000,'P00336','D0083');
Insert into TBL_IOLIST (IO_SEQ,IO_DATE,IO_INOUT,IO_QTY,IO_PRICE,IO_AMT,IO_PCODE,IO_DCODE) values (316,'2018-02-11',2,55,800,44000,'P00263','D0230');
Insert into TBL_IOLIST (IO_SEQ,IO_DATE,IO_INOUT,IO_QTY,IO_PRICE,IO_AMT,IO_PCODE,IO_DCODE) values (317,'2018-02-13',2,50,1000,50000,'P00317','D0212');
Insert into TBL_IOLIST (IO_SEQ,IO_DATE,IO_INOUT,IO_QTY,IO_PRICE,IO_AMT,IO_PCODE,IO_DCODE) values (318,'2018-02-14',2,92,2500,230000,'P00322','D0148');
Insert into TBL_IOLIST (IO_SEQ,IO_DATE,IO_INOUT,IO_QTY,IO_PRICE,IO_AMT,IO_PCODE,IO_DCODE) values (319,'2018-02-14',2,84,1000,84000,'P00393','D0053');
Insert into TBL_IOLIST (IO_SEQ,IO_DATE,IO_INOUT,IO_QTY,IO_PRICE,IO_AMT,IO_PCODE,IO_DCODE) values (320,'2018-02-15',2,71,1200,85200,'P00342','D0119');
Insert into TBL_IOLIST (IO_SEQ,IO_DATE,IO_INOUT,IO_QTY,IO_PRICE,IO_AMT,IO_PCODE,IO_DCODE) values (321,'2018-02-15',2,95,1800,171000,'P00325','D0175');
Insert into TBL_IOLIST (IO_SEQ,IO_DATE,IO_INOUT,IO_QTY,IO_PRICE,IO_AMT,IO_PCODE,IO_DCODE) values (322,'2018-02-15',2,97,1500,145500,'P00369','D0066');
Insert into TBL_IOLIST (IO_SEQ,IO_DATE,IO_INOUT,IO_QTY,IO_PRICE,IO_AMT,IO_PCODE,IO_DCODE) values (323,'2018-02-15',2,63,700,44100,'P00166','D0231');
Insert into TBL_IOLIST (IO_SEQ,IO_DATE,IO_INOUT,IO_QTY,IO_PRICE,IO_AMT,IO_PCODE,IO_DCODE) values (324,'2018-02-16',2,52,1500,78000,'P00297','D0026');
Insert into TBL_IOLIST (IO_SEQ,IO_DATE,IO_INOUT,IO_QTY,IO_PRICE,IO_AMT,IO_PCODE,IO_DCODE) values (325,'2018-02-16',2,59,1500,88500,'P00311','D0059');
Insert into TBL_IOLIST (IO_SEQ,IO_DATE,IO_INOUT,IO_QTY,IO_PRICE,IO_AMT,IO_PCODE,IO_DCODE) values (326,'2018-02-17',2,50,500,25000,'P00242','D0039');
Insert into TBL_IOLIST (IO_SEQ,IO_DATE,IO_INOUT,IO_QTY,IO_PRICE,IO_AMT,IO_PCODE,IO_DCODE) values (327,'2018-02-18',2,67,700,46900,'P00169','D0081');
Insert into TBL_IOLIST (IO_SEQ,IO_DATE,IO_INOUT,IO_QTY,IO_PRICE,IO_AMT,IO_PCODE,IO_DCODE) values (328,'2018-02-18',2,81,2500,202500,'P00152','D0129');
Insert into TBL_IOLIST (IO_SEQ,IO_DATE,IO_INOUT,IO_QTY,IO_PRICE,IO_AMT,IO_PCODE,IO_DCODE) values (329,'2018-03-12',2,62,2000,124000,'P00070','D0048');
Insert into TBL_IOLIST (IO_SEQ,IO_DATE,IO_INOUT,IO_QTY,IO_PRICE,IO_AMT,IO_PCODE,IO_DCODE) values (330,'2018-03-12',2,84,1500,126000,'P00062','D0204');
Insert into TBL_IOLIST (IO_SEQ,IO_DATE,IO_INOUT,IO_QTY,IO_PRICE,IO_AMT,IO_PCODE,IO_DCODE) values (331,'2018-03-13',2,90,1500,135000,'P00374','D0049');
Insert into TBL_IOLIST (IO_SEQ,IO_DATE,IO_INOUT,IO_QTY,IO_PRICE,IO_AMT,IO_PCODE,IO_DCODE) values (332,'2018-03-14',2,57,1000,57000,'P00381','D0129');
Insert into TBL_IOLIST (IO_SEQ,IO_DATE,IO_INOUT,IO_QTY,IO_PRICE,IO_AMT,IO_PCODE,IO_DCODE) values (333,'2018-03-14',2,61,1500,91500,'P00329','D0215');
Insert into TBL_IOLIST (IO_SEQ,IO_DATE,IO_INOUT,IO_QTY,IO_PRICE,IO_AMT,IO_PCODE,IO_DCODE) values (334,'2018-03-14',2,68,10000,680000,'P00272','D0222');
Insert into TBL_IOLIST (IO_SEQ,IO_DATE,IO_INOUT,IO_QTY,IO_PRICE,IO_AMT,IO_PCODE,IO_DCODE) values (335,'2018-03-14',2,76,900,68400,'P00040','D0104');
Insert into TBL_IOLIST (IO_SEQ,IO_DATE,IO_INOUT,IO_QTY,IO_PRICE,IO_AMT,IO_PCODE,IO_DCODE) values (336,'2018-03-16',2,63,1500,94500,'P00319','D0196');
Insert into TBL_IOLIST (IO_SEQ,IO_DATE,IO_INOUT,IO_QTY,IO_PRICE,IO_AMT,IO_PCODE,IO_DCODE) values (337,'2018-03-16',2,70,3000,210000,'P00347','D0079');
Insert into TBL_IOLIST (IO_SEQ,IO_DATE,IO_INOUT,IO_QTY,IO_PRICE,IO_AMT,IO_PCODE,IO_DCODE) values (338,'2018-03-16',2,68,3000,204000,'P00173','D0128');
Insert into TBL_IOLIST (IO_SEQ,IO_DATE,IO_INOUT,IO_QTY,IO_PRICE,IO_AMT,IO_PCODE,IO_DCODE) values (339,'2018-03-16',2,50,2000,100000,'P00259','D0145');
Insert into TBL_IOLIST (IO_SEQ,IO_DATE,IO_INOUT,IO_QTY,IO_PRICE,IO_AMT,IO_PCODE,IO_DCODE) values (340,'2018-03-18',2,85,700,59500,'P00199','D0195');
Insert into TBL_IOLIST (IO_SEQ,IO_DATE,IO_INOUT,IO_QTY,IO_PRICE,IO_AMT,IO_PCODE,IO_DCODE) values (341,'2018-03-18',2,53,2000,106000,'P00193','D0121');
Insert into TBL_IOLIST (IO_SEQ,IO_DATE,IO_INOUT,IO_QTY,IO_PRICE,IO_AMT,IO_PCODE,IO_DCODE) values (342,'2018-03-19',2,72,1500,108000,'P00248','D0174');
Insert into TBL_IOLIST (IO_SEQ,IO_DATE,IO_INOUT,IO_QTY,IO_PRICE,IO_AMT,IO_PCODE,IO_DCODE) values (343,'2018-03-19',2,69,1500,103500,'P00222','D0011');
Insert into TBL_IOLIST (IO_SEQ,IO_DATE,IO_INOUT,IO_QTY,IO_PRICE,IO_AMT,IO_PCODE,IO_DCODE) values (344,'2018-04-12',2,99,500,49500,'P00082','D0048');
Insert into TBL_IOLIST (IO_SEQ,IO_DATE,IO_INOUT,IO_QTY,IO_PRICE,IO_AMT,IO_PCODE,IO_DCODE) values (345,'2018-04-14',2,73,1000,73000,'P00383','D0073');
Insert into TBL_IOLIST (IO_SEQ,IO_DATE,IO_INOUT,IO_QTY,IO_PRICE,IO_AMT,IO_PCODE,IO_DCODE) values (346,'2018-04-14',2,60,1500,90000,'P00340','D0196');
Insert into TBL_IOLIST (IO_SEQ,IO_DATE,IO_INOUT,IO_QTY,IO_PRICE,IO_AMT,IO_PCODE,IO_DCODE) values (347,'2018-04-16',2,87,1500,130500,'P00110','D0203');
Insert into TBL_IOLIST (IO_SEQ,IO_DATE,IO_INOUT,IO_QTY,IO_PRICE,IO_AMT,IO_PCODE,IO_DCODE) values (348,'2018-04-16',2,90,2000,180000,'P00090','D0146');
Insert into TBL_IOLIST (IO_SEQ,IO_DATE,IO_INOUT,IO_QTY,IO_PRICE,IO_AMT,IO_PCODE,IO_DCODE) values (349,'2018-04-18',2,76,2500,190000,'P00157','D0130');
Insert into TBL_IOLIST (IO_SEQ,IO_DATE,IO_INOUT,IO_QTY,IO_PRICE,IO_AMT,IO_PCODE,IO_DCODE) values (350,'2018-04-18',2,69,1200,82800,'P00277','D0020');
Insert into TBL_IOLIST (IO_SEQ,IO_DATE,IO_INOUT,IO_QTY,IO_PRICE,IO_AMT,IO_PCODE,IO_DCODE) values (351,'2018-04-18',2,97,3000,291000,'P00004','D0226');
Insert into TBL_IOLIST (IO_SEQ,IO_DATE,IO_INOUT,IO_QTY,IO_PRICE,IO_AMT,IO_PCODE,IO_DCODE) values (352,'2018-04-18',2,57,5000,285000,'P00028','D0181');
Insert into TBL_IOLIST (IO_SEQ,IO_DATE,IO_INOUT,IO_QTY,IO_PRICE,IO_AMT,IO_PCODE,IO_DCODE) values (353,'2018-04-20',2,79,700,55300,'P00378','D0144');
Insert into TBL_IOLIST (IO_SEQ,IO_DATE,IO_INOUT,IO_QTY,IO_PRICE,IO_AMT,IO_PCODE,IO_DCODE) values (354,'2018-04-20',2,62,1500,93000,'P00377','D0004');
Insert into TBL_IOLIST (IO_SEQ,IO_DATE,IO_INOUT,IO_QTY,IO_PRICE,IO_AMT,IO_PCODE,IO_DCODE) values (355,'2018-04-21',2,87,2000,174000,'P00090','D0164');
Insert into TBL_IOLIST (IO_SEQ,IO_DATE,IO_INOUT,IO_QTY,IO_PRICE,IO_AMT,IO_PCODE,IO_DCODE) values (356,'2018-04-22',2,60,4500,270000,'P00101','D0138');
Insert into TBL_IOLIST (IO_SEQ,IO_DATE,IO_INOUT,IO_QTY,IO_PRICE,IO_AMT,IO_PCODE,IO_DCODE) values (357,'2018-04-22',2,95,2300,218500,'P00352','D0176');
Insert into TBL_IOLIST (IO_SEQ,IO_DATE,IO_INOUT,IO_QTY,IO_PRICE,IO_AMT,IO_PCODE,IO_DCODE) values (358,'2018-04-23',2,78,4000,312000,'P00332','D0176');
Insert into TBL_IOLIST (IO_SEQ,IO_DATE,IO_INOUT,IO_QTY,IO_PRICE,IO_AMT,IO_PCODE,IO_DCODE) values (359,'2018-04-24',2,63,3000,189000,'P00348','D0068');
Insert into TBL_IOLIST (IO_SEQ,IO_DATE,IO_INOUT,IO_QTY,IO_PRICE,IO_AMT,IO_PCODE,IO_DCODE) values (360,'2018-04-24',2,50,500,25000,'P00282','D0195');
Insert into TBL_IOLIST (IO_SEQ,IO_DATE,IO_INOUT,IO_QTY,IO_PRICE,IO_AMT,IO_PCODE,IO_DCODE) values (361,'2018-04-25',2,95,500,47500,'P00025','D0211');
REM INSERTING into TBL_PRODUCT
SET DEFINE OFF;
Insert into TBL_PRODUCT (P_CODE,P_NAME,P_IPRICE,P_OPRICE) values ('P00003',' 델리어트',2745,3560);
Insert into TBL_PRODUCT (P_CODE,P_NAME,P_IPRICE,P_OPRICE) values ('P00004',' 링 키 바',1647,3000);
Insert into TBL_PRODUCT (P_CODE,P_NAME,P_IPRICE,P_OPRICE) values ('P00005',' 마제스티(호두)',2196,2850);
Insert into TBL_PRODUCT (P_CODE,P_NAME,P_IPRICE,P_OPRICE) values ('P00006',' 메 타 콘(딸기)',549,710);
Insert into TBL_PRODUCT (P_CODE,P_NAME,P_IPRICE,P_OPRICE) values ('P00007',' 빙고(밀크맛)',327,420);
Insert into TBL_PRODUCT (P_CODE,P_NAME,P_IPRICE,P_OPRICE) values ('P00008',' 빙하시대(커피)',384,500);
Insert into TBL_PRODUCT (P_CODE,P_NAME,P_IPRICE,P_OPRICE) values ('P00010',' 설레임커피쉐이크',655,850);
Insert into TBL_PRODUCT (P_CODE,P_NAME,P_IPRICE,P_OPRICE) values ('P00011',' 셀렉션',3727,5000);
Insert into TBL_PRODUCT (P_CODE,P_NAME,P_IPRICE,P_OPRICE) values ('P00012',' 스크류',327,420);
Insert into TBL_PRODUCT (P_CODE,P_NAME,P_IPRICE,P_OPRICE) values ('P00014',' 옥동자(초코)',373,500);
Insert into TBL_PRODUCT (P_CODE,P_NAME,P_IPRICE,P_OPRICE) values ('P00016',' 와(바닐라)',524,680);
Insert into TBL_PRODUCT (P_CODE,P_NAME,P_IPRICE,P_OPRICE) values ('P00017',' 와일드(바닐라)',373,500);
Insert into TBL_PRODUCT (P_CODE,P_NAME,P_IPRICE,P_OPRICE) values ('P00018',' 월드콘(바닐라)',655,850);
Insert into TBL_PRODUCT (P_CODE,P_NAME,P_IPRICE,P_OPRICE) values ('P00021',' 조안나바',1647,2140);
Insert into TBL_PRODUCT (P_CODE,P_NAME,P_IPRICE,P_OPRICE) values ('P00022',' 주물러(개구리)',327,420);
Insert into TBL_PRODUCT (P_CODE,P_NAME,P_IPRICE,P_OPRICE) values ('P00023',' 주물러(콜.배)',274,360);
Insert into TBL_PRODUCT (P_CODE,P_NAME,P_IPRICE,P_OPRICE) values ('P00024',' 카페프레소',655,850);
Insert into TBL_PRODUCT (P_CODE,P_NAME,P_IPRICE,P_OPRICE) values ('P00025',' 커피동자',373,500);
Insert into TBL_PRODUCT (P_CODE,P_NAME,P_IPRICE,P_OPRICE) values ('P00027',' 클래스(딸기)',2196,2850);
Insert into TBL_PRODUCT (P_CODE,P_NAME,P_IPRICE,P_OPRICE) values ('P00028',' 투게더(大)',3727,5000);
Insert into TBL_PRODUCT (P_CODE,P_NAME,P_IPRICE,P_OPRICE) values ('P00030',' 팥 빙 수',1118,1500);
Insert into TBL_PRODUCT (P_CODE,P_NAME,P_IPRICE,P_OPRICE) values ('P00033','(신)ABC쵸콜렛',887,1150);
Insert into TBL_PRODUCT (P_CODE,P_NAME,P_IPRICE,P_OPRICE) values ('P00034','(신)k400/36',2982,4000);
Insert into TBL_PRODUCT (P_CODE,P_NAME,P_IPRICE,P_OPRICE) values ('P00036','(신)구이쥐치포',1118,1500);
Insert into TBL_PRODUCT (P_CODE,P_NAME,P_IPRICE,P_OPRICE) values ('P00037','(신)땅콩꽈배기',497,650);
Insert into TBL_PRODUCT (P_CODE,P_NAME,P_IPRICE,P_OPRICE) values ('P00039','(신)새우깡',411,530);
Insert into TBL_PRODUCT (P_CODE,P_NAME,P_IPRICE,P_OPRICE) values ('P00040','(신)새우탕큰사발',671,900);
Insert into TBL_PRODUCT (P_CODE,P_NAME,P_IPRICE,P_OPRICE) values ('P00041','(신)신라면큰사발',532,900);
Insert into TBL_PRODUCT (P_CODE,P_NAME,P_IPRICE,P_OPRICE) values ('P00044','(신)양파링',596,800);
Insert into TBL_PRODUCT (P_CODE,P_NAME,P_IPRICE,P_OPRICE) values ('P00045','(신)자갈치',386,500);
Insert into TBL_PRODUCT (P_CODE,P_NAME,P_IPRICE,P_OPRICE) values ('P00046','(신)쫄병스낵',386,500);
Insert into TBL_PRODUCT (P_CODE,P_NAME,P_IPRICE,P_OPRICE) values ('P00048','(신)허쉬드링크',596,800);
Insert into TBL_PRODUCT (P_CODE,P_NAME,P_IPRICE,P_OPRICE) values ('P00049','1000 다이제초코',745,1000);
Insert into TBL_PRODUCT (P_CODE,P_NAME,P_IPRICE,P_OPRICE) values ('P00050','1000도도한나초검은깨',591,1000);
Insert into TBL_PRODUCT (P_CODE,P_NAME,P_IPRICE,P_OPRICE) values ('P00051','1000바',655,850);
Insert into TBL_PRODUCT (P_CODE,P_NAME,P_IPRICE,P_OPRICE) values ('P00052','1000썬칩',591,770);
Insert into TBL_PRODUCT (P_CODE,P_NAME,P_IPRICE,P_OPRICE) values ('P00053','1000오잉',650,840);
Insert into TBL_PRODUCT (P_CODE,P_NAME,P_IPRICE,P_OPRICE) values ('P00056','1000해바라기초코볼',591,770);
Insert into TBL_PRODUCT (P_CODE,P_NAME,P_IPRICE,P_OPRICE) values ('P00057','1200 ABC쵸코',709,920);
Insert into TBL_PRODUCT (P_CODE,P_NAME,P_IPRICE,P_OPRICE) values ('P00058','13000모자',5327,6910);
Insert into TBL_PRODUCT (P_CODE,P_NAME,P_IPRICE,P_OPRICE) values ('P00059','1500 몽셀',976,1270);
Insert into TBL_PRODUCT (P_CODE,P_NAME,P_IPRICE,P_OPRICE) values ('P00061','1500더블후레쉬자몽',1118,1500);
Insert into TBL_PRODUCT (P_CODE,P_NAME,P_IPRICE,P_OPRICE) values ('P00063','1500칙촉',1118,1500);
Insert into TBL_PRODUCT (P_CODE,P_NAME,P_IPRICE,P_OPRICE) values ('P00064','16000모자',6557,8510);
Insert into TBL_PRODUCT (P_CODE,P_NAME,P_IPRICE,P_OPRICE) values ('P00066','1800오뜨옐로우',1172,1520);
Insert into TBL_PRODUCT (P_CODE,P_NAME,P_IPRICE,P_OPRICE) values ('P00067','1800후레쉬베리',1121,1460);
Insert into TBL_PRODUCT (P_CODE,P_NAME,P_IPRICE,P_OPRICE) values ('P00069','2%부족할때pet(레몬맛)',491,640);
Insert into TBL_PRODUCT (P_CODE,P_NAME,P_IPRICE,P_OPRICE) values ('P00071','22000모자',9016,11700);
Insert into TBL_PRODUCT (P_CODE,P_NAME,P_IPRICE,P_OPRICE) values ('P00072','3000드림카카오56%',1775,2300);
Insert into TBL_PRODUCT (P_CODE,P_NAME,P_IPRICE,P_OPRICE) values ('P00073','500 고래밥볶음양념',373,500);
Insert into TBL_PRODUCT (P_CODE,P_NAME,P_IPRICE,P_OPRICE) values ('P00074','500 돌아온왕꿈틀이',311,400);
Insert into TBL_PRODUCT (P_CODE,P_NAME,P_IPRICE,P_OPRICE) values ('P00075','500 투유',295,380);
Insert into TBL_PRODUCT (P_CODE,P_NAME,P_IPRICE,P_OPRICE) values ('P00076','5000모자',2049,2660);
Insert into TBL_PRODUCT (P_CODE,P_NAME,P_IPRICE,P_OPRICE) values ('P00077','5000화투',860,5000);
Insert into TBL_PRODUCT (P_CODE,P_NAME,P_IPRICE,P_OPRICE) values ('P00078','500가나',295,380);
Insert into TBL_PRODUCT (P_CODE,P_NAME,P_IPRICE,P_OPRICE) values ('P00080','500목캔디',295,380);
Insert into TBL_PRODUCT (P_CODE,P_NAME,P_IPRICE,P_OPRICE) values ('P00081','500바',327,500);
Insert into TBL_PRODUCT (P_CODE,P_NAME,P_IPRICE,P_OPRICE) values ('P00082','500투니스매콤',373,500);
Insert into TBL_PRODUCT (P_CODE,P_NAME,P_IPRICE,P_OPRICE) values ('P00085','7+8칫솔',1520,1970);
Insert into TBL_PRODUCT (P_CODE,P_NAME,P_IPRICE,P_OPRICE) values ('P00086','700 고소미',436,570);
Insert into TBL_PRODUCT (P_CODE,P_NAME,P_IPRICE,P_OPRICE) values ('P00087','700 다이제비스킷',436,700);
Insert into TBL_PRODUCT (P_CODE,P_NAME,P_IPRICE,P_OPRICE) values ('P00088','8000모자',5964,8000);
Insert into TBL_PRODUCT (P_CODE,P_NAME,P_IPRICE,P_OPRICE) values ('P00090','m&m''s 피넛페크백',1491,2000);
Insert into TBL_PRODUCT (P_CODE,P_NAME,P_IPRICE,P_OPRICE) values ('P00091','건면세대-김치',651,1100);
Insert into TBL_PRODUCT (P_CODE,P_NAME,P_IPRICE,P_OPRICE) values ('P00092','건면세대-소고기',651,850);
Insert into TBL_PRODUCT (P_CODE,P_NAME,P_IPRICE,P_OPRICE) values ('P00094','고구마깡',373,500);
Insert into TBL_PRODUCT (P_CODE,P_NAME,P_IPRICE,P_OPRICE) values ('P00096','고래밥',373,500);
Insert into TBL_PRODUCT (P_CODE,P_NAME,P_IPRICE,P_OPRICE) values ('P00099','구름위에-대날',3727,5000);
Insert into TBL_PRODUCT (P_CODE,P_NAME,P_IPRICE,P_OPRICE) values ('P00100','구름위에-대일',2622,3400);
Insert into TBL_PRODUCT (P_CODE,P_NAME,P_IPRICE,P_OPRICE) values ('P00102','구이쥐치포',1118,1500);
Insert into TBL_PRODUCT (P_CODE,P_NAME,P_IPRICE,P_OPRICE) values ('P00103','국희땅콩샌드',1180,1530);
Insert into TBL_PRODUCT (P_CODE,P_NAME,P_IPRICE,P_OPRICE) values ('P00104','귀다리벙거지',6557,8510);
Insert into TBL_PRODUCT (P_CODE,P_NAME,P_IPRICE,P_OPRICE) values ('P00107','깜두',895,1200);
Insert into TBL_PRODUCT (P_CODE,P_NAME,P_IPRICE,P_OPRICE) values ('P00109','나쵸-살사',622,1000);
Insert into TBL_PRODUCT (P_CODE,P_NAME,P_IPRICE,P_OPRICE) values ('P00112','농협-복분자(175)',522,700);
Insert into TBL_PRODUCT (P_CODE,P_NAME,P_IPRICE,P_OPRICE) values ('P00113','농협-복분자(180)',655,1000);
Insert into TBL_PRODUCT (P_CODE,P_NAME,P_IPRICE,P_OPRICE) values ('P00114','농협-알로에(180)',573,740);
Insert into TBL_PRODUCT (P_CODE,P_NAME,P_IPRICE,P_OPRICE) values ('P00115','농협-제주감귤(180)',491,640);
Insert into TBL_PRODUCT (P_CODE,P_NAME,P_IPRICE,P_OPRICE) values ('P00118','농협-홍삼(180)',573,740);
Insert into TBL_PRODUCT (P_CODE,P_NAME,P_IPRICE,P_OPRICE) values ('P00120','뉴크리넥스 수앤수 캡60매',2407,3120);
Insert into TBL_PRODUCT (P_CODE,P_NAME,P_IPRICE,P_OPRICE) values ('P00121','다원녹차',1118,1500);
Insert into TBL_PRODUCT (P_CODE,P_NAME,P_IPRICE,P_OPRICE) values ('P00123','대일밴드',245,320);
Insert into TBL_PRODUCT (P_CODE,P_NAME,P_IPRICE,P_OPRICE) values ('P00124','대추꿀차',895,1200);
Insert into TBL_PRODUCT (P_CODE,P_NAME,P_IPRICE,P_OPRICE) values ('P00126','던힐(맨솔)',1844,2500);
Insert into TBL_PRODUCT (P_CODE,P_NAME,P_IPRICE,P_OPRICE) values ('P00128','던힐라이트-2',1864,2500);
Insert into TBL_PRODUCT (P_CODE,P_NAME,P_IPRICE,P_OPRICE) values ('P00131','데미소다그레이프캔',341,440);
Insert into TBL_PRODUCT (P_CODE,P_NAME,P_IPRICE,P_OPRICE) values ('P00132','데미소다레몬캔',341,440);
Insert into TBL_PRODUCT (P_CODE,P_NAME,P_IPRICE,P_OPRICE) values ('P00133','데미소다애플패트',655,850);
Insert into TBL_PRODUCT (P_CODE,P_NAME,P_IPRICE,P_OPRICE) values ('P00134','데미소다오렌지패트',655,850);
Insert into TBL_PRODUCT (P_CODE,P_NAME,P_IPRICE,P_OPRICE) values ('P00135','도레미미니초콜렛',895,1200);
Insert into TBL_PRODUCT (P_CODE,P_NAME,P_IPRICE,P_OPRICE) values ('P00137','디스플러스(갑)',1549,2010);
Insert into TBL_PRODUCT (P_CODE,P_NAME,P_IPRICE,P_OPRICE) values ('P00139','따봉오렌지캔',596,800);
Insert into TBL_PRODUCT (P_CODE,P_NAME,P_IPRICE,P_OPRICE) values ('P00140','딸기맛우유',491,640);
Insert into TBL_PRODUCT (P_CODE,P_NAME,P_IPRICE,P_OPRICE) values ('P00142','땅콩그래',655,850);
Insert into TBL_PRODUCT (P_CODE,P_NAME,P_IPRICE,P_OPRICE) values ('P00146','레종블루',4500,5840);
Insert into TBL_PRODUCT (P_CODE,P_NAME,P_IPRICE,P_OPRICE) values ('P00148','로크럭스',1864,2500);
Insert into TBL_PRODUCT (P_CODE,P_NAME,P_IPRICE,P_OPRICE) values ('P00149','마늘빵',1864,2500);
Insert into TBL_PRODUCT (P_CODE,P_NAME,P_IPRICE,P_OPRICE) values ('P00152','마일드세븐[박스]',1864,2500);
Insert into TBL_PRODUCT (P_CODE,P_NAME,P_IPRICE,P_OPRICE) values ('P00154','마일드세븐슈퍼라이트',1844,2390);
Insert into TBL_PRODUCT (P_CODE,P_NAME,P_IPRICE,P_OPRICE) values ('P00155','마일드세븐원',1864,2500);
Insert into TBL_PRODUCT (P_CODE,P_NAME,P_IPRICE,P_OPRICE) values ('P00157','말보로라이트',1844,2500);
Insert into TBL_PRODUCT (P_CODE,P_NAME,P_IPRICE,P_OPRICE) values ('P00159','말보로미디엄',1844,2500);
Insert into TBL_PRODUCT (P_CODE,P_NAME,P_IPRICE,P_OPRICE) values ('P00160','말보로필터플러스',1844,2390);
Insert into TBL_PRODUCT (P_CODE,P_NAME,P_IPRICE,P_OPRICE) values ('P00161','매일검은콩',409,900);
Insert into TBL_PRODUCT (P_CODE,P_NAME,P_IPRICE,P_OPRICE) values ('P00163','맥스웰싱글카페캔',245,320);
Insert into TBL_PRODUCT (P_CODE,P_NAME,P_IPRICE,P_OPRICE) values ('P00164','맥스웰카푸치노캔',522,700);
Insert into TBL_PRODUCT (P_CODE,P_NAME,P_IPRICE,P_OPRICE) values ('P00165','맥심 오리지날 20입',1803,2340);
Insert into TBL_PRODUCT (P_CODE,P_NAME,P_IPRICE,P_OPRICE) values ('P00167','멀티비타 캔',245,320);
Insert into TBL_PRODUCT (P_CODE,P_NAME,P_IPRICE,P_OPRICE) values ('P00168','메이플스토리체리',1342,1800);
Insert into TBL_PRODUCT (P_CODE,P_NAME,P_IPRICE,P_OPRICE) values ('P00171','못말리는신짱',1118,1500);
Insert into TBL_PRODUCT (P_CODE,P_NAME,P_IPRICE,P_OPRICE) values ('P00172','무농약초코칩쿠키',1639,2130);
Insert into TBL_PRODUCT (P_CODE,P_NAME,P_IPRICE,P_OPRICE) values ('P00174','무농약현미칩쿠키',1864,2500);
Insert into TBL_PRODUCT (P_CODE,P_NAME,P_IPRICE,P_OPRICE) values ('P00178','미니폴',311,400);
Insert into TBL_PRODUCT (P_CODE,P_NAME,P_IPRICE,P_OPRICE) values ('P00179','미닛메이드알로에플러스',622,810);
Insert into TBL_PRODUCT (P_CODE,P_NAME,P_IPRICE,P_OPRICE) values ('P00181','바로카페8804751701023',491,640);
Insert into TBL_PRODUCT (P_CODE,P_NAME,P_IPRICE,P_OPRICE) values ('P00182','방한모',7377,9580);
Insert into TBL_PRODUCT (P_CODE,P_NAME,P_IPRICE,P_OPRICE) values ('P00183','백옥콘',895,1200);
Insert into TBL_PRODUCT (P_CODE,P_NAME,P_IPRICE,P_OPRICE) values ('P00184','밴드스타킹',647,840);
Insert into TBL_PRODUCT (P_CODE,P_NAME,P_IPRICE,P_OPRICE) values ('P00185','버지니아슈퍼슬림',2065,2680);
Insert into TBL_PRODUCT (P_CODE,P_NAME,P_IPRICE,P_OPRICE) values ('P00186','버지니아슈퍼슬림원',2065,2800);
Insert into TBL_PRODUCT (P_CODE,P_NAME,P_IPRICE,P_OPRICE) values ('P00188','버터구이오징어',2236,3000);
Insert into TBL_PRODUCT (P_CODE,P_NAME,P_IPRICE,P_OPRICE) values ('P00192','보그aromeI',1844,2390);
Insert into TBL_PRODUCT (P_CODE,P_NAME,P_IPRICE,P_OPRICE) values ('P00193','보솜이대형',901,2000);
Insert into TBL_PRODUCT (P_CODE,P_NAME,P_IPRICE,P_OPRICE) values ('P00194','본드',745,1000);
Insert into TBL_PRODUCT (P_CODE,P_NAME,P_IPRICE,P_OPRICE) values ('P00195','봉지커피',8240,10700);
Insert into TBL_PRODUCT (P_CODE,P_NAME,P_IPRICE,P_OPRICE) values ('P00197','블랙빈테라피',341,440);
Insert into TBL_PRODUCT (P_CODE,P_NAME,P_IPRICE,P_OPRICE) values ('P00198','블루마운틴',491,1500);
Insert into TBL_PRODUCT (P_CODE,P_NAME,P_IPRICE,P_OPRICE) values ('P00199','비타 파워',204,1200);
Insert into TBL_PRODUCT (P_CODE,P_NAME,P_IPRICE,P_OPRICE) values ('P00201','빅파이',1342,1800);
Insert into TBL_PRODUCT (P_CODE,P_NAME,P_IPRICE,P_OPRICE) values ('P00202','빠다코코낫',413,540);
Insert into TBL_PRODUCT (P_CODE,P_NAME,P_IPRICE,P_OPRICE) values ('P00203','빵또아',745,1000);
Insert into TBL_PRODUCT (P_CODE,P_NAME,P_IPRICE,P_OPRICE) values ('P00206','뽀또치즈',1967,2550);
Insert into TBL_PRODUCT (P_CODE,P_NAME,P_IPRICE,P_OPRICE) values ('P00207','산소수',655,850);
Insert into TBL_PRODUCT (P_CODE,P_NAME,P_IPRICE,P_OPRICE) values ('P00210','새우깡',386,500);
Insert into TBL_PRODUCT (P_CODE,P_NAME,P_IPRICE,P_OPRICE) values ('P00212','생녹차(패트)',491,1300);
Insert into TBL_PRODUCT (P_CODE,P_NAME,P_IPRICE,P_OPRICE) values ('P00213','생수',745,1000);
Insert into TBL_PRODUCT (P_CODE,P_NAME,P_IPRICE,P_OPRICE) values ('P00215','석기공룡알',295,380);
Insert into TBL_PRODUCT (P_CODE,P_NAME,P_IPRICE,P_OPRICE) values ('P00216','석류사랑초(델몬트)',820,1100);
Insert into TBL_PRODUCT (P_CODE,P_NAME,P_IPRICE,P_OPRICE) values ('P00217','선글라스10000',1885,10000);
Insert into TBL_PRODUCT (P_CODE,P_NAME,P_IPRICE,P_OPRICE) values ('P00219','선글라스25000',1885,2450);
Insert into TBL_PRODUCT (P_CODE,P_NAME,P_IPRICE,P_OPRICE) values ('P00222','소라형과자',1118,1500);
Insert into TBL_PRODUCT (P_CODE,P_NAME,P_IPRICE,P_OPRICE) values ('P00223','소보로',655,850);
Insert into TBL_PRODUCT (P_CODE,P_NAME,P_IPRICE,P_OPRICE) values ('P00225','솔잎꿀차',491,1200);
Insert into TBL_PRODUCT (P_CODE,P_NAME,P_IPRICE,P_OPRICE) values ('P00226','순두유견과',614,800);
Insert into TBL_PRODUCT (P_CODE,P_NAME,P_IPRICE,P_OPRICE) values ('P00227','순두유녹차',614,800);
Insert into TBL_PRODUCT (P_CODE,P_NAME,P_IPRICE,P_OPRICE) values ('P00230','스타벅스 프라프치노커피',1803,3800);
Insert into TBL_PRODUCT (P_CODE,P_NAME,P_IPRICE,P_OPRICE) values ('P00231','신라면큰사발면',555,720);
Insert into TBL_PRODUCT (P_CODE,P_NAME,P_IPRICE,P_OPRICE) values ('P00233','심플(갑)',1696,2300);
Insert into TBL_PRODUCT (P_CODE,P_NAME,P_IPRICE,P_OPRICE) values ('P00234','쌀과자',491,1200);
Insert into TBL_PRODUCT (P_CODE,P_NAME,P_IPRICE,P_OPRICE) values ('P00235','썬넛트멸치아몬드 35g',737,960);
Insert into TBL_PRODUCT (P_CODE,P_NAME,P_IPRICE,P_OPRICE) values ('P00236','썬크스트오렌지에이드350',1118,1500);
Insert into TBL_PRODUCT (P_CODE,P_NAME,P_IPRICE,P_OPRICE) values ('P00239','아몬드',586,760);
Insert into TBL_PRODUCT (P_CODE,P_NAME,P_IPRICE,P_OPRICE) values ('P00240','아미노업제로',596,800);
Insert into TBL_PRODUCT (P_CODE,P_NAME,P_IPRICE,P_OPRICE) values ('P00241','아이셔마법천자문',311,400);
Insert into TBL_PRODUCT (P_CODE,P_NAME,P_IPRICE,P_OPRICE) values ('P00242','알새우칩',322,500);
Insert into TBL_PRODUCT (P_CODE,P_NAME,P_IPRICE,P_OPRICE) values ('P00245','야채크래커',413,540);
Insert into TBL_PRODUCT (P_CODE,P_NAME,P_IPRICE,P_OPRICE) values ('P00246','양파링',522,700);
Insert into TBL_PRODUCT (P_CODE,P_NAME,P_IPRICE,P_OPRICE) values ('P00247','얼음물',409,1000);
Insert into TBL_PRODUCT (P_CODE,P_NAME,P_IPRICE,P_OPRICE) values ('P00250','에쎄맨솔',1844,2390);
Insert into TBL_PRODUCT (P_CODE,P_NAME,P_IPRICE,P_OPRICE) values ('P00251','에쎄원',1864,2500);
Insert into TBL_PRODUCT (P_CODE,P_NAME,P_IPRICE,P_OPRICE) values ('P00253','엔츠',1844,2390);
Insert into TBL_PRODUCT (P_CODE,P_NAME,P_IPRICE,P_OPRICE) values ('P00254','여행셋트',1639,2130);
Insert into TBL_PRODUCT (P_CODE,P_NAME,P_IPRICE,P_OPRICE) values ('P00255','영지골드',180,230);
Insert into TBL_PRODUCT (P_CODE,P_NAME,P_IPRICE,P_OPRICE) values ('P00256','오늘의차(옥수수)',614,1500);
Insert into TBL_PRODUCT (P_CODE,P_NAME,P_IPRICE,P_OPRICE) values ('P00259','오데뜨',1491,2000);
Insert into TBL_PRODUCT (P_CODE,P_NAME,P_IPRICE,P_OPRICE) values ('P00261','오란씨-오렌지맛',327,420);
Insert into TBL_PRODUCT (P_CODE,P_NAME,P_IPRICE,P_OPRICE) values ('P00262','오란씨-파인',327,420);
Insert into TBL_PRODUCT (P_CODE,P_NAME,P_IPRICE,P_OPRICE) values ('P00264','오란씨포도',596,800);
Insert into TBL_PRODUCT (P_CODE,P_NAME,P_IPRICE,P_OPRICE) values ('P00265','오리온웨하스 딸기맛',311,400);
Insert into TBL_PRODUCT (P_CODE,P_NAME,P_IPRICE,P_OPRICE) values ('P00268','옥수수수염차',622,810);
Insert into TBL_PRODUCT (P_CODE,P_NAME,P_IPRICE,P_OPRICE) values ('P00269','왕고래밥',622,810);
Insert into TBL_PRODUCT (P_CODE,P_NAME,P_IPRICE,P_OPRICE) values ('P00271','우비-아동',1118,1500);
Insert into TBL_PRODUCT (P_CODE,P_NAME,P_IPRICE,P_OPRICE) values ('P00272','우산(소)-고급',7455,10000);
Insert into TBL_PRODUCT (P_CODE,P_NAME,P_IPRICE,P_OPRICE) values ('P00273','우산-7000',1885,2450);
Insert into TBL_PRODUCT (P_CODE,P_NAME,P_IPRICE,P_OPRICE) values ('P00274','우산-자동',11182,15000);
Insert into TBL_PRODUCT (P_CODE,P_NAME,P_IPRICE,P_OPRICE) values ('P00275','웅진고칼슘오렌지',1342,1800);
Insert into TBL_PRODUCT (P_CODE,P_NAME,P_IPRICE,P_OPRICE) values ('P00276','워싱캐쥬얼A',4918,6380);
Insert into TBL_PRODUCT (P_CODE,P_NAME,P_IPRICE,P_OPRICE) values ('P00277','유자꿀차',895,1200);
Insert into TBL_PRODUCT (P_CODE,P_NAME,P_IPRICE,P_OPRICE) values ('P00278','유자차',1118,1500);
Insert into TBL_PRODUCT (P_CODE,P_NAME,P_IPRICE,P_OPRICE) values ('P00279','육개장사발면',426,550);
Insert into TBL_PRODUCT (P_CODE,P_NAME,P_IPRICE,P_OPRICE) values ('P00280','이온에이드캔',344,450);
Insert into TBL_PRODUCT (P_CODE,P_NAME,P_IPRICE,P_OPRICE) values ('P00281','인디고',1844,2390);
Insert into TBL_PRODUCT (P_CODE,P_NAME,P_IPRICE,P_OPRICE) values ('P00282','인디언밥',373,500);
Insert into TBL_PRODUCT (P_CODE,P_NAME,P_IPRICE,P_OPRICE) values ('P00283','일회용밴드',245,320);
Insert into TBL_PRODUCT (P_CODE,P_NAME,P_IPRICE,P_OPRICE) values ('P00284','일회용휴지',373,500);
Insert into TBL_PRODUCT (P_CODE,P_NAME,P_IPRICE,P_OPRICE) values ('P00285','입안가득초코칩',1118,1500);
Insert into TBL_PRODUCT (P_CODE,P_NAME,P_IPRICE,P_OPRICE) values ('P00287','자유시간',327,420);
Insert into TBL_PRODUCT (P_CODE,P_NAME,P_IPRICE,P_OPRICE) values ('P00288','자일리톨1000껌',745,1000);
Insert into TBL_PRODUCT (P_CODE,P_NAME,P_IPRICE,P_OPRICE) values ('P00289','자일리톨3+',1118,1500);
Insert into TBL_PRODUCT (P_CODE,P_NAME,P_IPRICE,P_OPRICE) values ('P00290','자일리톨휘바',3727,5000);
Insert into TBL_PRODUCT (P_CODE,P_NAME,P_IPRICE,P_OPRICE) values ('P00291','제이(j)',1844,2390);
Insert into TBL_PRODUCT (P_CODE,P_NAME,P_IPRICE,P_OPRICE) values ('P00292','제주감귤180',745,1000);
Insert into TBL_PRODUCT (P_CODE,P_NAME,P_IPRICE,P_OPRICE) values ('P00293','조미쥐지포',1864,2500);
Insert into TBL_PRODUCT (P_CODE,P_NAME,P_IPRICE,P_OPRICE) values ('P00294','조청유과(대)',1465,1900);
Insert into TBL_PRODUCT (P_CODE,P_NAME,P_IPRICE,P_OPRICE) values ('P00295','좋은느낌 울날중형18P',4100,5500);
Insert into TBL_PRODUCT (P_CODE,P_NAME,P_IPRICE,P_OPRICE) values ('P00296','좋은느낌울날소형18P',4100,5500);
Insert into TBL_PRODUCT (P_CODE,P_NAME,P_IPRICE,P_OPRICE) values ('P00297','쥬시후레쉬묶음',737,1500);
Insert into TBL_PRODUCT (P_CODE,P_NAME,P_IPRICE,P_OPRICE) values ('P00298','즉석  P700',9016,11700);
Insert into TBL_PRODUCT (P_CODE,P_NAME,P_IPRICE,P_OPRICE) values ('P00299','즉석 인스탁스',7377,13000);
Insert into TBL_PRODUCT (P_CODE,P_NAME,P_IPRICE,P_OPRICE) values ('P00300','짱구는 못말려(딸기)',895,1200);
Insert into TBL_PRODUCT (P_CODE,P_NAME,P_IPRICE,P_OPRICE) values ('P00301','참ing(버터레몬)',983,1280);
Insert into TBL_PRODUCT (P_CODE,P_NAME,P_IPRICE,P_OPRICE) values ('P00303','참쌀선과',1342,1800);
Insert into TBL_PRODUCT (P_CODE,P_NAME,P_IPRICE,P_OPRICE) values ('P00304','참오징어',2236,3000);
Insert into TBL_PRODUCT (P_CODE,P_NAME,P_IPRICE,P_OPRICE) values ('P00305','참이슬(포켓용)PET 200ML',1118,1500);
Insert into TBL_PRODUCT (P_CODE,P_NAME,P_IPRICE,P_OPRICE) values ('P00306','천하장사(소)',373,500);
Insert into TBL_PRODUCT (P_CODE,P_NAME,P_IPRICE,P_OPRICE) values ('P00307','초록매실 500ML',655,850);
Insert into TBL_PRODUCT (P_CODE,P_NAME,P_IPRICE,P_OPRICE) values ('P00308','초코송이',373,500);
Insert into TBL_PRODUCT (P_CODE,P_NAME,P_IPRICE,P_OPRICE) values ('P00309','초코틴틴',655,1000);
Insert into TBL_PRODUCT (P_CODE,P_NAME,P_IPRICE,P_OPRICE) values ('P00310','초코픽',596,800);
Insert into TBL_PRODUCT (P_CODE,P_NAME,P_IPRICE,P_OPRICE) values ('P00311','촉촉한초코칩',1118,1500);
Insert into TBL_PRODUCT (P_CODE,P_NAME,P_IPRICE,P_OPRICE) values ('P00312','쵸코하임',1311,2000);
Insert into TBL_PRODUCT (P_CODE,P_NAME,P_IPRICE,P_OPRICE) values ('P00313','칩스인컵',1118,1500);
Insert into TBL_PRODUCT (P_CODE,P_NAME,P_IPRICE,P_OPRICE) values ('P00314','칩포테토짭짤(대)',586,760);
Insert into TBL_PRODUCT (P_CODE,P_NAME,P_IPRICE,P_OPRICE) values ('P00315','칫솔',409,530);
Insert into TBL_PRODUCT (P_CODE,P_NAME,P_IPRICE,P_OPRICE) values ('P00316','카스타드',1183,2000);
Insert into TBL_PRODUCT (P_CODE,P_NAME,P_IPRICE,P_OPRICE) values ('P00317','카카오76%',622,1000);
Insert into TBL_PRODUCT (P_CODE,P_NAME,P_IPRICE,P_OPRICE) values ('P00318','카페라떼캔(모카)',745,1000);
Insert into TBL_PRODUCT (P_CODE,P_NAME,P_IPRICE,P_OPRICE) values ('P00319','카페모카컵',1118,1500);
Insert into TBL_PRODUCT (P_CODE,P_NAME,P_IPRICE,P_OPRICE) values ('P00320','카페카프치노컵',1118,1500);
Insert into TBL_PRODUCT (P_CODE,P_NAME,P_IPRICE,P_OPRICE) values ('P00321','카푸치노',1118,1500);
Insert into TBL_PRODUCT (P_CODE,P_NAME,P_IPRICE,P_OPRICE) values ('P00322','카푸치노병',1864,2500);
Insert into TBL_PRODUCT (P_CODE,P_NAME,P_IPRICE,P_OPRICE) values ('P00323','카푸치노컵',614,800);
Insert into TBL_PRODUCT (P_CODE,P_NAME,P_IPRICE,P_OPRICE) values ('P00325','칸타타(원두커피)',819,1800);
Insert into TBL_PRODUCT (P_CODE,P_NAME,P_IPRICE,P_OPRICE) values ('P00326','캡슐엑스퍼트사과',745,1000);
Insert into TBL_PRODUCT (P_CODE,P_NAME,P_IPRICE,P_OPRICE) values ('P00327','캡슐엑스퍼트포도',745,1000);
Insert into TBL_PRODUCT (P_CODE,P_NAME,P_IPRICE,P_OPRICE) values ('P00328','커피나',1491,2000);
Insert into TBL_PRODUCT (P_CODE,P_NAME,P_IPRICE,P_OPRICE) values ('P00329','컵라면 대',1118,1500);
Insert into TBL_PRODUCT (P_CODE,P_NAME,P_IPRICE,P_OPRICE) values ('P00330','컵라면 소',819,1060);
Insert into TBL_PRODUCT (P_CODE,P_NAME,P_IPRICE,P_OPRICE) values ('P00331','코닥 알카 AA',409,530);
Insert into TBL_PRODUCT (P_CODE,P_NAME,P_IPRICE,P_OPRICE) values ('P00332','코닥100/36',2982,4000);
Insert into TBL_PRODUCT (P_CODE,P_NAME,P_IPRICE,P_OPRICE) values ('P00333','코닥200/24(구)',2236,3000);
Insert into TBL_PRODUCT (P_CODE,P_NAME,P_IPRICE,P_OPRICE) values ('P00334','코닥K123LA-1(신)',2459,3190);
Insert into TBL_PRODUCT (P_CODE,P_NAME,P_IPRICE,P_OPRICE) values ('P00335','코닥KCR2-1',5218,7000);
Insert into TBL_PRODUCT (P_CODE,P_NAME,P_IPRICE,P_OPRICE) values ('P00336','코닥KL2CR5-1',8945,12000);
Insert into TBL_PRODUCT (P_CODE,P_NAME,P_IPRICE,P_OPRICE) values ('P00337','코닥일회용(유)',8945,12000);
Insert into TBL_PRODUCT (P_CODE,P_NAME,P_IPRICE,P_OPRICE) values ('P00338','코사우유500',745,1000);
Insert into TBL_PRODUCT (P_CODE,P_NAME,P_IPRICE,P_OPRICE) values ('P00339','코카콜라 1.5PET',1491,2000);
Insert into TBL_PRODUCT (P_CODE,P_NAME,P_IPRICE,P_OPRICE) values ('P00340','코카콜라500ml',1118,1500);
Insert into TBL_PRODUCT (P_CODE,P_NAME,P_IPRICE,P_OPRICE) values ('P00341','코코팜 포도',368,480);
Insert into TBL_PRODUCT (P_CODE,P_NAME,P_IPRICE,P_OPRICE) values ('P00342','콜드 포도240',895,1200);
Insert into TBL_PRODUCT (P_CODE,P_NAME,P_IPRICE,P_OPRICE) values ('P00343','쿠우-포도',1118,1500);
Insert into TBL_PRODUCT (P_CODE,P_NAME,P_IPRICE,P_OPRICE) values ('P00345','클라우드',2213,2870);
Insert into TBL_PRODUCT (P_CODE,P_NAME,P_IPRICE,P_OPRICE) values ('P00347','키세스',2236,3000);
Insert into TBL_PRODUCT (P_CODE,P_NAME,P_IPRICE,P_OPRICE) values ('P00349','키세스쿠키앤',1758,2280);
Insert into TBL_PRODUCT (P_CODE,P_NAME,P_IPRICE,P_OPRICE) values ('P00350','킨사이다',450,580);
Insert into TBL_PRODUCT (P_CODE,P_NAME,P_IPRICE,P_OPRICE) values ('P00351','킨사이다제로',368,800);
Insert into TBL_PRODUCT (P_CODE,P_NAME,P_IPRICE,P_OPRICE) values ('P00353','텐더롤',1342,1800);
Insert into TBL_PRODUCT (P_CODE,P_NAME,P_IPRICE,P_OPRICE) values ('P00355','투니스',155,200);
Insert into TBL_PRODUCT (P_CODE,P_NAME,P_IPRICE,P_OPRICE) values ('P00356','투인러브 모카(커피)',587,760);
Insert into TBL_PRODUCT (P_CODE,P_NAME,P_IPRICE,P_OPRICE) values ('P00358','판타롱스타킹',512,670);
Insert into TBL_PRODUCT (P_CODE,P_NAME,P_IPRICE,P_OPRICE) values ('P00359','팔리아멘트원',1844,2390);
Insert into TBL_PRODUCT (P_CODE,P_NAME,P_IPRICE,P_OPRICE) values ('P00361','페레로로셰',5778,9000);
Insert into TBL_PRODUCT (P_CODE,P_NAME,P_IPRICE,P_OPRICE) values ('P00362','펩시콜라 500㎖펫',450,580);
Insert into TBL_PRODUCT (P_CODE,P_NAME,P_IPRICE,P_OPRICE) values ('P00364','포도.배코코 240㎖캔',745,1000);
Insert into TBL_PRODUCT (P_CODE,P_NAME,P_IPRICE,P_OPRICE) values ('P00365','포천쌀막걸리 1.2L',901,1170);
Insert into TBL_PRODUCT (P_CODE,P_NAME,P_IPRICE,P_OPRICE) values ('P00367','프렌치카페카라멜마끼야또',901,1170);
Insert into TBL_PRODUCT (P_CODE,P_NAME,P_IPRICE,P_OPRICE) values ('P00369','프리모',1118,1500);
Insert into TBL_PRODUCT (P_CODE,P_NAME,P_IPRICE,P_OPRICE) values ('P00370','프리미엄 토마토',450,580);
Insert into TBL_PRODUCT (P_CODE,P_NAME,P_IPRICE,P_OPRICE) values ('P00371','프리클스오리지널',1803,2340);
Insert into TBL_PRODUCT (P_CODE,P_NAME,P_IPRICE,P_OPRICE) values ('P00373','하기스매직팬티특대(여)',1704,2210);
Insert into TBL_PRODUCT (P_CODE,P_NAME,P_IPRICE,P_OPRICE) values ('P00374','하늘보리',1118,1500);
Insert into TBL_PRODUCT (P_CODE,P_NAME,P_IPRICE,P_OPRICE) values ('P00376','하이트맥주캔',1491,2000);
Insert into TBL_PRODUCT (P_CODE,P_NAME,P_IPRICE,P_OPRICE) values ('P00378','해바라기쵸코볼',591,700);
Insert into TBL_PRODUCT (P_CODE,P_NAME,P_IPRICE,P_OPRICE) values ('P00381','헤이즐넛원두',745,1000);
Insert into TBL_PRODUCT (P_CODE,P_NAME,P_IPRICE,P_OPRICE) values ('P00382','헤이즐넛커피믹스',286,1000);
Insert into TBL_PRODUCT (P_CODE,P_NAME,P_IPRICE,P_OPRICE) values ('P00384','홍삼꿀',491,640);
Insert into TBL_PRODUCT (P_CODE,P_NAME,P_IPRICE,P_OPRICE) values ('P00385','화이브미니병',311,400);
Insert into TBL_PRODUCT (P_CODE,P_NAME,P_IPRICE,P_OPRICE) values ('P00386','화이트엔젤큐티',1118,1500);
Insert into TBL_PRODUCT (P_CODE,P_NAME,P_IPRICE,P_OPRICE) values ('P00387','환타오렌지',622,1500);
Insert into TBL_PRODUCT (P_CODE,P_NAME,P_IPRICE,P_OPRICE) values ('P00388','환타오렌지캔',368,480);
Insert into TBL_PRODUCT (P_CODE,P_NAME,P_IPRICE,P_OPRICE) values ('P00390','후지CN120',1475,2500);
Insert into TBL_PRODUCT (P_CODE,P_NAME,P_IPRICE,P_OPRICE) values ('P00392','히야 오렌지 300㎖캐릭터펫',409,530);
Insert into TBL_PRODUCT (P_CODE,P_NAME,P_IPRICE,P_OPRICE) values ('P00393','히야오렌지',745,1000);
Insert into TBL_PRODUCT (P_CODE,P_NAME,P_IPRICE,P_OPRICE) values ('P00116','농협-한라봉(175)',522,700);
Insert into TBL_PRODUCT (P_CODE,P_NAME,P_IPRICE,P_OPRICE) values ('P00127','던힐라이트(4월)',1864,2500);
Insert into TBL_PRODUCT (P_CODE,P_NAME,P_IPRICE,P_OPRICE) values ('P00147','로얄디',596,800);
Insert into TBL_PRODUCT (P_CODE,P_NAME,P_IPRICE,P_OPRICE) values ('P00156','마일드쎄븐(LSS)ONE',1864,2500);
Insert into TBL_PRODUCT (P_CODE,P_NAME,P_IPRICE,P_OPRICE) values ('P00170','목장갑',409,1000);
Insert into TBL_PRODUCT (P_CODE,P_NAME,P_IPRICE,P_OPRICE) values ('P00190','버터링',745,1000);
Insert into TBL_PRODUCT (P_CODE,P_NAME,P_IPRICE,P_OPRICE) values ('P00196','불고기맛한마리오징어',2236,3000);
Insert into TBL_PRODUCT (P_CODE,P_NAME,P_IPRICE,P_OPRICE) values ('P00214','샴푸린스',224,300);
Insert into TBL_PRODUCT (P_CODE,P_NAME,P_IPRICE,P_OPRICE) values ('P00221','소라',1118,1500);
Insert into TBL_PRODUCT (P_CODE,P_NAME,P_IPRICE,P_OPRICE) values ('P00237','썬키스트레몬에이드240',596,800);
Insert into TBL_PRODUCT (P_CODE,P_NAME,P_IPRICE,P_OPRICE) values ('P00249','에쎄(순)',1864,2500);
Insert into TBL_PRODUCT (P_CODE,P_NAME,P_IPRICE,P_OPRICE) values ('P00258','오다리',286,600);
Insert into TBL_PRODUCT (P_CODE,P_NAME,P_IPRICE,P_OPRICE) values ('P00002',' 더위사냥(오렌지)',522,700);
Insert into TBL_PRODUCT (P_CODE,P_NAME,P_IPRICE,P_OPRICE) values ('P00013',' 에너보틀',745,1000);
Insert into TBL_PRODUCT (P_CODE,P_NAME,P_IPRICE,P_OPRICE) values ('P00015',' 와(바닐라&커피)',745,1000);
Insert into TBL_PRODUCT (P_CODE,P_NAME,P_IPRICE,P_OPRICE) values ('P00020',' 위즐(캐러멜콘)',3727,5000);
Insert into TBL_PRODUCT (P_CODE,P_NAME,P_IPRICE,P_OPRICE) values ('P00026',' 쿠키앤크림',2982,4000);
Insert into TBL_PRODUCT (P_CODE,P_NAME,P_IPRICE,P_OPRICE) values ('P00029',' 티     코',2982,4000);
Insert into TBL_PRODUCT (P_CODE,P_NAME,P_IPRICE,P_OPRICE) values ('P00031',' 프리마또',745,1000);
Insert into TBL_PRODUCT (P_CODE,P_NAME,P_IPRICE,P_OPRICE) values ('P00035','(신)고구마깡',447,600);
Insert into TBL_PRODUCT (P_CODE,P_NAME,P_IPRICE,P_OPRICE) values ('P00038','(신)바나나킥',447,600);
Insert into TBL_PRODUCT (P_CODE,P_NAME,P_IPRICE,P_OPRICE) values ('P00043','(신)알새우칩',447,600);
Insert into TBL_PRODUCT (P_CODE,P_NAME,P_IPRICE,P_OPRICE) values ('P00047','(신)코닥KL2CR5-1',8945,12000);
Insert into TBL_PRODUCT (P_CODE,P_NAME,P_IPRICE,P_OPRICE) values ('P00054','1000이구동성베이컨',745,1000);
Insert into TBL_PRODUCT (P_CODE,P_NAME,P_IPRICE,P_OPRICE) values ('P00062','1500애니타임',1118,1500);
Insert into TBL_PRODUCT (P_CODE,P_NAME,P_IPRICE,P_OPRICE) values ('P00065','17차',1342,1800);
Insert into TBL_PRODUCT (P_CODE,P_NAME,P_IPRICE,P_OPRICE) values ('P00070','2000목캔디',1491,2000);
Insert into TBL_PRODUCT (P_CODE,P_NAME,P_IPRICE,P_OPRICE) values ('P00079','500눈초코송이',373,500);
Insert into TBL_PRODUCT (P_CODE,P_NAME,P_IPRICE,P_OPRICE) values ('P00083','6000모자',4473,6000);
Insert into TBL_PRODUCT (P_CODE,P_NAME,P_IPRICE,P_OPRICE) values ('P00089','PREMIER',1864,2500);
Insert into TBL_PRODUCT (P_CODE,P_NAME,P_IPRICE,P_OPRICE) values ('P00093','계란(3개입)',745,1000);
Insert into TBL_PRODUCT (P_CODE,P_NAME,P_IPRICE,P_OPRICE) values ('P00095','고구마형과자',1118,1500);
Insert into TBL_PRODUCT (P_CODE,P_NAME,P_IPRICE,P_OPRICE) values ('P00098','광동진광탕',522,700);
Insert into TBL_PRODUCT (P_CODE,P_NAME,P_IPRICE,P_OPRICE) values ('P00101','구름위에-중날',3355,4500);
Insert into TBL_PRODUCT (P_CODE,P_NAME,P_IPRICE,P_OPRICE) values ('P00105','귀마개',2236,3000);
Insert into TBL_PRODUCT (P_CODE,P_NAME,P_IPRICE,P_OPRICE) values ('P00106','김치사발면',596,800);
Insert into TBL_PRODUCT (P_CODE,P_NAME,P_IPRICE,P_OPRICE) values ('P00108','꼬깔(고소)',373,500);
Insert into TBL_PRODUCT (P_CODE,P_NAME,P_IPRICE,P_OPRICE) values ('P00117','농협-한라봉(180)',745,1000);
Insert into TBL_PRODUCT (P_CODE,P_NAME,P_IPRICE,P_OPRICE) values ('P00122','다이제샌드위치',745,1000);
Insert into TBL_PRODUCT (P_CODE,P_NAME,P_IPRICE,P_OPRICE) values ('P00125','더원(0.5)',1864,2500);
Insert into TBL_PRODUCT (P_CODE,P_NAME,P_IPRICE,P_OPRICE) values ('P00129','던힐발란스',1864,2500);
Insert into TBL_PRODUCT (P_CODE,P_NAME,P_IPRICE,P_OPRICE) values ('P00138','디지털CRV3',13418,18000);
Insert into TBL_PRODUCT (P_CODE,P_NAME,P_IPRICE,P_OPRICE) values ('P00143','라면',1864,2500);
Insert into TBL_PRODUCT (P_CODE,P_NAME,P_IPRICE,P_OPRICE) values ('P00145','레쓰비마일드 175㎖캔',447,600);
Insert into TBL_PRODUCT (P_CODE,P_NAME,P_IPRICE,P_OPRICE) values ('P00151','마일드세븐(갑)',1864,2500);
Insert into TBL_PRODUCT (P_CODE,P_NAME,P_IPRICE,P_OPRICE) values ('P00153','마일드세븐라이트(갑)',1864,2500);
Insert into TBL_PRODUCT (P_CODE,P_NAME,P_IPRICE,P_OPRICE) values ('P00158','말보로맨솔',1864,2500);
Insert into TBL_PRODUCT (P_CODE,P_NAME,P_IPRICE,P_OPRICE) values ('P00166','멀티비타 병',522,700);
Insert into TBL_PRODUCT (P_CODE,P_NAME,P_IPRICE,P_OPRICE) values ('P00169','멸균딸기',522,700);
Insert into TBL_PRODUCT (P_CODE,P_NAME,P_IPRICE,P_OPRICE) values ('P00173','무농약현미건빵',2236,3000);
Insert into TBL_PRODUCT (P_CODE,P_NAME,P_IPRICE,P_OPRICE) values ('P00177','미니쉘(딸)',447,600);
Insert into TBL_PRODUCT (P_CODE,P_NAME,P_IPRICE,P_OPRICE) values ('P00180','바로까페헤이즐넛',1118,1500);
Insert into TBL_PRODUCT (P_CODE,P_NAME,P_IPRICE,P_OPRICE) values ('P00187','버지니아울트라',2087,2800);
Insert into TBL_PRODUCT (P_CODE,P_NAME,P_IPRICE,P_OPRICE) values ('P00191','버터와플',1118,1500);
Insert into TBL_PRODUCT (P_CODE,P_NAME,P_IPRICE,P_OPRICE) values ('P00200','비타파워 210㎖병(박스)',969,1300);
Insert into TBL_PRODUCT (P_CODE,P_NAME,P_IPRICE,P_OPRICE) values ('P00205','뻥튀기',895,1200);
Insert into TBL_PRODUCT (P_CODE,P_NAME,P_IPRICE,P_OPRICE) values ('P00211','새우탕면',745,1000);
Insert into TBL_PRODUCT (P_CODE,P_NAME,P_IPRICE,P_OPRICE) values ('P00218','선글라스20000',14909,20000);
Insert into TBL_PRODUCT (P_CODE,P_NAME,P_IPRICE,P_OPRICE) values ('P00229','스윙칩',1491,2000);
Insert into TBL_PRODUCT (P_CODE,P_NAME,P_IPRICE,P_OPRICE) values ('P00232','신생녹차',969,1300);
Insert into TBL_PRODUCT (P_CODE,P_NAME,P_IPRICE,P_OPRICE) values ('P00238','씨리얼',522,700);
Insert into TBL_PRODUCT (P_CODE,P_NAME,P_IPRICE,P_OPRICE) values ('P00244','애니데이일반24',2236,3000);
Insert into TBL_PRODUCT (P_CODE,P_NAME,P_IPRICE,P_OPRICE) values ('P00248','엄마손파이',1118,1500);
Insert into TBL_PRODUCT (P_CODE,P_NAME,P_IPRICE,P_OPRICE) values ('P00257','오늘의차(혼합)',1118,1500);
Insert into TBL_PRODUCT (P_CODE,P_NAME,P_IPRICE,P_OPRICE) values ('P00263','오란씨소다 복숭아캔',596,800);
Insert into TBL_PRODUCT (P_CODE,P_NAME,P_IPRICE,P_OPRICE) values ('P00270','요플레(홈)',1118,1500);
Insert into TBL_PRODUCT (P_CODE,P_NAME,P_IPRICE,P_OPRICE) values ('P00346','클라우드1mg',2236,3000);
Insert into TBL_PRODUCT (P_CODE,P_NAME,P_IPRICE,P_OPRICE) values ('P00348','키세스아몬드',2236,3000);
Insert into TBL_PRODUCT (P_CODE,P_NAME,P_IPRICE,P_OPRICE) values ('P00352','타임라이트',1715,2300);
Insert into TBL_PRODUCT (P_CODE,P_NAME,P_IPRICE,P_OPRICE) values ('P00363','편지봉투(100매)',1118,1500);
Insert into TBL_PRODUCT (P_CODE,P_NAME,P_IPRICE,P_OPRICE) values ('P00366','포카칩',1491,2000);
Insert into TBL_PRODUCT (P_CODE,P_NAME,P_IPRICE,P_OPRICE) values ('P00372','프링글스오리지널소',1118,1500);
Insert into TBL_PRODUCT (P_CODE,P_NAME,P_IPRICE,P_OPRICE) values ('P00375','하이콜라겐',1118,1500);
Insert into TBL_PRODUCT (P_CODE,P_NAME,P_IPRICE,P_OPRICE) values ('P00377','핫쵸코',1118,1500);
Insert into TBL_PRODUCT (P_CODE,P_NAME,P_IPRICE,P_OPRICE) values ('P00380','허쉬너겟아몬드',373,500);
Insert into TBL_PRODUCT (P_CODE,P_NAME,P_IPRICE,P_OPRICE) values ('P00383','홈런볼초코(소)',745,1000);
Insert into TBL_PRODUCT (P_CODE,P_NAME,P_IPRICE,P_OPRICE) values ('P00391','휴대폰 119',2236,3000);
Insert into TBL_PRODUCT (P_CODE,P_NAME,P_IPRICE,P_OPRICE) values ('P00110','네스티',1118,1500);
Insert into TBL_PRODUCT (P_CODE,P_NAME,P_IPRICE,P_OPRICE) values ('P00141','땅콩강정',1491,2000);
Insert into TBL_PRODUCT (P_CODE,P_NAME,P_IPRICE,P_OPRICE) values ('P00150','마이쮸(딸기)',373,500);
Insert into TBL_PRODUCT (P_CODE,P_NAME,P_IPRICE,P_OPRICE) values ('P00175','미녀는 석류를 좋아해',1342,1800);
Insert into TBL_PRODUCT (P_CODE,P_NAME,P_IPRICE,P_OPRICE) values ('P00209','삼다수녹차',1118,1500);
Insert into TBL_PRODUCT (P_CODE,P_NAME,P_IPRICE,P_OPRICE) values ('P00224','솔의 눈 240㎖캔',745,1000);
Insert into TBL_PRODUCT (P_CODE,P_NAME,P_IPRICE,P_OPRICE) values ('P00266','오리온초코칩쿠키',522,700);
Insert into TBL_PRODUCT (P_CODE,P_NAME,P_IPRICE,P_OPRICE) values ('P00001',' 고 드 름(블루)',384,500);
Insert into TBL_PRODUCT (P_CODE,P_NAME,P_IPRICE,P_OPRICE) values ('P00009',' 빙하시대(파인)',384,500);
Insert into TBL_PRODUCT (P_CODE,P_NAME,P_IPRICE,P_OPRICE) values ('P00019',' 위    즐(커피)',2745,3560);
Insert into TBL_PRODUCT (P_CODE,P_NAME,P_IPRICE,P_OPRICE) values ('P00032',' 한 떨 기',549,710);
Insert into TBL_PRODUCT (P_CODE,P_NAME,P_IPRICE,P_OPRICE) values ('P00042','(신)알새우칠리새우맛',386,500);
Insert into TBL_PRODUCT (P_CODE,P_NAME,P_IPRICE,P_OPRICE) values ('P00055','1000초코칩쿠키',622,810);
Insert into TBL_PRODUCT (P_CODE,P_NAME,P_IPRICE,P_OPRICE) values ('P00060','1500 쵸코칩',976,1270);
Insert into TBL_PRODUCT (P_CODE,P_NAME,P_IPRICE,P_OPRICE) values ('P00068','2%부족할때DBH복숭아 500㎖펫',614,800);
Insert into TBL_PRODUCT (P_CODE,P_NAME,P_IPRICE,P_OPRICE) values ('P00084','6000카드',2049,2660);
Insert into TBL_PRODUCT (P_CODE,P_NAME,P_IPRICE,P_OPRICE) values ('P00097','광동위생천',221,290);
Insert into TBL_PRODUCT (P_CODE,P_NAME,P_IPRICE,P_OPRICE) values ('P00111','노래테이프',1147,1490);
Insert into TBL_PRODUCT (P_CODE,P_NAME,P_IPRICE,P_OPRICE) values ('P00119','누드빼빼로',413,540);
Insert into TBL_PRODUCT (P_CODE,P_NAME,P_IPRICE,P_OPRICE) values ('P00130','던힐프로스트',1434,1860);
Insert into TBL_PRODUCT (P_CODE,P_NAME,P_IPRICE,P_OPRICE) values ('P00136','디스(갑)',1475,1920);
Insert into TBL_PRODUCT (P_CODE,P_NAME,P_IPRICE,P_OPRICE) values ('P00144','라이코펜새우깡',515,670);
Insert into TBL_PRODUCT (P_CODE,P_NAME,P_IPRICE,P_OPRICE) values ('P00162','매직스-중날',2704,3510);
Insert into TBL_PRODUCT (P_CODE,P_NAME,P_IPRICE,P_OPRICE) values ('P00176','미녀는 석류를 좋아해180㎖캔',327,420);
Insert into TBL_PRODUCT (P_CODE,P_NAME,P_IPRICE,P_OPRICE) values ('P00189','버터구이진미45g',896,1160);
Insert into TBL_PRODUCT (P_CODE,P_NAME,P_IPRICE,P_OPRICE) values ('P00204','뻥소리',1639,2130);
Insert into TBL_PRODUCT (P_CODE,P_NAME,P_IPRICE,P_OPRICE) values ('P00208','삼각대 중',13934,18090);
Insert into TBL_PRODUCT (P_CODE,P_NAME,P_IPRICE,P_OPRICE) values ('P00220','셀렘원',1844,2390);
Insert into TBL_PRODUCT (P_CODE,P_NAME,P_IPRICE,P_OPRICE) values ('P00228','스위스헤이즐넛초콜릿',655,850);
Insert into TBL_PRODUCT (P_CODE,P_NAME,P_IPRICE,P_OPRICE) values ('P00243','암바사캔',352,460);
Insert into TBL_PRODUCT (P_CODE,P_NAME,P_IPRICE,P_OPRICE) values ('P00252','에이스',1311,1700);
Insert into TBL_PRODUCT (P_CODE,P_NAME,P_IPRICE,P_OPRICE) values ('P00260','오라떼크림소다',573,740);
Insert into TBL_PRODUCT (P_CODE,P_NAME,P_IPRICE,P_OPRICE) values ('P00267','오징어 버터구이 40g',919,1190);
Insert into TBL_PRODUCT (P_CODE,P_NAME,P_IPRICE,P_OPRICE) values ('P00286','자기야홍삼을왜마셔?',327,420);
Insert into TBL_PRODUCT (P_CODE,P_NAME,P_IPRICE,P_OPRICE) values ('P00302','참ing(크리미버터)',983,1280);
Insert into TBL_PRODUCT (P_CODE,P_NAME,P_IPRICE,P_OPRICE) values ('P00324','카프리선(오렌지)',286,370);
Insert into TBL_PRODUCT (P_CODE,P_NAME,P_IPRICE,P_OPRICE) values ('P00344','큰집식혜',272,350);
Insert into TBL_PRODUCT (P_CODE,P_NAME,P_IPRICE,P_OPRICE) values ('P00354','통크',436,570);
Insert into TBL_PRODUCT (P_CODE,P_NAME,P_IPRICE,P_OPRICE) values ('P00357','트윅스싱글',524,680);
Insert into TBL_PRODUCT (P_CODE,P_NAME,P_IPRICE,P_OPRICE) values ('P00360','팬시라이너',1721,2230);
Insert into TBL_PRODUCT (P_CODE,P_NAME,P_IPRICE,P_OPRICE) values ('P00368','프론티어',1844,2390);
Insert into TBL_PRODUCT (P_CODE,P_NAME,P_IPRICE,P_OPRICE) values ('P00379','허밍타임멘솔',1696,2200);
Insert into TBL_PRODUCT (P_CODE,P_NAME,P_IPRICE,P_OPRICE) values ('P00389','후레쉬믹스',573,740);
--------------------------------------------------------
--  DDL for Index SYS_C007064
--------------------------------------------------------

  CREATE UNIQUE INDEX "SYS_C007064" ON "TBL_DEPT" ("D_CODE") 
  ;
--------------------------------------------------------
--  DDL for Index UQ_NAME_CEO
--------------------------------------------------------

  CREATE UNIQUE INDEX "UQ_NAME_CEO" ON "TBL_DEPT" ("D_NAME", "D_CEO") 
  ;
--------------------------------------------------------
--  DDL for Index SYS_C007058
--------------------------------------------------------

  CREATE UNIQUE INDEX "SYS_C007058" ON "TBL_IOLIST" ("IO_SEQ") 
  ;
--------------------------------------------------------
--  DDL for Index SYS_C007061
--------------------------------------------------------

  CREATE UNIQUE INDEX "SYS_C007061" ON "TBL_PRODUCT" ("P_CODE") 
  ;
--------------------------------------------------------
--  Constraints for Table TBL_DEPT
--------------------------------------------------------

  ALTER TABLE "TBL_DEPT" ADD CONSTRAINT "UQ_NAME_CEO" UNIQUE ("D_NAME", "D_CEO") ENABLE;
  ALTER TABLE "TBL_DEPT" ADD PRIMARY KEY ("D_CODE") ENABLE;
  ALTER TABLE "TBL_DEPT" MODIFY ("D_CEO" NOT NULL ENABLE);
  ALTER TABLE "TBL_DEPT" MODIFY ("D_NAME" NOT NULL ENABLE);
--------------------------------------------------------
--  Constraints for Table TBL_IOLIST
--------------------------------------------------------

  ALTER TABLE "TBL_IOLIST" ADD PRIMARY KEY ("IO_SEQ") ENABLE;
  ALTER TABLE "TBL_IOLIST" MODIFY ("IO_QTY" NOT NULL ENABLE);
  ALTER TABLE "TBL_IOLIST" MODIFY ("IO_INOUT" NOT NULL ENABLE);
  ALTER TABLE "TBL_IOLIST" MODIFY ("IO_DATE" NOT NULL ENABLE);
  ALTER TABLE "TBL_IOLIST" MODIFY ("IO_SEQ" NOT NULL ENABLE);
--------------------------------------------------------
--  Constraints for Table TBL_PRODUCT
--------------------------------------------------------

  ALTER TABLE "TBL_PRODUCT" ADD PRIMARY KEY ("P_CODE") ENABLE;
  ALTER TABLE "TBL_PRODUCT" MODIFY ("P_NAME" NOT NULL ENABLE);
  ALTER TABLE "TBL_PRODUCT" MODIFY ("P_CODE" NOT NULL ENABLE);
